<?xml version="1.0" encoding="UTF-8" standalone="yes"?>
<definitions xmlns="http://www.omg.org/spec/BPMN/20100524/MODEL" xmlns:activiti="http://activiti.org/bpmn" xmlns:amv="http://www.gumballsoftware.com/amv" xmlns:bpmndi="http://www.omg.org/spec/BPMN/20100524/DI" xmlns:dc="http://www.omg.org/spec/DD/20100524/DC" xmlns:di="http://www.omg.org/spec/DD/20100524/DI" xmlns:tns="http://sourceforge.net/bpmn/definitions/_1420394188414" xmlns:xsd="http://www.w3.org/2001/XMLSchema" xmlns:xsi="http://www.w3.org/2001/XMLSchema-instance" xmlns:yaoqiang="http://bpmn.sourceforge.net" exporter="Yaoqiang BPMN Editor" exporterVersion="4.0" expressionLanguage="http://www.w3.org/1999/XPath" id="_1420394188414" name="Steering" targetNamespace="http://sourceforge.net/bpmn/definitions/_1420394188414" typeLanguage="http://www.w3.org/2001/XMLSchema" xsi:schemaLocation="http://www.omg.org/spec/BPMN/20100524/MODEL http://bpmn.sourceforge.net/schemas/BPMN20.xsd">
  <signal id="setSteeringSignalID" name="setSteering"/>
  <signal id="missionStartSignalID" name="missionStart"/>
  <signal id="missionStopSignalID" name="missionStop"/>
  <process id="STEERING_PROCESS" isClosed="false" isExecutable="true" processType="None">
    <extensionElements>
      <yaoqiang:pageFormat height="841.8897637795276" imageableHeight="831.8897637795276" imageableWidth="588.1102362204724" imageableX="5.0" imageableY="5.0" orientation="0" width="598.1102362204724"/>
      <yaoqiang:page background="#FFFFFF" horizontalCount="1" verticalCount="1"/>
    </extensionElements>
    <serviceTask activiti:expression="#{serialPortManager.writeCommand('steeringHandle', 'navCourse')}" completionQuantity="1" id="setSteeringServoTaskID" implementation="##WebService" isForCompensation="false" name="setSteeringServo" startQuantity="1">
      <incoming>goToSetSteeringServoID</incoming>
      <outgoing>_12</outgoing>
    </serviceTask>
    <sequenceFlow id="goToInitCommID" sourceRef="missionStartEventID" targetRef="initCommTaskID"/>
    <serviceTask activiti:expression="#{serialPortManager.connectToDevice('steeringHandle', '/dev/ttyACM0')}" activiti:resultVariable="steeringHandle" completionQuantity="1" id="initCommTaskID" implementation="##WebService" isForCompensation="false" name="initComm" startQuantity="1">
      <incoming>goToInitCommID</incoming>
      <outgoing>goToSteerLoopID</outgoing>
    </serviceTask>
    <sequenceFlow id="goToSteerLoopID" sourceRef="initCommTaskID" targetRef="_4"/>
    <sequenceFlow id="goToSetSteeringServoID" sourceRef="catchCourseChangeEventID" targetRef="setSteeringServoTaskID"/>
    <startEvent id="missionStartEventID" isInterrupting="true" name="Mission Started" parallelMultiple="false">
      <outgoing>goToInitCommID</outgoing>
      <signalEventDefinition id="missionStartSignal" signalRef="missionStartSignalID"/>
    </startEvent>
    <sequenceFlow id="_12" sourceRef="setSteeringServoTaskID" targetRef="catchCourseChangeEventID"/>
    <intermediateCatchEvent id="catchCourseChangeEventID" name="Wait for Course Change" parallelMultiple="false">
      <incoming>stopEvent1ID</incoming>
      <incoming>_12</incoming>
      <incoming>_5</incoming>
      <outgoing>goToSetSteeringServoID</outgoing>
      <signalEventDefinition id="steeringSignalEventDefinition" signalRef="setSteeringSignalID"/>
    </intermediateCatchEvent>
    <sequenceFlow id="_5" sourceRef="_4" targetRef="catchCourseChangeEventID"/>
    <parallelGateway gatewayDirection="Diverging" id="_4" name="Parallel Gateway">
      <incoming>goToSteerLoopID</incoming>
      <outgoing>_5</outgoing>
      <outgoing>_7</outgoing>
    </parallelGateway>
    <intermediateCatchEvent id="_2" name="Wait for Mission Stop" parallelMultiple="false">
      <incoming>_7</incoming>
      <outgoing>_8</outgoing>
      <signalEventDefinition id="_2_ED_1" signalRef="missionStopID"/>
    </intermediateCatchEvent>
    <sequenceFlow id="_7" sourceRef="_4" targetRef="_2"/>
    <endEvent id="_6" name="End Event">
      <incoming>_8</incoming>
    </endEvent>
    <sequenceFlow id="_8" sourceRef="_2" targetRef="_6"/>
  </process>
  <bpmndi:BPMNDiagram id="Yaoqiang_Diagram-_1" name="Untitled Diagram" resolution="96.0">
    <bpmndi:BPMNPlane bpmnElement="STEERING_PROCESS">
      <bpmndi:BPMNShape bpmnElement="initCommTaskID" id="Yaoqiang-initCommTaskID">
        <dc:Bounds height="55.0" width="85.0" x="322.0" y="204.0"/>
        <bpmndi:BPMNLabel>
          <dc:Bounds height="18.8046875" width="60.0" x="334.5" y="224.09765625"/>
        </bpmndi:BPMNLabel>
      </bpmndi:BPMNShape>
      <bpmndi:BPMNShape bpmnElement="setSteeringServoTaskID" id="Yaoqiang-setSteeringServoTaskID">
        <dc:Bounds height="55.0" width="85.0" x="624.0" y="441.0"/>
        <bpmndi:BPMNLabel>
          <dc:Bounds height="32.8046875" width="72.0" x="630.5" y="454.09765625000006"/>
        </bpmndi:BPMNLabel>
      </bpmndi:BPMNShape>
      <bpmndi:BPMNShape bpmnElement="missionStartEventID" id="Yaoqiang-missionStartEventID">
        <dc:Bounds height="32.0" width="32.0" x="161.0" y="215.0"/>
        <bpmndi:BPMNLabel>
          <dc:Bounds height="18.8046875" width="95.0" x="129.5" y="256.37890625"/>
        </bpmndi:BPMNLabel>
      </bpmndi:BPMNShape>
      <bpmndi:BPMNShape bpmnElement="catchCourseChangeEventID" id="Yaoqiang-catchCourseChangeEventID">
        <dc:Bounds height="32.0" width="32.0" x="655.0" y="287.0"/>
        <bpmndi:BPMNLabel>
          <dc:Bounds height="18.8046875" width="141.0" x="600.5" y="328.37890625"/>
        </bpmndi:BPMNLabel>
      </bpmndi:BPMNShape>
      <bpmndi:BPMNShape bpmnElement="_4" id="Yaoqiang-_4">
        <dc:Bounds height="42.0" width="42.0" x="509.8333333333333" y="207.27777777777783"/>
        <bpmndi:BPMNLabel>
          <dc:Bounds height="18.8046875" width="101.0" x="480.33333333333337" y="251.27777777777783"/>
        </bpmndi:BPMNLabel>
      </bpmndi:BPMNShape>
      <bpmndi:BPMNShape bpmnElement="_2" id="Yaoqiang-_2">
        <dc:Bounds height="32.0" width="32.0" x="662.0" y="137.0"/>
        <bpmndi:BPMNLabel>
          <dc:Bounds height="18.8046875" width="126.0" x="615.0" y="178.37890625"/>
        </bpmndi:BPMNLabel>
      </bpmndi:BPMNShape>
      <bpmndi:BPMNShape bpmnElement="_6" id="Yaoqiang-_6">
        <dc:Bounds height="32.0" width="32.0" x="911.1666666666666" y="137.3888888888889"/>
        <bpmndi:BPMNLabel>
          <dc:Bounds height="18.8046875" width="62.0" x="896.1666666666666" y="177.9865451388889"/>
        </bpmndi:BPMNLabel>
      </bpmndi:BPMNShape>
      <bpmndi:BPMNEdge bpmnElement="goToInitCommID" id="Yaoqiang-goToInitCommID">
        <di:waypoint x="193.05082877710754" y="231.0"/>
        <di:waypoint x="322.05555555555554" y="231.5"/>
        <bpmndi:BPMNLabel>
          <dc:Bounds height="18.8046875" width="6.0" x="254.5" y="221.90084841633154"/>
        </bpmndi:BPMNLabel>
      </bpmndi:BPMNEdge>
      <bpmndi:BPMNEdge bpmnElement="goToSteerLoopID" id="Yaoqiang-goToSteerLoopID">
        <di:waypoint x="407.05555555555554" y="230.72222222222223"/>
        <di:waypoint x="493.9444444444444" y="230.72222222222223"/>
        <di:waypoint x="512.1666666666666" y="230.72222222222223"/>
        <bpmndi:BPMNLabel>
          <dc:Bounds height="18.8046875" width="6.0" x="456.6111111111111" y="221.31987847222223"/>
        </bpmndi:BPMNLabel>
      </bpmndi:BPMNEdge>
      <bpmndi:BPMNEdge bpmnElement="_12" id="Yaoqiang-_12">
        <di:waypoint x="709.0555555555555" y="468.50000000000006"/>
        <di:waypoint x="747.0" y="508.0"/>
        <di:waypoint x="687.0508287771075" y="303.0"/>
        <bpmndi:BPMNLabel>
          <dc:Bounds height="18.8046875" width="6.0" x="744.0" y="365.34529286077606"/>
        </bpmndi:BPMNLabel>
      </bpmndi:BPMNEdge>
      <bpmndi:BPMNEdge bpmnElement="_8" id="Yaoqiang-_8">
        <di:waypoint x="694.0508287771075" y="153.0"/>
        <di:waypoint x="911.057098839861" y="153.3888888888889"/>
        <bpmndi:BPMNLabel>
          <dc:Bounds height="18.8046875" width="6.0" x="799.5833333333334" y="143.76273116959538"/>
        </bpmndi:BPMNLabel>
      </bpmndi:BPMNEdge>
      <bpmndi:BPMNEdge bpmnElement="_7" id="Yaoqiang-_7">
        <di:waypoint x="529.5" y="209.16666666666669"/>
        <di:waypoint x="529.5" y="178.50000000000003"/>
        <di:waypoint x="662.0602823340035" y="153.0"/>
        <bpmndi:BPMNLabel>
          <dc:Bounds height="18.8046875" width="6.0" x="564.6968078336685" y="143.59765625"/>
        </bpmndi:BPMNLabel>
      </bpmndi:BPMNEdge>
      <bpmndi:BPMNEdge bpmnElement="_5" id="Yaoqiang-_5">
        <di:waypoint x="551.7222222222223" y="228.27777777777783"/>
        <di:waypoint x="673.9444444444445" y="257.3888888888889"/>
        <di:waypoint x="673.9444444444445" y="286.8740745099065"/>
        <bpmndi:BPMNLabel>
          <dc:Bounds height="18.8046875" width="6.0" x="639.1314816993977" y="218.87543402777783"/>
        </bpmndi:BPMNLabel>
      </bpmndi:BPMNEdge>
      <bpmndi:BPMNEdge bpmnElement="goToSetSteeringServoID" id="Yaoqiang-goToSetSteeringServoID">
        <di:waypoint x="655.0602823340035" y="303.0"/>
        <di:waypoint x="589.0" y="368.0"/>
        <di:waypoint x="624.0555555555555" y="468.50000000000006"/>
        <bpmndi:BPMNLabel>
          <dc:Bounds height="18.8046875" width="6.0" x="586.0" y="360.84529286077606"/>
        </bpmndi:BPMNLabel>
      </bpmndi:BPMNEdge>
    </bpmndi:BPMNPlane>
  </bpmndi:BPMNDiagram>
</definitions>
