<?xml version="1.0" encoding="UTF-8" standalone="yes"?>
<definitions xmlns="http://www.omg.org/spec/BPMN/20100524/MODEL" xmlns:activiti="http://activiti.org/bpmn" xmlns:bpmndi="http://www.omg.org/spec/BPMN/20100524/DI" xmlns:omgdc="http://www.omg.org/spec/DD/20100524/DC" xmlns:omgdi="http://www.omg.org/spec/DD/20100524/DI" xmlns:tns="http://www.activiti.org/test" xmlns:xsd="http://www.w3.org/2001/XMLSchema" xmlns:xsi="http://www.w3.org/2001/XMLSchema-instance" expressionLanguage="http://www.w3.org/1999/XPath" id="m1513771084642" name="" targetNamespace="http://www.activiti.org/test" typeLanguage="http://www.w3.org/2001/XMLSchema">
  <process id="askForLeaveProcess" isClosed="false" isExecutable="true" name="请假流程图" processType="None">
    <startEvent id="_start" name="start process."/>
    <endEvent id="_end" name="end process."/>

    <!--用户提交请假流程-->
    <userTask id="_user" name="user submit leave."
            activiti:candidateUsers="${joinService.findUsers(execution)}"
            activiti:exclusive="true"
              isForCompensation="true">
      <extensionElements>
        <activiti:executionListener event="start" delegateExpression="${taskCreateHandler}"/>
        <activiti:executionListener event="end" delegateExpression="${taskCreateHandler}"/>
      </extensionElements>
    </userTask>

    <sequenceFlow id="_5" sourceRef="_start" targetRef="_user"/>
    <!--经理审批流程-->
    <userTask activiti:exclusive="true" id="_managerApply" name="manager apply."/>
    <sequenceFlow id="_3" sourceRef="_managerApply" targetRef="_end"/>
    <sequenceFlow id="_4" sourceRef="_user" targetRef="_managerApply"/>
  </process>

  <bpmndi:BPMNDiagram documentation="background=#3C3F41;count=1;horizontalcount=1;orientation=0;width=842.4;height=1195.2;imageableWidth=832.4;imageableHeight=1185.2;imageableX=5.0;imageableY=5.0" id="Diagram-_1" name="New Diagram">
    <bpmndi:BPMNPlane bpmnElement="askForLeaveProcess">
      <bpmndi:BPMNShape bpmnElement="_start" id="Shape-_start">
        <omgdc:Bounds height="32.0" width="32.0" x="215.0" y="70.0"/>
        <bpmndi:BPMNLabel>
          <omgdc:Bounds height="32.0" width="32.0" x="0.0" y="0.0"/>
        </bpmndi:BPMNLabel>
      </bpmndi:BPMNShape>
      <bpmndi:BPMNShape bpmnElement="_end" id="Shape-_end">
        <omgdc:Bounds height="32.0" width="32.0" x="215.0" y="375.0"/>
        <bpmndi:BPMNLabel>
          <omgdc:Bounds height="32.0" width="32.0" x="0.0" y="0.0"/>
        </bpmndi:BPMNLabel>
      </bpmndi:BPMNShape>
      <bpmndi:BPMNShape bpmnElement="_user" id="Shape-_user">
        <omgdc:Bounds height="55.0" width="85.0" x="190.0" y="160.0"/>
        <bpmndi:BPMNLabel>
          <omgdc:Bounds height="55.0" width="85.0" x="0.0" y="0.0"/>
        </bpmndi:BPMNLabel>
      </bpmndi:BPMNShape>
      <bpmndi:BPMNShape bpmnElement="_managerApply" id="Shape-_2">
        <omgdc:Bounds height="55.0" width="85.0" x="190.0" y="265.0"/>
        <bpmndi:BPMNLabel>
          <omgdc:Bounds height="55.0" width="85.0" x="0.0" y="0.0"/>
        </bpmndi:BPMNLabel>
      </bpmndi:BPMNShape>
      <bpmndi:BPMNEdge bpmnElement="_3" id="BPMNEdge__3" sourceElement="_2" targetElement="_end">
        <omgdi:waypoint x="231.0" y="320.0"/>
        <omgdi:waypoint x="231.0" y="375.0"/>
        <bpmndi:BPMNLabel>
          <omgdc:Bounds height="0.0" width="0.0" x="0.0" y="0.0"/>
        </bpmndi:BPMNLabel>
      </bpmndi:BPMNEdge>
      <bpmndi:BPMNEdge bpmnElement="_4" id="BPMNEdge__4" sourceElement="_user" targetElement="_2">
        <omgdi:waypoint x="232.5" y="215.0"/>
        <omgdi:waypoint x="232.5" y="265.0"/>
        <bpmndi:BPMNLabel>
          <omgdc:Bounds height="0.0" width="0.0" x="0.0" y="0.0"/>
        </bpmndi:BPMNLabel>
      </bpmndi:BPMNEdge>
      <bpmndi:BPMNEdge bpmnElement="_5" id="BPMNEdge__5" sourceElement="_start" targetElement="_user">
        <omgdi:waypoint x="231.0" y="102.0"/>
        <omgdi:waypoint x="231.0" y="160.0"/>
        <bpmndi:BPMNLabel>
          <omgdc:Bounds height="0.0" width="0.0" x="0.0" y="0.0"/>
        </bpmndi:BPMNLabel>
      </bpmndi:BPMNEdge>
    </bpmndi:BPMNPlane>
  </bpmndi:BPMNDiagram>
</definitions>
