{
	"title":"BPMN 2.0 Compliance Template Extension",
	"title_de":"BPMN 2.0 Compliance Template Erweiterung",
	"namespace":"http://oryx-editor.org/stencilsets/extensions/bpmnComplianceTemplate#",
	"description":"Extension to BPMN 2.0 to work with compliance templates.",
	"extends":"http://b3mn.org/stencilset/bpmn2.0#",
	"propertyPackages" : [
	],
	"stencils":[
		{
			"type" : 			"node",
			"id": 				"Region",
			"title" : 			"Region",
			"title_de" : 		"Region",
			"groups" : 			["Activities"],
			"groups_de" :		["Aktivitäten"],
			"description" : 	"A Region is a place holder for activities to be inserted",
			"description_de" : 	"Eine Region ist ein Platzhalter für das Einfügen neuer Aktivitäten.",
			"view" : 			"../../extensions/bpmn2.0complianceTemplate/view/region.svg",
			"icon" : 			"../../extensions/bpmn2.0complianceTemplate/icons/region.png",
			"layout" : 			[
 									{"type" : "layout.bpmn2_0.subprocess"},
 									{"type" : "layout.container.dockers"},
 									{
 										"type" : "layout.container.minBounds",
 										"options" : {
 											"fixedX" : true,
 											"ignoreChildsWithId" : [
 												"http://b3mn.org/stencilset/bpmn2.0#Lane",
 												"http://b3mn.org/stencilset/bpmn2.0#StartNoneEvent"
 											]
 										}
 									}
 								],

			"properties" :		[
				{
					"id":"activitytype",
					"type":"String",
					"title":"ActivityType",
					"title_de":"Aktivitätstyp",
					"value":"Sub-Process",
					"value_de":"Unterprozess",
					"description":"The Type of Activity.",
					"description_de":"Typ der Aktivität",
					"readonly":true,
					"optional":false,
					"length":""
				},
				{
					"id":"bgcolor",
					"type":"Color",
					"title":"BackgroundColor",
					"title_de":"Hintergrundfarbe",
					"value":"#ffffff",
					"description":"",
					"readonly":false,
					"optional":false,
					"refToView":"fill_el",
					"fill":true,
					"stroke":false
				},	
				{
					"id":"name",
					"type":"String",
					"title":"Name",
					"value":"",
					"description":"The descriptive name of the BPMN element.",
					"description_de":"Bezeichnung des BPMN-Elementes.",
					"readonly":false,
					"optional":true,
					"length":"",
					"wrapLines" : true,
					"refToView":"text_name"	
				},
				
				{
					"id":"complianceDescriptor",
					"type":"String",
					"title":"Compliance Descriptor",
					"title_de":"Compliance Descriptor",
					"value":"",
					"description":"",
					"readonly":false,
					"optional":true,
					"refToView":"fill_el",
					"fill":true,
					"stroke":false
				}
			],
			"roles" : 			[
				"all",
				"canContainArtifacts", 
				"subprocess"		]
			
		}
	
	], 
		"properties": [
		{
			"roles": [
				"Task"
			],
			"properties": [
				{
					"id":"membership",
					"type":"String",
					"title":"Compliance Scope Membership",
					"title_de":"Zugehörigkeit zu Compliance Scopes",
					"value":"",
					"description":"",
					"readonly":false,
					"optional":true,
					"refToView":"",
					"length":"50",
					"wrapLines":true
                }
            ]
        }
	]
	
}