{
	"title":"BPMN Subset for Service Composition",
	"namespace":"http://oryx-editor.org/stencilsets/extensions/bpmnservicecompositionsubset#",
	"description":"A basic subset of BPMN that can be used in the Service Composer.",
	"extends":"http://b3mn.org/stencilset/bpmn1.1#",
	"stencils":[],
	"properties":[],
	"rules": {
		"connectionRules": [],
        "cardinalityRules": [],
		"containmentRules": []
	},
	"removestencils": [
		"CollapsedSubprocess",
		"Subprocess",
		"Exclusive_Eventbased_Gateway",
		"OR_Gateway",
		"Complex_Gateway",
		"Pool",
		"CollapsedPool",
		"Lane",
		"Group",
		"TextAnnotation",
		"StartTimerEvent",
		"StartConditionalEvent",
		"StartSignalEvent",
		"StartMultipleEvent",
		"IntermediateEvent",
		"IntermediateMessageEventCatching",
		"IntermediateMessageEventThrowing",
		"IntermediateTimerEvent",
		"IntermediateErrorEvent",
		"IntermediateCancelEvent",
		"IntermediateCompensationEventCatching",
		"IntermediateCompensationEventThrowing",
		"IntermediateConditionalEvent",
		"IntermediateSignalEventCatching",
		"IntermediateSignalEventThrowing",
		"IntermediateMultipleEventCatching",
		"IntermediateMultipleEventThrowing",
		"IntermediateLinkEventCatching",
		"IntermediateLinkEventThrowing",
		"EndMessageEvent",
		"EndErrorEvent",
		"EndCancelEvent",
		"EndCompensationEvent",
		"EndSignalEvent",
		"EndMultipleEvent",
		"EndTerminateEvent",
		"MessageFlow",
		"Association_Undirected",
		"Association_Bidirectional"
	],
	"removeproperties": [
		{
			"stencil": "Task",
			"properties": [
				"categories",
				"documentation",
				"assignments",
				"pool",
				"lanes",
				"status",
				"performers",
				"properties",
				"inputsets",
				"inputs",
				"outputsets",
				"outputs",
				"iorules",
				"startquantity",
				"completionquantity",
				"loopcondition",
				"loopcounter",
				"loopmaximum",
				"testtime",
				"mi_condition",
				"mi_ordering",
				"mi_flowcondition",
				"complexmi_condition",
				"tasktype",
				"inmessage",
				"outmessage",
				"implementation",
				"messageref",
				"instantiate",
				"performers",
				"script",
				"taskref"
			]
		}
	]
}
