<?xml version="1.0" encoding="UTF-8" standalone="yes"?>
<definitions xmlns="http://www.omg.org/spec/BPMN/20100524/MODEL" xmlns:activiti="http://activiti.org/bpmn" xmlns:bpmndi="http://www.omg.org/spec/BPMN/20100524/DI" xmlns:omgdc="http://www.omg.org/spec/DD/20100524/DC" xmlns:omgdi="http://www.omg.org/spec/DD/20100524/DI" xmlns:tns="http://www.activiti.org/test" xmlns:xsd="http://www.w3.org/2001/XMLSchema" xmlns:xsi="http://www.w3.org/2001/XMLSchema-instance" expressionLanguage="http://www.w3.org/1999/XPath" id="m1520474897463" name="" targetNamespace="http://www.activiti.org/test" typeLanguage="http://www.w3.org/2001/XMLSchema">
  <process id="TOWN_FLOW" isClosed="false" isExecutable="true" name="town_flow" processType="None">
    <startEvent id="_2" name="开始"/>
    <userTask activiti:exclusive="true" id="townprin" name="镇区业务负责人">
      <extensionElements>
        <activiti:taskListener class="com.natCn.Swagger2Spring.listener.TestListener" event="delete"/>
      </extensionElements>
    </userTask>
    <userTask activiti:exclusive="true" id="caretaker" name="看管人员"/>
    <sequenceFlow id="_10" name="主动分配" sourceRef="townprin" targetRef="caretaker"/>
    <userTask activiti:exclusive="true" id="directord_examines" name="支局长审批"/>
    <sequenceFlow id="_12" sourceRef="caretaker" targetRef="directord_examines"/>
    <exclusiveGateway gatewayDirection="Unspecified" id="examines" name="审批"/>
    <sequenceFlow id="_3" name="不通过" sourceRef="examines" targetRef="caretaker">
      <conditionExpression xsi:type="tFormalExpression"><![CDATA[${examines==false}]]></conditionExpression>
    </sequenceFlow>
    <sequenceFlow id="_4" sourceRef="directord_examines" targetRef="examines"/>
    <userTask activiti:exclusive="true" id="warden" name="片区代表"/>
    <sequenceFlow id="_9" name="通过" sourceRef="examines" targetRef="warden">
      <conditionExpression xsi:type="tFormalExpression"><![CDATA[${examines==true}]]></conditionExpression>
    </sequenceFlow>
    <exclusiveGateway gatewayDirection="Unspecified" id="examines2" name="审批"/>
    <sequenceFlow id="_14" sourceRef="warden" targetRef="examines2"/>
    <sequenceFlow id="_15" name="不通过" sourceRef="examines2" targetRef="directord_examines">
      <conditionExpression xsi:type="tFormalExpression"><![CDATA[${examines==false}]]></conditionExpression>
    </sequenceFlow>
    <endEvent id="_16" name="结束"/>
    <sequenceFlow id="_17" name="通过" sourceRef="examines2" targetRef="_16">
      <conditionExpression xsi:type="tFormalExpression"><![CDATA[${examines==true}]]></conditionExpression>
    </sequenceFlow>
    <serviceTask activiti:class="com.natCn.Swagger2Spring.listener.AutoTaskListener" activiti:exclusive="true" id="autotask" name="系统自动分配"/>
    <sequenceFlow id="_8" sourceRef="autotask" targetRef="townprin"/>
    <serviceTask activiti:class="com.natCn.Swagger2Spring.listener.AutoTaskListener" activiti:exclusive="true" id="director" name="支局长发布任务"/>
    <sequenceFlow id="_13" sourceRef="_2" targetRef="director"/>
    <sequenceFlow id="_18" sourceRef="director" targetRef="autotask"/>
  </process>
  <bpmndi:BPMNDiagram documentation="background=#FFFFFF;count=1;horizontalcount=1;orientation=0;width=842.4;height=1195.2;imageableWidth=832.4;imageableHeight=1185.2;imageableX=5.0;imageableY=5.0" id="Diagram-_1" name="New Diagram">
    <bpmndi:BPMNPlane bpmnElement="TOWN_FLOW">
      <bpmndi:BPMNShape bpmnElement="_2" id="Shape-_2">
        <omgdc:Bounds height="32.0" width="32.0" x="225.0" y="5.0"/>
        <bpmndi:BPMNLabel>
          <omgdc:Bounds height="32.0" width="32.0" x="0.0" y="0.0"/>
        </bpmndi:BPMNLabel>
      </bpmndi:BPMNShape>
      <bpmndi:BPMNShape bpmnElement="townprin" id="Shape-townprin">
        <omgdc:Bounds height="55.0" width="85.0" x="195.0" y="370.0"/>
        <bpmndi:BPMNLabel>
          <omgdc:Bounds height="55.0" width="85.0" x="0.0" y="0.0"/>
        </bpmndi:BPMNLabel>
      </bpmndi:BPMNShape>
      <bpmndi:BPMNShape bpmnElement="caretaker" id="Shape-caretaker">
        <omgdc:Bounds height="55.0" width="85.0" x="195.0" y="500.0"/>
        <bpmndi:BPMNLabel>
          <omgdc:Bounds height="55.0" width="85.0" x="0.0" y="0.0"/>
        </bpmndi:BPMNLabel>
      </bpmndi:BPMNShape>
      <bpmndi:BPMNShape bpmnElement="directord_examines" id="Shape-directord_examines">
        <omgdc:Bounds height="55.0" width="85.0" x="195.0" y="600.0"/>
        <bpmndi:BPMNLabel>
          <omgdc:Bounds height="55.0" width="85.0" x="0.0" y="0.0"/>
        </bpmndi:BPMNLabel>
      </bpmndi:BPMNShape>
      <bpmndi:BPMNShape bpmnElement="examines" id="Shape-examines" isMarkerVisible="false">
        <omgdc:Bounds height="32.0" width="32.0" x="225.0" y="700.0"/>
        <bpmndi:BPMNLabel>
          <omgdc:Bounds height="32.0" width="32.0" x="0.0" y="0.0"/>
        </bpmndi:BPMNLabel>
      </bpmndi:BPMNShape>
      <bpmndi:BPMNShape bpmnElement="warden" id="Shape-warden">
        <omgdc:Bounds height="55.0" width="85.0" x="200.0" y="810.0"/>
        <bpmndi:BPMNLabel>
          <omgdc:Bounds height="55.0" width="85.0" x="0.0" y="0.0"/>
        </bpmndi:BPMNLabel>
      </bpmndi:BPMNShape>
      <bpmndi:BPMNShape bpmnElement="examines2" id="Shape-examines2" isMarkerVisible="false">
        <omgdc:Bounds height="32.0" width="32.0" x="220.0" y="935.0"/>
        <bpmndi:BPMNLabel>
          <omgdc:Bounds height="32.0" width="32.0" x="0.0" y="0.0"/>
        </bpmndi:BPMNLabel>
      </bpmndi:BPMNShape>
      <bpmndi:BPMNShape bpmnElement="_16" id="Shape-_16">
        <omgdc:Bounds height="32.0" width="32.0" x="220.0" y="1045.0"/>
        <bpmndi:BPMNLabel>
          <omgdc:Bounds height="32.0" width="32.0" x="0.0" y="0.0"/>
        </bpmndi:BPMNLabel>
      </bpmndi:BPMNShape>
      <bpmndi:BPMNShape bpmnElement="autotask" id="Shape-autotask">
        <omgdc:Bounds height="55.0" width="85.0" x="195.0" y="220.0"/>
        <bpmndi:BPMNLabel>
          <omgdc:Bounds height="55.0" width="85.0" x="0.0" y="0.0"/>
        </bpmndi:BPMNLabel>
      </bpmndi:BPMNShape>
      <bpmndi:BPMNShape bpmnElement="director" id="Shape-director">
        <omgdc:Bounds height="55.0" width="85.0" x="195.0" y="105.0"/>
        <bpmndi:BPMNLabel>
          <omgdc:Bounds height="55.0" width="85.0" x="0.0" y="0.0"/>
        </bpmndi:BPMNLabel>
      </bpmndi:BPMNShape>
      <bpmndi:BPMNEdge bpmnElement="_13" id="BPMNEdge__13" sourceElement="_2" targetElement="_6">
        <omgdi:waypoint x="241.0" y="37.0"/>
        <omgdi:waypoint x="241.0" y="105.0"/>
        <bpmndi:BPMNLabel>
          <omgdc:Bounds height="0.0" width="0.0" x="0.0" y="0.0"/>
        </bpmndi:BPMNLabel>
      </bpmndi:BPMNEdge>
      <bpmndi:BPMNEdge bpmnElement="_12" id="BPMNEdge__12" sourceElement="caretaker" targetElement="directord_examines">
        <omgdi:waypoint x="237.5" y="555.0"/>
        <omgdi:waypoint x="237.5" y="600.0"/>
        <bpmndi:BPMNLabel>
          <omgdc:Bounds height="0.0" width="0.0" x="0.0" y="0.0"/>
        </bpmndi:BPMNLabel>
      </bpmndi:BPMNEdge>
      <bpmndi:BPMNEdge bpmnElement="_15" id="BPMNEdge__15" sourceElement="examines2" targetElement="directord_examines">
        <omgdi:waypoint x="220.0" y="951.0"/>
        <omgdi:waypoint x="90.0" y="765.0"/>
        <omgdi:waypoint x="195.0" y="627.5"/>
        <bpmndi:BPMNLabel>
          <omgdc:Bounds height="0.0" width="0.0" x="0.0" y="0.0"/>
        </bpmndi:BPMNLabel>
      </bpmndi:BPMNEdge>
      <bpmndi:BPMNEdge bpmnElement="_14" id="BPMNEdge__14" sourceElement="warden" targetElement="examines2">
        <omgdi:waypoint x="236.0" y="865.0"/>
        <omgdi:waypoint x="236.0" y="935.0"/>
        <bpmndi:BPMNLabel>
          <omgdc:Bounds height="0.0" width="0.0" x="0.0" y="0.0"/>
        </bpmndi:BPMNLabel>
      </bpmndi:BPMNEdge>
      <bpmndi:BPMNEdge bpmnElement="_17" id="BPMNEdge__17" sourceElement="examines2" targetElement="_16">
        <omgdi:waypoint x="236.0" y="967.0"/>
        <omgdi:waypoint x="236.0" y="1045.0"/>
        <bpmndi:BPMNLabel>
          <omgdc:Bounds height="0.0" width="0.0" x="0.0" y="0.0"/>
        </bpmndi:BPMNLabel>
      </bpmndi:BPMNEdge>
      <bpmndi:BPMNEdge bpmnElement="_18" id="BPMNEdge__18" sourceElement="_6" targetElement="autotask">
        <omgdi:waypoint x="237.5" y="160.0"/>
        <omgdi:waypoint x="237.5" y="220.0"/>
        <bpmndi:BPMNLabel>
          <omgdc:Bounds height="0.0" width="0.0" x="0.0" y="0.0"/>
        </bpmndi:BPMNLabel>
      </bpmndi:BPMNEdge>
      <bpmndi:BPMNEdge bpmnElement="_3" id="BPMNEdge__3" sourceElement="examines" targetElement="caretaker">
        <omgdi:waypoint x="257.0" y="716.0"/>
        <omgdi:waypoint x="368.0" y="633.0"/>
        <omgdi:waypoint x="280.0" y="527.5"/>
        <bpmndi:BPMNLabel>
          <omgdc:Bounds height="0.0" width="0.0" x="0.0" y="0.0"/>
        </bpmndi:BPMNLabel>
      </bpmndi:BPMNEdge>
      <bpmndi:BPMNEdge bpmnElement="_4" id="BPMNEdge__4" sourceElement="directord_examines" targetElement="examines">
        <omgdi:waypoint x="241.0" y="655.0"/>
        <omgdi:waypoint x="241.0" y="700.0"/>
        <bpmndi:BPMNLabel>
          <omgdc:Bounds height="0.0" width="0.0" x="0.0" y="0.0"/>
        </bpmndi:BPMNLabel>
      </bpmndi:BPMNEdge>
      <bpmndi:BPMNEdge bpmnElement="_8" id="BPMNEdge__8" sourceElement="autotask" targetElement="townprin">
        <omgdi:waypoint x="237.5" y="275.0"/>
        <omgdi:waypoint x="237.5" y="370.0"/>
        <bpmndi:BPMNLabel>
          <omgdc:Bounds height="0.0" width="0.0" x="0.0" y="0.0"/>
        </bpmndi:BPMNLabel>
      </bpmndi:BPMNEdge>
      <bpmndi:BPMNEdge bpmnElement="_9" id="BPMNEdge__9" sourceElement="examines" targetElement="warden">
        <omgdi:waypoint x="241.0" y="732.0"/>
        <omgdi:waypoint x="241.0" y="810.0"/>
        <bpmndi:BPMNLabel>
          <omgdc:Bounds height="0.0" width="0.0" x="0.0" y="0.0"/>
        </bpmndi:BPMNLabel>
      </bpmndi:BPMNEdge>
      <bpmndi:BPMNEdge bpmnElement="_10" id="BPMNEdge__10" sourceElement="townprin" targetElement="caretaker">
        <omgdi:waypoint x="237.5" y="425.0"/>
        <omgdi:waypoint x="237.5" y="500.0"/>
        <bpmndi:BPMNLabel>
          <omgdc:Bounds height="0.0" width="0.0" x="0.0" y="0.0"/>
        </bpmndi:BPMNLabel>
      </bpmndi:BPMNEdge>
    </bpmndi:BPMNPlane>
  </bpmndi:BPMNDiagram>
</definitions>
