<?xml version="1.0" encoding="UTF-8"?>
<definitions xmlns="http://www.omg.org/spec/BPMN/20100524/MODEL" xmlns:xsi="http://www.w3.org/2001/XMLSchema-instance" xmlns:xsd="http://www.w3.org/2001/XMLSchema" xmlns:activiti="http://activiti.org/bpmn" xmlns:bpmndi="http://www.omg.org/spec/BPMN/20100524/DI" xmlns:omgdc="http://www.omg.org/spec/DD/20100524/DC" xmlns:omgdi="http://www.omg.org/spec/DD/20100524/DI" typeLanguage="http://www.w3.org/2001/XMLSchema" expressionLanguage="http://www.w3.org/1999/XPath" targetNamespace="http://www.activiti.org/test">
  <signal id="activateuser" name="Activate user" activiti:scope="global"></signal>
  <signal id="clearuser" name="Clear user" activiti:scope="global"></signal>
  <process id="myProcess" name="My process" isExecutable="true">
    <startEvent id="startevent1" name="Start"></startEvent>
    <userTask id="usertask1" name="Registracija">
      <extensionElements>
        <activiti:formProperty id="firstname" name="firstName" type="string" required="true"></activiti:formProperty>
        <activiti:formProperty id="lastname" name="lastName" type="string" required="true"></activiti:formProperty>
        <activiti:formProperty id="email" name="email" type="string" required="true"></activiti:formProperty>
        <activiti:formProperty id="username" name="username" type="string" required="true"></activiti:formProperty>
        <activiti:formProperty id="password" name="password" type="string" required="true"></activiti:formProperty>
        <activiti:formProperty id="city" name="city" type="string" required="true"></activiti:formProperty>
        <activiti:formProperty id="address" name="address" type="string" required="true"></activiti:formProperty>
        <activiti:formProperty id="zipcode" name="zipCode" type="string" required="true"></activiti:formProperty>
        <activiti:formProperty id="role" name="role" type="enum" required="true">
          <activiti:value id="ROLE_FIRM" name="ROLE_FIRM"></activiti:value>
          <activiti:value id="ROLE_USER" name="ROLE_USER"></activiti:value>
        </activiti:formProperty>
      </extensionElements>
    </userTask>
    <sequenceFlow id="flow1" sourceRef="startevent1" targetRef="usertask1"></sequenceFlow>
    <exclusiveGateway id="exclusivegateway1" name="Exclusive Gateway"></exclusiveGateway>
    <sequenceFlow id="flow2" sourceRef="usertask1" targetRef="exclusivegateway1"></sequenceFlow>
    <userTask id="usertask2" name="Firma">
      <extensionElements>
        <activiti:formProperty id="category" name="category" type="string" required="true"></activiti:formProperty>
        <activiti:formProperty id="distance" name="distance" type="long" required="true"></activiti:formProperty>
        <activiti:formProperty id="name" name="name" type="string" required="true"></activiti:formProperty>
      </extensionElements>
    </userTask>
    <sequenceFlow id="firma" name="firma" sourceRef="exclusivegateway1" targetRef="usertask2">
      <conditionExpression xsi:type="tFormalExpression"><![CDATA[${user.role=="ROLE_FIRM"}]]></conditionExpression>
    </sequenceFlow>
    <sequenceFlow id="flow4" sourceRef="exclusivegateway1" targetRef="inclusivegateway1">
      <conditionExpression xsi:type="tFormalExpression"><![CDATA[${user.role=="ROLE_USER"}]]></conditionExpression>
    </sequenceFlow>
    <inclusiveGateway id="inclusivegateway1" name="Exclusive Gateway"></inclusiveGateway>
    <sequenceFlow id="flow5" sourceRef="usertask2" targetRef="inclusivegateway1"></sequenceFlow>
    <sequenceFlow id="flow6" sourceRef="inclusivegateway1" targetRef="servicetask1"></sequenceFlow>
    <serviceTask id="servicetask1" name="Posalji mail" activiti:expression="${registrationService.check(user,execution.getProcessInstanceId())}"></serviceTask>
    <sequenceFlow id="flow7" sourceRef="servicetask1" targetRef="eventgateway3"></sequenceFlow>
    <eventBasedGateway id="eventgateway3" name="Exclusive Gateway"></eventBasedGateway>
    <intermediateCatchEvent id="timerintermediatecatchevent1" name="TimerCatchEvent">
      <timerEventDefinition>
        <timeDuration>PT1M</timeDuration>
      </timerEventDefinition>
    </intermediateCatchEvent>
    <sequenceFlow id="flow10" sourceRef="eventgateway3" targetRef="timerintermediatecatchevent1"></sequenceFlow>
    <intermediateCatchEvent id="signalintermediatecatchevent1" name="SignalCatchEvent">
      <signalEventDefinition signalRef="activateuser"></signalEventDefinition>
    </intermediateCatchEvent>
    <sequenceFlow id="flow11" sourceRef="eventgateway3" targetRef="signalintermediatecatchevent1"></sequenceFlow>
    <sequenceFlow id="flow12" sourceRef="timerintermediatecatchevent1" targetRef="servicetask2"></sequenceFlow>
    <sequenceFlow id="flow13" sourceRef="signalintermediatecatchevent1" targetRef="servicetask3"></sequenceFlow>
    <serviceTask id="servicetask2" name="Brisanje korisnika" activiti:expression="${registrationService.deleteUser(user)}"></serviceTask>
    <serviceTask id="servicetask3" name="Uspesna registracija" activiti:expression="${registrationService.register(user)}"></serviceTask>
    <sequenceFlow id="flow14" sourceRef="servicetask2" targetRef="inclusivegateway2"></sequenceFlow>
    <inclusiveGateway id="inclusivegateway2" name="Exclusive Gateway"></inclusiveGateway>
    <sequenceFlow id="flow15" sourceRef="servicetask3" targetRef="inclusivegateway2"></sequenceFlow>
    <endEvent id="endevent1" name="End"></endEvent>
    <sequenceFlow id="flow16" sourceRef="inclusivegateway2" targetRef="endevent1"></sequenceFlow>
  </process>
  <bpmndi:BPMNDiagram id="BPMNDiagram_myProcess">
    <bpmndi:BPMNPlane bpmnElement="myProcess" id="BPMNPlane_myProcess">
      <bpmndi:BPMNShape bpmnElement="startevent1" id="BPMNShape_startevent1">
        <omgdc:Bounds height="35.0" width="35.0" x="170.0" y="210.0"></omgdc:Bounds>
      </bpmndi:BPMNShape>
      <bpmndi:BPMNShape bpmnElement="usertask1" id="BPMNShape_usertask1">
        <omgdc:Bounds height="55.0" width="105.0" x="250.0" y="200.0"></omgdc:Bounds>
      </bpmndi:BPMNShape>
      <bpmndi:BPMNShape bpmnElement="exclusivegateway1" id="BPMNShape_exclusivegateway1">
        <omgdc:Bounds height="40.0" width="40.0" x="400.0" y="208.0"></omgdc:Bounds>
      </bpmndi:BPMNShape>
      <bpmndi:BPMNShape bpmnElement="usertask2" id="BPMNShape_usertask2">
        <omgdc:Bounds height="55.0" width="105.0" x="480.0" y="100.0"></omgdc:Bounds>
      </bpmndi:BPMNShape>
      <bpmndi:BPMNShape bpmnElement="inclusivegateway1" id="BPMNShape_inclusivegateway1">
        <omgdc:Bounds height="40.0" width="40.0" x="650.0" y="207.0"></omgdc:Bounds>
      </bpmndi:BPMNShape>
      <bpmndi:BPMNShape bpmnElement="servicetask1" id="BPMNShape_servicetask1">
        <omgdc:Bounds height="55.0" width="105.0" x="760.0" y="200.0"></omgdc:Bounds>
      </bpmndi:BPMNShape>
      <bpmndi:BPMNShape bpmnElement="eventgateway3" id="BPMNShape_eventgateway3">
        <omgdc:Bounds height="40.0" width="40.0" x="792.0" y="370.0"></omgdc:Bounds>
      </bpmndi:BPMNShape>
      <bpmndi:BPMNShape bpmnElement="timerintermediatecatchevent1" id="BPMNShape_timerintermediatecatchevent1">
        <omgdc:Bounds height="35.0" width="35.0" x="610.0" y="373.0"></omgdc:Bounds>
      </bpmndi:BPMNShape>
      <bpmndi:BPMNShape bpmnElement="signalintermediatecatchevent1" id="BPMNShape_signalintermediatecatchevent1">
        <omgdc:Bounds height="35.0" width="35.0" x="610.0" y="490.0"></omgdc:Bounds>
      </bpmndi:BPMNShape>
      <bpmndi:BPMNShape bpmnElement="servicetask2" id="BPMNShape_servicetask2">
        <omgdc:Bounds height="55.0" width="105.0" x="420.0" y="363.0"></omgdc:Bounds>
      </bpmndi:BPMNShape>
      <bpmndi:BPMNShape bpmnElement="servicetask3" id="BPMNShape_servicetask3">
        <omgdc:Bounds height="55.0" width="105.0" x="420.0" y="480.0"></omgdc:Bounds>
      </bpmndi:BPMNShape>
      <bpmndi:BPMNShape bpmnElement="inclusivegateway2" id="BPMNShape_inclusivegateway2">
        <omgdc:Bounds height="40.0" width="40.0" x="290.0" y="430.0"></omgdc:Bounds>
      </bpmndi:BPMNShape>
      <bpmndi:BPMNShape bpmnElement="endevent1" id="BPMNShape_endevent1">
        <omgdc:Bounds height="35.0" width="35.0" x="170.0" y="433.0"></omgdc:Bounds>
      </bpmndi:BPMNShape>
      <bpmndi:BPMNEdge bpmnElement="flow1" id="BPMNEdge_flow1">
        <omgdi:waypoint x="205.0" y="227.0"></omgdi:waypoint>
        <omgdi:waypoint x="250.0" y="227.0"></omgdi:waypoint>
      </bpmndi:BPMNEdge>
      <bpmndi:BPMNEdge bpmnElement="flow2" id="BPMNEdge_flow2">
        <omgdi:waypoint x="355.0" y="227.0"></omgdi:waypoint>
        <omgdi:waypoint x="400.0" y="228.0"></omgdi:waypoint>
      </bpmndi:BPMNEdge>
      <bpmndi:BPMNEdge bpmnElement="firma" id="BPMNEdge_firma">
        <omgdi:waypoint x="420.0" y="208.0"></omgdi:waypoint>
        <omgdi:waypoint x="420.0" y="127.0"></omgdi:waypoint>
        <omgdi:waypoint x="480.0" y="127.0"></omgdi:waypoint>
        <bpmndi:BPMNLabel>
          <omgdc:Bounds height="14.0" width="24.0" x="381.0" y="151.0"></omgdc:Bounds>
        </bpmndi:BPMNLabel>
      </bpmndi:BPMNEdge>
      <bpmndi:BPMNEdge bpmnElement="flow4" id="BPMNEdge_flow4">
        <omgdi:waypoint x="440.0" y="228.0"></omgdi:waypoint>
        <omgdi:waypoint x="650.0" y="227.0"></omgdi:waypoint>
      </bpmndi:BPMNEdge>
      <bpmndi:BPMNEdge bpmnElement="flow5" id="BPMNEdge_flow5">
        <omgdi:waypoint x="585.0" y="127.0"></omgdi:waypoint>
        <omgdi:waypoint x="670.0" y="127.0"></omgdi:waypoint>
        <omgdi:waypoint x="670.0" y="207.0"></omgdi:waypoint>
      </bpmndi:BPMNEdge>
      <bpmndi:BPMNEdge bpmnElement="flow6" id="BPMNEdge_flow6">
        <omgdi:waypoint x="690.0" y="227.0"></omgdi:waypoint>
        <omgdi:waypoint x="760.0" y="227.0"></omgdi:waypoint>
      </bpmndi:BPMNEdge>
      <bpmndi:BPMNEdge bpmnElement="flow7" id="BPMNEdge_flow7">
        <omgdi:waypoint x="812.0" y="255.0"></omgdi:waypoint>
        <omgdi:waypoint x="812.0" y="370.0"></omgdi:waypoint>
      </bpmndi:BPMNEdge>
      <bpmndi:BPMNEdge bpmnElement="flow10" id="BPMNEdge_flow10">
        <omgdi:waypoint x="792.0" y="390.0"></omgdi:waypoint>
        <omgdi:waypoint x="645.0" y="390.0"></omgdi:waypoint>
      </bpmndi:BPMNEdge>
      <bpmndi:BPMNEdge bpmnElement="flow11" id="BPMNEdge_flow11">
        <omgdi:waypoint x="812.0" y="410.0"></omgdi:waypoint>
        <omgdi:waypoint x="812.0" y="507.0"></omgdi:waypoint>
        <omgdi:waypoint x="645.0" y="507.0"></omgdi:waypoint>
      </bpmndi:BPMNEdge>
      <bpmndi:BPMNEdge bpmnElement="flow12" id="BPMNEdge_flow12">
        <omgdi:waypoint x="610.0" y="390.0"></omgdi:waypoint>
        <omgdi:waypoint x="525.0" y="390.0"></omgdi:waypoint>
      </bpmndi:BPMNEdge>
      <bpmndi:BPMNEdge bpmnElement="flow13" id="BPMNEdge_flow13">
        <omgdi:waypoint x="610.0" y="507.0"></omgdi:waypoint>
        <omgdi:waypoint x="525.0" y="507.0"></omgdi:waypoint>
      </bpmndi:BPMNEdge>
      <bpmndi:BPMNEdge bpmnElement="flow14" id="BPMNEdge_flow14">
        <omgdi:waypoint x="420.0" y="390.0"></omgdi:waypoint>
        <omgdi:waypoint x="310.0" y="390.0"></omgdi:waypoint>
        <omgdi:waypoint x="310.0" y="430.0"></omgdi:waypoint>
      </bpmndi:BPMNEdge>
      <bpmndi:BPMNEdge bpmnElement="flow15" id="BPMNEdge_flow15">
        <omgdi:waypoint x="420.0" y="507.0"></omgdi:waypoint>
        <omgdi:waypoint x="310.0" y="507.0"></omgdi:waypoint>
        <omgdi:waypoint x="310.0" y="470.0"></omgdi:waypoint>
      </bpmndi:BPMNEdge>
      <bpmndi:BPMNEdge bpmnElement="flow16" id="BPMNEdge_flow16">
        <omgdi:waypoint x="290.0" y="450.0"></omgdi:waypoint>
        <omgdi:waypoint x="205.0" y="450.0"></omgdi:waypoint>
      </bpmndi:BPMNEdge>
    </bpmndi:BPMNPlane>
  </bpmndi:BPMNDiagram>
</definitions>