<?xml version="1.0" encoding="UTF-8"?>
<definitions xmlns="http://www.omg.org/spec/BPMN/20100524/MODEL" xmlns:xsi="http://www.w3.org/2001/XMLSchema-instance" xmlns:xsd="http://www.w3.org/2001/XMLSchema" xmlns:activiti="http://activiti.org/bpmn" xmlns:bpmndi="http://www.omg.org/spec/BPMN/20100524/DI" xmlns:omgdc="http://www.omg.org/spec/DD/20100524/DC" xmlns:omgdi="http://www.omg.org/spec/DD/20100524/DI" typeLanguage="http://www.w3.org/2001/XMLSchema" expressionLanguage="http://www.w3.org/1999/XPath" targetNamespace="http://www.activiti.org/test">
  <collaboration id="Collaboration">
    <participant id="pool1" name="泳道池审批流程" processRef="process_pool1"></participant>
  </collaboration>
  <process id="process_pool1" name="process_pool1" isExecutable="true">
    <laneSet id="laneSet_process_pool1">
      <lane id="lane2" name="普通员工">
        <flowNodeRef>startevent1</flowNodeRef>
        <flowNodeRef>servicetask1</flowNodeRef>
        <flowNodeRef>businessruletask1</flowNodeRef>
        <flowNodeRef>exclusivegateway2</flowNodeRef>
        <flowNodeRef>usertask3</flowNodeRef>
        <flowNodeRef>endevent1</flowNodeRef>
      </lane>
      <lane id="lane3" name="一般经理">
        <flowNodeRef>exclusivegateway3</flowNodeRef>
        <flowNodeRef>exclusivegateway2</flowNodeRef>
        <flowNodeRef>usertask4</flowNodeRef>
        <flowNodeRef>exclusivegateway3</flowNodeRef>
        <flowNodeRef>exclusivegateway5</flowNodeRef>
      </lane>
      <lane id="lane4" name="高级经理">
        <flowNodeRef>usertask5</flowNodeRef>
        <flowNodeRef>exclusivegateway4</flowNodeRef>
      </lane>
      <lane id="lane5" name="出纳">
        <flowNodeRef>usertask2</flowNodeRef>
        <flowNodeRef>endevent2</flowNodeRef>
      </lane>
    </laneSet>
    <startEvent id="startevent1" name="Start"></startEvent>
    <serviceTask id="servicetask1" name="规则服务请求"></serviceTask>
    <sequenceFlow id="flow10" sourceRef="servicetask1" targetRef="businessruletask1"></sequenceFlow>
    <businessRuleTask id="businessruletask1" name="商业规则处理"></businessRuleTask>
    <sequenceFlow id="flow11" sourceRef="startevent1" targetRef="servicetask1"></sequenceFlow>
    <sequenceFlow id="flow12" sourceRef="businessruletask1" targetRef="exclusivegateway2"></sequenceFlow>
    <exclusiveGateway id="exclusivegateway2" name="Exclusive Gateway"></exclusiveGateway>
    <userTask id="usertask2" name="结算报销请求"></userTask>
    <sequenceFlow id="flow9" sourceRef="usertask2" targetRef="endevent2"></sequenceFlow>
    <endEvent id="endevent2" name="End"></endEvent>
    <userTask id="usertask4" name="处理报销请求"></userTask>
    <sequenceFlow id="flow13" sourceRef="exclusivegateway2" targetRef="usertask4"></sequenceFlow>
    <sequenceFlow id="flow14" sourceRef="exclusivegateway2" targetRef="usertask5"></sequenceFlow>
    <userTask id="usertask5" name="处理报销请求"></userTask>
    <exclusiveGateway id="exclusivegateway3" name="Exclusive Gateway"></exclusiveGateway>
    <sequenceFlow id="flow15" sourceRef="usertask4" targetRef="exclusivegateway3"></sequenceFlow>
    <exclusiveGateway id="exclusivegateway4" name="Exclusive Gateway"></exclusiveGateway>
    <sequenceFlow id="flow16" sourceRef="usertask5" targetRef="exclusivegateway4"></sequenceFlow>
    <userTask id="usertask3" name="调整报销请求"></userTask>
    <sequenceFlow id="flow8" sourceRef="usertask3" targetRef="endevent1"></sequenceFlow>
    <sequenceFlow id="flow17" sourceRef="exclusivegateway3" targetRef="usertask3"></sequenceFlow>
    <sequenceFlow id="flow18" sourceRef="exclusivegateway4" targetRef="usertask2"></sequenceFlow>
    <sequenceFlow id="flow19" sourceRef="exclusivegateway4" targetRef="usertask3"></sequenceFlow>
    <endEvent id="endevent1" name="End"></endEvent>
    <sequenceFlow id="flow20" sourceRef="usertask3" targetRef="servicetask1"></sequenceFlow>
    <sequenceFlow id="flow21" sourceRef="businessruletask1" targetRef="exclusivegateway5"></sequenceFlow>
    <exclusiveGateway id="exclusivegateway5" name="Exclusive Gateway"></exclusiveGateway>
    <sequenceFlow id="flow22" sourceRef="exclusivegateway3" targetRef="usertask2"></sequenceFlow>
  </process>
  <bpmndi:BPMNDiagram id="BPMNDiagram_Collaboration">
    <bpmndi:BPMNPlane bpmnElement="Collaboration" id="BPMNPlane_Collaboration">
      <bpmndi:BPMNShape bpmnElement="pool1" id="BPMNShape_pool1">
        <omgdc:Bounds height="647.0" width="725.0" x="30.0" y="30.0"></omgdc:Bounds>
      </bpmndi:BPMNShape>
      <bpmndi:BPMNShape bpmnElement="lane2" id="BPMNShape_lane2">
        <omgdc:Bounds height="161.0" width="705.0" x="50.0" y="30.0"></omgdc:Bounds>
      </bpmndi:BPMNShape>
      <bpmndi:BPMNShape bpmnElement="lane3" id="BPMNShape_lane3">
        <omgdc:Bounds height="161.0" width="705.0" x="50.0" y="191.0"></omgdc:Bounds>
      </bpmndi:BPMNShape>
      <bpmndi:BPMNShape bpmnElement="lane4" id="BPMNShape_lane4">
        <omgdc:Bounds height="161.0" width="705.0" x="50.0" y="352.0"></omgdc:Bounds>
      </bpmndi:BPMNShape>
      <bpmndi:BPMNShape bpmnElement="lane5" id="BPMNShape_lane5">
        <omgdc:Bounds height="161.0" width="705.0" x="50.0" y="513.0"></omgdc:Bounds>
      </bpmndi:BPMNShape>
      <bpmndi:BPMNShape bpmnElement="startevent1" id="BPMNShape_startevent1">
        <omgdc:Bounds height="35.0" width="35.0" x="90.0" y="53.0"></omgdc:Bounds>
      </bpmndi:BPMNShape>
      <bpmndi:BPMNShape bpmnElement="servicetask1" id="BPMNShape_servicetask1">
        <omgdc:Bounds height="55.0" width="105.0" x="290.0" y="43.0"></omgdc:Bounds>
      </bpmndi:BPMNShape>
      <bpmndi:BPMNShape bpmnElement="businessruletask1" id="BPMNShape_businessruletask1">
        <omgdc:Bounds height="55.0" width="105.0" x="290.0" y="124.0"></omgdc:Bounds>
      </bpmndi:BPMNShape>
      <bpmndi:BPMNShape bpmnElement="exclusivegateway2" id="BPMNShape_exclusivegateway2">
        <omgdc:Bounds height="40.0" width="40.0" x="140.0" y="234.0"></omgdc:Bounds>
      </bpmndi:BPMNShape>
      <bpmndi:BPMNShape bpmnElement="usertask2" id="BPMNShape_usertask2">
        <omgdc:Bounds height="55.0" width="105.0" x="390.0" y="566.0"></omgdc:Bounds>
      </bpmndi:BPMNShape>
      <bpmndi:BPMNShape bpmnElement="endevent2" id="BPMNShape_endevent2">
        <omgdc:Bounds height="35.0" width="35.0" x="560.0" y="576.0"></omgdc:Bounds>
      </bpmndi:BPMNShape>
      <bpmndi:BPMNShape bpmnElement="usertask4" id="BPMNShape_usertask4">
        <omgdc:Bounds height="55.0" width="105.0" x="260.0" y="227.0"></omgdc:Bounds>
      </bpmndi:BPMNShape>
      <bpmndi:BPMNShape bpmnElement="usertask5" id="BPMNShape_usertask5">
        <omgdc:Bounds height="55.0" width="105.0" x="260.0" y="395.0"></omgdc:Bounds>
      </bpmndi:BPMNShape>
      <bpmndi:BPMNShape bpmnElement="exclusivegateway3" id="BPMNShape_exclusivegateway3">
        <omgdc:Bounds height="40.0" width="40.0" x="420.0" y="234.0"></omgdc:Bounds>
      </bpmndi:BPMNShape>
      <bpmndi:BPMNShape bpmnElement="exclusivegateway4" id="BPMNShape_exclusivegateway4">
        <omgdc:Bounds height="40.0" width="40.0" x="520.0" y="402.0"></omgdc:Bounds>
      </bpmndi:BPMNShape>
      <bpmndi:BPMNShape bpmnElement="usertask3" id="BPMNShape_usertask3">
        <omgdc:Bounds height="55.0" width="105.0" x="520.0" y="70.0"></omgdc:Bounds>
      </bpmndi:BPMNShape>
      <bpmndi:BPMNShape bpmnElement="endevent1" id="BPMNShape_endevent1">
        <omgdc:Bounds height="35.0" width="35.0" x="690.0" y="80.0"></omgdc:Bounds>
      </bpmndi:BPMNShape>
      <bpmndi:BPMNShape bpmnElement="exclusivegateway5" id="BPMNShape_exclusivegateway5">
        <omgdc:Bounds height="40.0" width="40.0" x="140.0" y="234.0"></omgdc:Bounds>
      </bpmndi:BPMNShape>
      <bpmndi:BPMNEdge bpmnElement="flow10" id="BPMNEdge_flow10">
        <omgdi:waypoint x="342.0" y="98.0"></omgdi:waypoint>
        <omgdi:waypoint x="342.0" y="124.0"></omgdi:waypoint>
      </bpmndi:BPMNEdge>
      <bpmndi:BPMNEdge bpmnElement="flow11" id="BPMNEdge_flow11">
        <omgdi:waypoint x="125.0" y="70.0"></omgdi:waypoint>
        <omgdi:waypoint x="290.0" y="70.0"></omgdi:waypoint>
      </bpmndi:BPMNEdge>
      <bpmndi:BPMNEdge bpmnElement="flow12" id="BPMNEdge_flow12">
        <omgdi:waypoint x="342.0" y="179.0"></omgdi:waypoint>
        <omgdi:waypoint x="160.0" y="234.0"></omgdi:waypoint>
      </bpmndi:BPMNEdge>
      <bpmndi:BPMNEdge bpmnElement="flow9" id="BPMNEdge_flow9">
        <omgdi:waypoint x="495.0" y="593.0"></omgdi:waypoint>
        <omgdi:waypoint x="560.0" y="593.0"></omgdi:waypoint>
      </bpmndi:BPMNEdge>
      <bpmndi:BPMNEdge bpmnElement="flow13" id="BPMNEdge_flow13">
        <omgdi:waypoint x="180.0" y="254.0"></omgdi:waypoint>
        <omgdi:waypoint x="260.0" y="254.0"></omgdi:waypoint>
      </bpmndi:BPMNEdge>
      <bpmndi:BPMNEdge bpmnElement="flow14" id="BPMNEdge_flow14">
        <omgdi:waypoint x="160.0" y="274.0"></omgdi:waypoint>
        <omgdi:waypoint x="312.0" y="395.0"></omgdi:waypoint>
      </bpmndi:BPMNEdge>
      <bpmndi:BPMNEdge bpmnElement="flow15" id="BPMNEdge_flow15">
        <omgdi:waypoint x="365.0" y="254.0"></omgdi:waypoint>
        <omgdi:waypoint x="420.0" y="254.0"></omgdi:waypoint>
      </bpmndi:BPMNEdge>
      <bpmndi:BPMNEdge bpmnElement="flow16" id="BPMNEdge_flow16">
        <omgdi:waypoint x="365.0" y="422.0"></omgdi:waypoint>
        <omgdi:waypoint x="520.0" y="422.0"></omgdi:waypoint>
      </bpmndi:BPMNEdge>
      <bpmndi:BPMNEdge bpmnElement="flow8" id="BPMNEdge_flow8">
        <omgdi:waypoint x="625.0" y="97.0"></omgdi:waypoint>
        <omgdi:waypoint x="690.0" y="97.0"></omgdi:waypoint>
      </bpmndi:BPMNEdge>
      <bpmndi:BPMNEdge bpmnElement="flow17" id="BPMNEdge_flow17">
        <omgdi:waypoint x="440.0" y="234.0"></omgdi:waypoint>
        <omgdi:waypoint x="572.0" y="125.0"></omgdi:waypoint>
      </bpmndi:BPMNEdge>
      <bpmndi:BPMNEdge bpmnElement="flow18" id="BPMNEdge_flow18">
        <omgdi:waypoint x="540.0" y="442.0"></omgdi:waypoint>
        <omgdi:waypoint x="442.0" y="566.0"></omgdi:waypoint>
      </bpmndi:BPMNEdge>
      <bpmndi:BPMNEdge bpmnElement="flow19" id="BPMNEdge_flow19">
        <omgdi:waypoint x="540.0" y="402.0"></omgdi:waypoint>
        <omgdi:waypoint x="572.0" y="125.0"></omgdi:waypoint>
      </bpmndi:BPMNEdge>
      <bpmndi:BPMNEdge bpmnElement="flow20" id="BPMNEdge_flow20">
        <omgdi:waypoint x="520.0" y="97.0"></omgdi:waypoint>
        <omgdi:waypoint x="395.0" y="70.0"></omgdi:waypoint>
      </bpmndi:BPMNEdge>
      <bpmndi:BPMNEdge bpmnElement="flow21" id="BPMNEdge_flow21">
        <omgdi:waypoint x="342.0" y="179.0"></omgdi:waypoint>
        <omgdi:waypoint x="160.0" y="234.0"></omgdi:waypoint>
      </bpmndi:BPMNEdge>
      <bpmndi:BPMNEdge bpmnElement="flow22" id="BPMNEdge_flow22">
        <omgdi:waypoint x="440.0" y="274.0"></omgdi:waypoint>
        <omgdi:waypoint x="442.0" y="566.0"></omgdi:waypoint>
      </bpmndi:BPMNEdge>
    </bpmndi:BPMNPlane>
  </bpmndi:BPMNDiagram>
</definitions>