<?xml version='1.0' encoding='UTF-8'?>
<definitions xmlns="http://www.omg.org/spec/BPMN/20100524/MODEL" 
	xmlns:xsi="http://www.w3.org/2001/XMLSchema-instance" 
	xmlns:xsd="http://www.w3.org/2001/XMLSchema" 
	xmlns:activiti="http://activiti.org/bpmn" 
	xmlns:bpmndi="http://www.omg.org/spec/BPMN/20100524/DI" 
	xmlns:omgdc="http://www.omg.org/spec/DD/20100524/DC" 
	xmlns:omgdi="http://www.omg.org/spec/DD/20100524/DI" 
	typeLanguage="http://www.w3.org/2001/XMLSchema" 
	expressionLanguage="http://www.w3.org/1999/XPath" 
	targetNamespace="riyingcorp/test/it002">
  <process id="RY_IT002" name="日盈IT应用申请流程" isExecutable="true" activiti:candidateStarterGroups="admin">
    <documentation>日盈信息化应用及服务申请流程由申请人或部门经理发起，由分管领导审批。在得到IT部门负责人的最终审批后由IT专员进行相应的权限开通操作。</documentation>
    <startEvent id="t00axall" name="申请发起" activiti:initiator="initiator">
      <extensionElements>
        <activiti:formProperty id="applier_实际使用人_1_string_t1_$$A" name="实际使用人" type="string" variable="applier_t00" writable="true" required="true"/>
        <activiti:formProperty id="employeeid_员工号_2_string_t1_$$A" name="员工号" type="string" variable="employeeid_t00" writable="true" required="true"/>
        <activiti:formProperty id="applicationtype_申请类型_3_string_sbs_$$B" name="申请类型" type="enum" variable="applicationtype_t00" writable="true" required="true">
        <activiti:value id="01网络访问" name="01网络访问"/>
        <activiti:value id="02应用系统账号" name="02应用系统账号"/>
        <activiti:value id="03IT设备" name="03IT设备"/>
        </activiti:formProperty>
        <activiti:formProperty id="appproverl1_分管领导_4_string_psbi_$$B" name="分管领导" type="string" variable="appproverl1_t00" writable="true" required="true"/>
        <activiti:formProperty id="remark_申请原因_5_string_t2_$$C" name="申请原因" type="string" variable="remark_t00" writable="true" required="true"/>
        <activiti:formProperty id="attachment_附件_6_string_t9_$$D" name="附件" type="string" variable="attachment_t00" writable="true" required="false"/>
        <activiti:formProperty id="tbhdappdet_item" name="申请明细" type="string" variable="tbhdappdet_item" required="true"/>
        <activiti:formProperty id="tbhdappdet_应用类型_appdetailtype_1_enum_sbs_$$VA" name="应用类型" type="enum" variable="tbhdappdet_appdetailtype_t00" writable="true" required="true">
          <activiti:value id="01a网络访问新增" name="01a网络访问新增"/>
          <activiti:value id="01b网络访问修改" name="01b网络访问修改"/>
          <activiti:value id="01b网络访问修改" name="01b网络访问修改"/>
          <activiti:value id="02a应用系统账号新增" name="02a应用系统账号新增"/>
          <activiti:value id="02b应用系统账号修改" name="02b应用系统账号修改"/>
          <activiti:value id="02c应用系统账号禁用" name="02c应用系统账号禁用"/>
          <activiti:value id="03aIT设备" name="03aIT设备"/>
          <activiti:value id="03bIT设备" name="03bIT设备"/>
        </activiti:formProperty>
        <activiti:formProperty id="tbhdappdet_要求_requirement_2_string_t2_$$VA" name="要求" type="string" variable="tbhdappdet_requirement_t00" writable="true" required="true"/>
        <activiti:formProperty id="tbhdappdet_备注_comments_3_string_t2_$$VA" name="备注" type="string" variable="tbhdappdet_comments_t00" writable="true" required="false"/>
		
		<activiti:executionListener event="end" class="org.activiti.engine.impl.bpmn.listener.ScriptExecutionListener">
          <activiti:field name="language" stringValue="groovy" />
          <activiti:field name="script">
            <activiti:string>
              <![CDATA[def user = identityService.createUserQuery().userId(initiator).singleResult();
                def mail = user.getEmail();
                def initiatorFirstName = user.getFirstName();
                def initiatorLastName = user.getLastName();
                execution.setVariable('initiator_email', mail);
                execution.setVariable('initiator_name', initiatorLastName + " " + initiatorFirstName);
                def id = execution.getProcessInstanceId();
                return id;]]>
            </activiti:string>
          </activiti:field>
          <activiti:field name="resultVariable" stringValue="process_instance_id" />
        </activiti:executionListener>
		
      </extensionElements>
    </startEvent>
    <serviceTask id="mail1" name="MAIL: 分管领导通知" activiti:async="true" activiti:exclusive="false" activiti:type="mail">
      <extensionElements>
        <activiti:field name="from">
          <activiti:string>
            <![CDATA[bpmsmail@bpms.dev]]>
          </activiti:string>
        </activiti:field>
        <activiti:field name="to">
          <activiti:string>
            <![CDATA[esbmail@bpms.dev]]>
          </activiti:string>
        </activiti:field>
        <activiti:field name="subject">
          <activiti:string>
            <![CDATA[HRM002_notification]]>
          </activiti:string>
        </activiti:field>
        <activiti:field name="text">
          <activiti:expression>{"source":"bpms", "refNo":"${process_instance_id}", "from":"develop@eorionsolution.com", "to":["${initiator_email}"], "cc":["bladeshao@eorionsolution.com"], "mailSubject":"任务提醒: IT应用申请-分管领导审批(${process_instance_id})", "mailData":{"process_instance_id":"${process_instance_id}", "task_name":"IT应用申请-分管领导审批", "duetime":"8小时内", "key_info":"${remark_t00}"}, "mailTemplate":"mtp_notification"} </activiti:expression>
        </activiti:field>
        <activiti:field name="charset">
          <activiti:string>
            <![CDATA[UTF-8]]>
          </activiti:string>
        </activiti:field>
      </extensionElements>
    </serviceTask>
    <sequenceFlow id="sid-71FA7468-A127-4C4A-9718-CF35EA7F2512" sourceRef="t00axall" targetRef="mail1"/>
    <userTask id="t01axcomvp" name="IT应用申请: 分管领导审批" activiti:assignee="${appproverl1_t00}" activiti:dueDate="P1D" activiti:priority="50">
      <extensionElements>
        <activiti:formProperty id="coreaction_审批结果_1_enum_rbv_$$A" name="审批结果" type="enum" variable="coreaction_t01" writable="true" required="true">
          <activiti:value id="同意" name="同意"/>
          <activiti:value id="拒绝" name="拒绝"/>
        </activiti:formProperty>
        <activiti:formProperty id="corecomments_审批意见_2_string_t2_$$B" name="审批意见" type="string" variable="corecomments_t01" writable="true" required="false"/>
        <activiti:formProperty id="applier_实际使用人_1_string_t1_$$VA" name="实际使用人" type="string" variable="applier_t00"/>
        <activiti:formProperty id="employeeid_员工号_2_string_t1_$$VA" name="员工号" type="string" variable="employeeid_t00"/>
        <activiti:formProperty id="applicationtype_申请类型_3_enum_sbs_$$VB" name="申请类型" type="string" variable="applicationtype_t00"/>
        <activiti:formProperty id="remark_申请原因_4_string_t2_$$VC" name="申请原因" type="string" variable="remark_t00"/>
        <activiti:formProperty id="attachment_附件_5_string_t9_$$VD" name="附件" type="string" variable="attachment_t00"/>
        <activiti:formProperty id="tbhdappdet_item_$$VA" name="应用申请明细" type="string" variable="tbhdappdet_item" writable="true" readable="true"/>
        <activiti:formProperty id="tbhdappdet_应用类型_appdetailtype_1_enum_sbs_$$VA" name="应用类型" type="string" variable="tbhdappdet_appdetailtype_t00" writable="true" readable="true"/>
        <activiti:formProperty id="tbhdappdet_要求_requirement_2_string_t2_$$VA" name="申请要求" type="string" variable="tbhdappdet_requirement_t00" writable="true" readable="true"/>
        <activiti:formProperty id="tbhdappdet_备注_comments_3_string_t2_$$VA" name="备注" type="string" variable="tbhdappdet_comments_t00" writable="true" readable="true"/>
      </extensionElements>
    </userTask>
    <sequenceFlow id="sid-8CAC0EC2-347D-4563-89ED-B83C8C131613" sourceRef="mail1" targetRef="t01axcomvp"/>
    <exclusiveGateway id="G1" name="分管领导审批结果"/>
    <sequenceFlow id="sid-9AD2AA64-888D-4A59-BA35-1E15016AB047" sourceRef="t01axcomvp" targetRef="G1"/>
    <endEvent id="E1" name="否决结束"/>
    <serviceTask id="mail2" name="分管领导否决通知" activiti:async="true" activiti:exclusive="false" activiti:type="mail">
      <extensionElements>
        <activiti:field name="from">
          <activiti:string>
            <![CDATA[bpmsmail@bpms.dev]]>
          </activiti:string>
        </activiti:field>
        <activiti:field name="to">
          <activiti:string>
            <![CDATA[esbmail@bpms.dev]]>
          </activiti:string>
        </activiti:field>
        <activiti:field name="subject">
          <activiti:string>
            <![CDATA[HRM002_notification]]>
          </activiti:string>
        </activiti:field>
        <activiti:field name="text">
          <activiti:expression>{"source":"bpms", "refNo":"${process_instance_id}", "from":"develop@eorionsolution.com", "to":["${initiator_email}"], "cc":["bladeshao@eorionsolution.com"], "mailSubject":"申请否决提醒: IT应用申请(${process_instance_id})", "mailData":{"process_instance_id":"${process_instance_id}", "coreaction_t01":"${coreaction_t01}", "corecomments_t01":"${corecomments_t01}"}, "mailTemplate":"it002_g1n"} </activiti:expression>
        </activiti:field>
        <activiti:field name="charset">
          <activiti:string>
            <![CDATA[UTF-8]]>
          </activiti:string>
        </activiti:field>
      </extensionElements>
    </serviceTask>
    <sequenceFlow id="sid-244FF52E-50F6-456C-A999-84205879A530" sourceRef="mail2" targetRef="E1"/>
    <userTask id="t02axcomcio" name="IT应用申请: IT负责人审批" activiti:candidateGroups="admin" activiti:dueDate="P1D" activiti:priority="80">
      <extensionElements>
        <activiti:formProperty id="coreaction_审批结果_1_enum_rbv_$$A" name="审批结果" type="enum" variable="coreaction_t02" writable="true" required="true">
          <activiti:value id="同意" name="同意"/>
          <activiti:value id="拒绝" name="拒绝"/>
        </activiti:formProperty>
        <activiti:formProperty id="corecomments_审批意见_2_string_t2_$$B" name="审批意见" type="string" variable="corecomments_t02" writable="true" required="false"/>
        <activiti:formProperty id="applier_实际使用人_1_string_t1_$$VA" name="实际使用人" type="string" variable="applier_t00"/>
        <activiti:formProperty id="employeeid_员工号_2_string_t1_$$VA" name="员工号" type="string" variable="employeeid_t00"/>
        <activiti:formProperty id="applicationtype_申请类型_3_enum_sbs_$$VB" name="申请类型" type="string" variable="applicationtype_t00"/>
        <activiti:formProperty id="remark_申请原因_4_string_t2_$$VC" name="申请原因" type="string" variable="remark_t00"/>
        <activiti:formProperty id="attachment_附件_5_string_t9_$$VD" name="附件" type="string" variable="attachment_t00"/>
        <activiti:formProperty id="coreaction_分管审批结果_6_enum_rbv_$$VD" name="分管审批结果" type="string" variable="coreaction_t01"/>
        <activiti:formProperty id="corecomments_分管审批意见_7_string_t2_$$VD" name="分管审批意见" type="string" variable="corecomments_t01"/>
        <activiti:formProperty id="tbhdappdet_item_$$VA" name="应用申请明细" type="string" variable="tbhdappdet_item" writable="true" readable="true"/>
        <activiti:formProperty id="tbhdappdet_应用类型_appdetailtype_1_enum_sbs_$$VA" name="应用类型" type="string" variable="tbhdappdet_appdetailtype_t00" writable="true" readable="true"/>
        <activiti:formProperty id="tbhdappdet_要求_requirement_2_string_t2_$$VA" name="申请要求" type="string" variable="tbhdappdet_requirement_t00" writable="true" readable="true"/>
        <activiti:formProperty id="tbhdappdet_备注_comments_3_string_t2_$$VA" name="备注" type="string" variable="tbhdappdet_comments_t00" writable="true" readable="true"/>
      </extensionElements>
    </userTask>
    <sequenceFlow id="sid-5EA558F5-D4CA-4C19-B624-18DB52AF0E04" name="同意" sourceRef="G1" targetRef="t02axcomcio">
      <conditionExpression xsi:type="tFormalExpression">
        <![CDATA[${coreaction_t01=="同意"}]]>
      </conditionExpression>
    </sequenceFlow>
    <exclusiveGateway id="G2" name="IT负责人审批结果"/>
    <sequenceFlow id="sid-6AE241DE-CEFD-40C8-A777-9BDE0D6CD817" sourceRef="t02axcomcio" targetRef="G2"/>
    <serviceTask id="mail3" name="IT负责人否决通知" activiti:async="true" activiti:exclusive="false"  activiti:type="mail">
      <extensionElements>
        <activiti:field name="from">
          <activiti:string>
            <![CDATA[bpmsmail@bpms.dev]]>
          </activiti:string>
        </activiti:field>
        <activiti:field name="to">
          <activiti:string>
            <![CDATA[esbmail@bpms.dev]]>
          </activiti:string>
        </activiti:field>
        <activiti:field name="subject">
          <activiti:string>
            <![CDATA[HRM002_notification]]>
          </activiti:string>
        </activiti:field>
        <activiti:field name="text">
          <activiti:expression>{"source":"bpms", "refNo":"${process_instance_id}", "from":"develop@eorionsolution.com", "to":["${initiator_email}"], "cc":["bladeshao@eorionsolution.com"], "mailSubject":"申请否决提醒: IT应用申请(${process_instance_id})", "mailData":{"process_instance_id":"${process_instance_id}", "coreaction_t02":"${coreaction_t02}", "corecomments_t02":"${corecomments_t02}"}, "mailTemplate":"it002_g1n"} </activiti:expression>
        </activiti:field>
        <activiti:field name="charset">
          <activiti:string>
            <![CDATA[UTF-8]]>
          </activiti:string>
        </activiti:field>
      </extensionElements>
    </serviceTask>
    <endEvent id="E2" name="IT负责人否决"/>
    <sequenceFlow id="sid-0FA3F107-8DFD-4A99-A23F-5C68C368CBDA" sourceRef="mail3" targetRef="E2"/>
    <userTask id="t03axcomitadmin" name="IT应用申请: 应用权限操作" activiti:candidateGroups="admin" activiti:dueDate="PT2H" activiti:priority="80">
      <extensionElements>
        <activiti:formProperty id="coreaction_执行结果_1_enum_rbv_$$A" name="执行结果" type="enum" variable="coreaction_t03" writable="true" required="true">
          <activiti:value id="完成" name="完成"/>
          <activiti:value id="异常" name="异常"/>
        </activiti:formProperty>
        <activiti:formProperty id="corecomments_备注_2_string_t2_$$B" name="备注" type="string" variable="corecomments_t03" writable="true" required="false"/>
        <activiti:formProperty id="applier_实际使用人_1_string_t1_$$VA" name="实际使用人" type="string" variable="applier_t00"/>
        <activiti:formProperty id="employeeid_员工号_2_string_t1_$$VA" name="员工号" type="string" variable="employeeid_t00"/>
        <activiti:formProperty id="applicationtype_申请类型_3_enum_sbs_$$VB" name="申请类型" type="string" variable="applicationtype_t00"/>
        <activiti:formProperty id="remark_申请原因_4_string_t2_$$VC" name="申请原因" type="string" variable="remark_t00"/>
        <activiti:formProperty id="attachment_附件_5_string_t9_$$VD" name="附件" type="string" variable="attachment_t00"/>
        <activiti:formProperty id="coreaction_分管审批结果_6_enum_rbv_$$VD" name="分管审批结果" type="string" variable="coreaction_t01"/>
        <activiti:formProperty id="corecomments_分管审批意见_7_string_t2_$$VD" name="分管审批意见" type="string" variable="corecomments_t01"/>
        <activiti:formProperty id="coreaction2_IT审批结果_8_enum_rbv_$$VE" name="IT审批结果" type="string" variable="coreaction_t02"/>
        <activiti:formProperty id="corecomments2_IT审批意见_9_string_t2_$$VE" name="IT审批意见" type="string" variable="corecomments_t02"/>
		
        <activiti:formProperty id="tbhdappdet_item_$$VA" name="应用申请明细" type="string" variable="tbhdappdet_item" writable="true" readable="true"/>
        <activiti:formProperty id="tbhdappdet_应用类型_appdetailtype_1_enum_sbs_$$VA" name="应用类型" type="string" variable="tbhdappdet_appdetailtype_t00" writable="true" readable="true"/>
        <activiti:formProperty id="tbhdappdet_要求_requirement_2_string_t2_$$VA" name="申请要求" type="string" variable="tbhdappdet_requirement_t00" writable="true" readable="true"/>
        <activiti:formProperty id="tbhdappdet_备注_comments_3_string_t2_$$VA" name="备注" type="string" variable="tbhdappdet_comments_t00" writable="true" readable="true"/>
      </extensionElements>
    </userTask>
    <sequenceFlow id="sid-8BA3ECB3-09D4-42B1-BE9A-94E1E6229457" name="否决" sourceRef="G1" targetRef="mail2">
      <conditionExpression xsi:type="tFormalExpression">
        <![CDATA[${coreaction_t01=="拒绝"}]]> 
      </conditionExpression>
    </sequenceFlow>
    <sequenceFlow id="sid-4C4F0BC8-29B3-4A2D-BFC6-F31297BF10F8" name="否决" sourceRef="G2" targetRef="mail3">
      <conditionExpression xsi:type="tFormalExpression">
        <![CDATA[${coreaction_t02=="拒绝"}]]>
      </conditionExpression>
    </sequenceFlow>
    <sequenceFlow id="sid-3EB3550F-1E17-4B6A-A462-74768C16AFD4" name="同意" sourceRef="G2" targetRef="t03axcomitadmin">
      <conditionExpression xsi:type="tFormalExpression">
        <![CDATA[${coreaction_t02=="同意"}]]>
      </conditionExpression>
    </sequenceFlow>
    <serviceTask id="mail4" name="执行完成通知" activiti:async="true" activiti:exclusive="false"  activiti:type="mail">
      <extensionElements>
        <activiti:field name="from">
          <activiti:string>
            <![CDATA[bpmsmail@bpms.dev]]>
          </activiti:string>
        </activiti:field>
        <activiti:field name="to">
          <activiti:string>
            <![CDATA[esbmail@bpms.dev]]>
          </activiti:string>
        </activiti:field>
        <activiti:field name="subject">
          <activiti:string>
            <![CDATA[HRM002_notification]]>
          </activiti:string>
        </activiti:field>
        <activiti:field name="text">
          <activiti:expression>{"source":"bpms", "refNo":"${process_instance_id}", "from":"develop@eorionsolution.com", "to":["${initiator_email}"], "cc":["bladeshao@eorionsolution.com"], "mailSubject":"申请通过: IT应用申请(${process_instance_id})", "mailData":{"process_instance_id":"${process_instance_id}", "applier_t00":"${applier_t00}", "employeeid_t00":"${employeeid_t00}", "applicationtype_t00":"${applicationtype_t00}", "coreaction_t03":"${coreaction_t03}", "corecomments_t03":"${corecomments_t03}"}, "mailTemplate":"it002_all"} </activiti:expression>
        </activiti:field>
        <activiti:field name="charset">
          <activiti:string>
            <![CDATA[UTF-8]]>
          </activiti:string>
        </activiti:field>
      </extensionElements>
    </serviceTask>
    <sequenceFlow id="sid-5BA287FC-E6F9-43E6-95B5-FF42A5215769" sourceRef="t03axcomitadmin" targetRef="mail4"/>
    <endEvent id="E3" name="执行完成"/>
    <sequenceFlow id="sid-114615D4-0108-46A8-A065-A6DFADB65D8A" sourceRef="mail4" targetRef="E3"/>
  </process>
  <bpmndi:BPMNDiagram id="BPMNDiagram_RY_IT002">
    <bpmndi:BPMNPlane bpmnElement="RY_IT002" id="BPMNPlane_RY_IT002">
      <bpmndi:BPMNShape bpmnElement="t00axall" id="BPMNShape_t00axall">
        <omgdc:Bounds height="30.0" width="30.0" x="75.0" y="255.0"/>
      </bpmndi:BPMNShape>
      <bpmndi:BPMNShape bpmnElement="mail1" id="BPMNShape_mail1">
        <omgdc:Bounds height="80.0" width="100.0" x="195.0" y="230.0"/>
      </bpmndi:BPMNShape>
      <bpmndi:BPMNShape bpmnElement="t01axcomvp" id="BPMNShape_t01axcomvp">
        <omgdc:Bounds height="80.0" width="100.0" x="195.0" y="375.0"/>
      </bpmndi:BPMNShape>
      <bpmndi:BPMNShape bpmnElement="G1" id="BPMNShape_G1">
        <omgdc:Bounds height="40.0" width="40.0" x="225.0" y="540.0"/>
      </bpmndi:BPMNShape>
      <bpmndi:BPMNShape bpmnElement="E1" id="BPMNShape_E1">
        <omgdc:Bounds height="28.0" width="28.0" x="615.0" y="546.0"/>
      </bpmndi:BPMNShape>
      <bpmndi:BPMNShape bpmnElement="mail2" id="BPMNShape_mail2">
        <omgdc:Bounds height="80.0" width="100.0" x="390.0" y="520.0"/>
      </bpmndi:BPMNShape>
      <bpmndi:BPMNShape bpmnElement="t02axcomcio" id="BPMNShape_t02axcomcio">
        <omgdc:Bounds height="80.0" width="100.0" x="195.0" y="650.0"/>
      </bpmndi:BPMNShape>
      <bpmndi:BPMNShape bpmnElement="G2" id="BPMNShape_G2">
        <omgdc:Bounds height="40.0" width="40.0" x="225.0" y="815.0"/>
      </bpmndi:BPMNShape>
      <bpmndi:BPMNShape bpmnElement="mail3" id="BPMNShape_mail3">
        <omgdc:Bounds height="80.0" width="100.0" x="390.0" y="795.0"/>
      </bpmndi:BPMNShape>
      <bpmndi:BPMNShape bpmnElement="E2" id="BPMNShape_E2">
        <omgdc:Bounds height="28.0" width="28.0" x="615.0" y="821.0"/>
      </bpmndi:BPMNShape>
      <bpmndi:BPMNShape bpmnElement="t03axcomitadmin" id="BPMNShape_t03axcomitadmin">
        <omgdc:Bounds height="80.0" width="100.0" x="195.0" y="935.0"/>
      </bpmndi:BPMNShape>
      <bpmndi:BPMNShape bpmnElement="mail4" id="BPMNShape_mail4">
        <omgdc:Bounds height="80.0" width="100.0" x="390.0" y="935.0"/>
      </bpmndi:BPMNShape>
      <bpmndi:BPMNShape bpmnElement="E3" id="BPMNShape_E3">
        <omgdc:Bounds height="28.0" width="28.0" x="615.0" y="961.0"/>
      </bpmndi:BPMNShape>
      <bpmndi:BPMNEdge bpmnElement="sid-6AE241DE-CEFD-40C8-A777-9BDE0D6CD817" id="BPMNEdge_sid-6AE241DE-CEFD-40C8-A777-9BDE0D6CD817">
        <omgdi:waypoint x="245.0" y="730.0"/>
        <omgdi:waypoint x="245.0" y="815.0"/>
      </bpmndi:BPMNEdge>
      <bpmndi:BPMNEdge bpmnElement="sid-9AD2AA64-888D-4A59-BA35-1E15016AB047" id="BPMNEdge_sid-9AD2AA64-888D-4A59-BA35-1E15016AB047">
        <omgdi:waypoint x="245.0" y="455.0"/>
        <omgdi:waypoint x="245.0" y="540.0"/>
      </bpmndi:BPMNEdge>
      <bpmndi:BPMNEdge bpmnElement="sid-244FF52E-50F6-456C-A999-84205879A530" id="BPMNEdge_sid-244FF52E-50F6-456C-A999-84205879A530">
        <omgdi:waypoint x="490.0" y="560.0"/>
        <omgdi:waypoint x="615.0" y="560.0"/>
      </bpmndi:BPMNEdge>
      <bpmndi:BPMNEdge bpmnElement="sid-3EB3550F-1E17-4B6A-A462-74768C16AFD4" id="BPMNEdge_sid-3EB3550F-1E17-4B6A-A462-74768C16AFD4">
        <omgdi:waypoint x="245.431654676259" y="854.568345323741"/>
        <omgdi:waypoint x="245.14336917562724" y="935.0"/>
      </bpmndi:BPMNEdge>
      <bpmndi:BPMNEdge bpmnElement="sid-5BA287FC-E6F9-43E6-95B5-FF42A5215769" id="BPMNEdge_sid-5BA287FC-E6F9-43E6-95B5-FF42A5215769">
        <omgdi:waypoint x="295.0" y="975.0"/>
        <omgdi:waypoint x="390.0" y="975.0"/>
      </bpmndi:BPMNEdge>
      <bpmndi:BPMNEdge bpmnElement="sid-71FA7468-A127-4C4A-9718-CF35EA7F2512" id="BPMNEdge_sid-71FA7468-A127-4C4A-9718-CF35EA7F2512">
        <omgdi:waypoint x="105.0" y="270.0"/>
        <omgdi:waypoint x="195.0" y="270.0"/>
      </bpmndi:BPMNEdge>
      <bpmndi:BPMNEdge bpmnElement="sid-114615D4-0108-46A8-A065-A6DFADB65D8A" id="BPMNEdge_sid-114615D4-0108-46A8-A065-A6DFADB65D8A">
        <omgdi:waypoint x="490.0" y="975.0"/>
        <omgdi:waypoint x="615.0" y="975.0"/>
      </bpmndi:BPMNEdge>
      <bpmndi:BPMNEdge bpmnElement="sid-8CAC0EC2-347D-4563-89ED-B83C8C131613" id="BPMNEdge_sid-8CAC0EC2-347D-4563-89ED-B83C8C131613">
        <omgdi:waypoint x="245.0" y="310.0"/>
        <omgdi:waypoint x="245.0" y="375.0"/>
      </bpmndi:BPMNEdge>
      <bpmndi:BPMNEdge bpmnElement="sid-5EA558F5-D4CA-4C19-B624-18DB52AF0E04" id="BPMNEdge_sid-5EA558F5-D4CA-4C19-B624-18DB52AF0E04">
        <omgdi:waypoint x="245.4263565891473" y="579.5736434108527"/>
        <omgdi:waypoint x="245.15444015444015" y="650.0"/>
      </bpmndi:BPMNEdge>
      <bpmndi:BPMNEdge bpmnElement="sid-0FA3F107-8DFD-4A99-A23F-5C68C368CBDA" id="BPMNEdge_sid-0FA3F107-8DFD-4A99-A23F-5C68C368CBDA">
        <omgdi:waypoint x="490.0" y="835.0"/>
        <omgdi:waypoint x="615.0" y="835.0"/>
      </bpmndi:BPMNEdge>
      <bpmndi:BPMNEdge bpmnElement="sid-4C4F0BC8-29B3-4A2D-BFC6-F31297BF10F8" id="BPMNEdge_sid-4C4F0BC8-29B3-4A2D-BFC6-F31297BF10F8">
        <omgdi:waypoint x="264.54896907216494" y="835.4510309278351"/>
        <omgdi:waypoint x="390.0" y="835.1285347043702"/>
      </bpmndi:BPMNEdge>
      <bpmndi:BPMNEdge bpmnElement="sid-8BA3ECB3-09D4-42B1-BE9A-94E1E6229457" id="BPMNEdge_sid-8BA3ECB3-09D4-42B1-BE9A-94E1E6229457">
        <omgdi:waypoint x="264.54896907216494" y="560.4510309278351"/>
        <omgdi:waypoint x="390.0" y="560.1285347043702"/>
      </bpmndi:BPMNEdge>
    </bpmndi:BPMNPlane>
  </bpmndi:BPMNDiagram>
</definitions>
