<?xml version="1.0" encoding="UTF-8"?>

<definitions xmlns="http://www.omg.org/spec/BPMN/20100524/MODEL" xmlns:xsi="http://www.w3.org/2001/XMLSchema-instance" xmlns:activiti="http://activiti.org/bpmn" xmlns:bpmndi="http://www.omg.org/spec/BPMN/20100524/DI" xmlns:omgdc="http://www.omg.org/spec/DD/20100524/DC" xmlns:omgdi="http://www.omg.org/spec/DD/20100524/DI" typeLanguage="http://www.w3.org/2001/XMLSchema" expressionLanguage="http://www.w3.org/1999/XPath" targetNamespace="http://www.activiti.org/test">
  <process id="tetwww" name="fasdfasdf" activiti:bpmType="1777">
    <startEvent id="node2" name="开始"/>
    <endEvent id="node4" name="结束"/>
    <userTask id="node5" name="审批" activiti:user="jg_admin" activiti:roleIds="" activiti:formUrl="WFWFW" activiti:taskType="bpm_exa_approve" activiti:param="">
      <extensionElements>
        <activiti:taskListener event="create" expression="${taskAssignHandler.createTaskListener(task)}"/>
        <activiti:taskListener event="assignment" expression="${taskAssignHandler.assignTaskListener(task)}"/>
        <activiti:taskListener event="complete" expression="${taskAssignHandler.completeTaskListener(task)}"/>
        <activiti:executionListener expression="${taskAssignHandler.executionStart(execution)}" event="start"/>
      </extensionElements>
    </userTask>
    <sequenceFlow id="flow1" name="" sourceRef="node2" targetRef="node5"/>
    <sequenceFlow id="flow3" name="" sourceRef="node5" targetRef="node4"/>
  </process>  
  <bpmndi:BPMNDiagram id="BPMNDiagram_tetwww">
    <bpmndi:BPMNPlane bpmnElement="tetwww" id="BPMNPlane_tetwww">
      <bpmndi:BPMNShape bpmnElement="node2" id="BPMNShape_node2">
        <omgdc:Bounds height="60" width="100" x="19" y="15"/>
      </bpmndi:BPMNShape>
      <bpmndi:BPMNShape bpmnElement="node4" id="BPMNShape_node4">
        <omgdc:Bounds height="60" width="100" x="302" y="14"/>
      </bpmndi:BPMNShape>
      <bpmndi:BPMNShape bpmnElement="node5" id="BPMNShape_node5">
        <omgdc:Bounds height="60" width="100" x="161" y="14"/>
      </bpmndi:BPMNShape>
      <bpmndi:BPMNEdge bpmnElement="flow1" id="BPMNEdge_flow1">
        <omgdi:waypoint x="69" y="45"/>
        <omgdi:waypoint x="211" y="44"/>
      </bpmndi:BPMNEdge>
      <bpmndi:BPMNEdge bpmnElement="flow3" id="BPMNEdge_flow3">
        <omgdi:waypoint x="211" y="44"/>
        <omgdi:waypoint x="352" y="44"/>
      </bpmndi:BPMNEdge> 
    </bpmndi:BPMNPlane>
  </bpmndi:BPMNDiagram>
</definitions>
