<?xml version="1.0" encoding="UTF-8"?>
<definitions xmlns="http://www.omg.org/spec/BPMN/20100524/MODEL" xmlns:xsi="http://www.w3.org/2001/XMLSchema-instance" xmlns:xsd="http://www.w3.org/2001/XMLSchema" xmlns:activiti="http://activiti.org/bpmn" xmlns:bpmndi="http://www.omg.org/spec/BPMN/20100524/DI" xmlns:omgdc="http://www.omg.org/spec/DD/20100524/DC" xmlns:omgdi="http://www.omg.org/spec/DD/20100524/DI" typeLanguage="http://www.w3.org/2001/XMLSchema" expressionLanguage="http://www.w3.org/1999/XPath" targetNamespace="http://www.activiti.org/test">
  <process id="myProcess" name="My process" isExecutable="true">
    <startEvent id="startevent" name="startPoint" activiti:initiator="applyUser"></startEvent>
    <userTask id="collegeTeacherAudit" name="学院处老师审核">
      <extensionElements>
        <activiti:taskListener event="create" delegateExpression="${assignUserListener}">
          <activiti:field name="groupType">
            <activiti:string><![CDATA[collegeTeacher]]></activiti:string>
          </activiti:field>
        </activiti:taskListener>
      </extensionElements>
    </userTask>
    <userTask id="teacherAduit" name="就业处老师审核">
      <extensionElements>
        <activiti:taskListener event="create" delegateExpression="${assignUserListener}">
          <activiti:field name="groupType">
            <activiti:string><![CDATA[Teacher]]></activiti:string>
          </activiti:field>
        </activiti:taskListener>
      </extensionElements>
    </userTask>
    <endEvent id="endevent" name="endPoint"></endEvent>
    <sequenceFlow id="flow1" sourceRef="startevent" targetRef="collegeTeacherAudit"></sequenceFlow>
    <exclusiveGateway id="exclusivegateway1" name="Exclusive Gateway"></exclusiveGateway>
    <sequenceFlow id="flow7" sourceRef="collegeTeacherAudit" targetRef="exclusivegateway1"></sequenceFlow>
    <exclusiveGateway id="exclusivegateway2" name="Exclusive Gateway"></exclusiveGateway>
    <sequenceFlow id="flow8" sourceRef="teacherAduit" targetRef="exclusivegateway2"></sequenceFlow>
    <sequenceFlow id="flow9" sourceRef="exclusivegateway2" targetRef="endevent">
      <conditionExpression xsi:type="tFormalExpression"><![CDATA[${audit==2}]]></conditionExpression>
    </sequenceFlow>
    <sequenceFlow id="flow10" sourceRef="exclusivegateway1" targetRef="teacherAduit">
      <conditionExpression xsi:type="tFormalExpression"><![CDATA[${audit==2}]]></conditionExpression>
    </sequenceFlow>
    <sequenceFlow id="flow11" sourceRef="exclusivegateway1" targetRef="usertask1">
      <conditionExpression xsi:type="tFormalExpression"><![CDATA[${audit==5}]]></conditionExpression>
    </sequenceFlow>
    <sequenceFlow id="flow12" sourceRef="exclusivegateway2" targetRef="collegeTeacherAudit">
      <conditionExpression xsi:type="tFormalExpression"><![CDATA[${audit==5}]]></conditionExpression>
    </sequenceFlow>
    <userTask id="usertask1" name="退回修改" activiti:assignee="${applyUser}"></userTask>
    <sequenceFlow id="flow13" sourceRef="usertask1" targetRef="collegeTeacherAudit"></sequenceFlow>
  </process>
  <bpmndi:BPMNDiagram id="BPMNDiagram_myProcess">
    <bpmndi:BPMNPlane bpmnElement="myProcess" id="BPMNPlane_myProcess">
      <bpmndi:BPMNShape bpmnElement="startevent" id="BPMNShape_startevent">
        <omgdc:Bounds height="35.0" width="35.0" x="30.0" y="110.0"></omgdc:Bounds>
      </bpmndi:BPMNShape>
      <bpmndi:BPMNShape bpmnElement="collegeTeacherAudit" id="BPMNShape_collegeTeacherAudit">
        <omgdc:Bounds height="75.0" width="105.0" x="123.0" y="91.0"></omgdc:Bounds>
      </bpmndi:BPMNShape>
      <bpmndi:BPMNShape bpmnElement="teacherAduit" id="BPMNShape_teacherAduit">
        <omgdc:Bounds height="75.0" width="105.0" x="519.0" y="91.0"></omgdc:Bounds>
      </bpmndi:BPMNShape>
      <bpmndi:BPMNShape bpmnElement="endevent" id="BPMNShape_endevent">
        <omgdc:Bounds height="35.0" width="35.0" x="920.0" y="107.0"></omgdc:Bounds>
      </bpmndi:BPMNShape>
      <bpmndi:BPMNShape bpmnElement="exclusivegateway1" id="BPMNShape_exclusivegateway1">
        <omgdc:Bounds height="40.0" width="40.0" x="319.0" y="114.0"></omgdc:Bounds>
      </bpmndi:BPMNShape>
      <bpmndi:BPMNShape bpmnElement="exclusivegateway2" id="BPMNShape_exclusivegateway2">
        <omgdc:Bounds height="40.0" width="40.0" x="738.0" y="128.0"></omgdc:Bounds>
      </bpmndi:BPMNShape>
      <bpmndi:BPMNShape bpmnElement="usertask1" id="BPMNShape_usertask1">
        <omgdc:Bounds height="55.0" width="105.0" x="287.0" y="380.0"></omgdc:Bounds>
      </bpmndi:BPMNShape>
      <bpmndi:BPMNEdge bpmnElement="flow1" id="BPMNEdge_flow1">
        <omgdi:waypoint x="65.0" y="127.0"></omgdi:waypoint>
        <omgdi:waypoint x="123.0" y="128.0"></omgdi:waypoint>
      </bpmndi:BPMNEdge>
      <bpmndi:BPMNEdge bpmnElement="flow7" id="BPMNEdge_flow7">
        <omgdi:waypoint x="228.0" y="128.0"></omgdi:waypoint>
        <omgdi:waypoint x="319.0" y="134.0"></omgdi:waypoint>
      </bpmndi:BPMNEdge>
      <bpmndi:BPMNEdge bpmnElement="flow8" id="BPMNEdge_flow8">
        <omgdi:waypoint x="624.0" y="128.0"></omgdi:waypoint>
        <omgdi:waypoint x="738.0" y="148.0"></omgdi:waypoint>
      </bpmndi:BPMNEdge>
      <bpmndi:BPMNEdge bpmnElement="flow9" id="BPMNEdge_flow9">
        <omgdi:waypoint x="778.0" y="148.0"></omgdi:waypoint>
        <omgdi:waypoint x="920.0" y="124.0"></omgdi:waypoint>
      </bpmndi:BPMNEdge>
      <bpmndi:BPMNEdge bpmnElement="flow10" id="BPMNEdge_flow10">
        <omgdi:waypoint x="359.0" y="134.0"></omgdi:waypoint>
        <omgdi:waypoint x="519.0" y="128.0"></omgdi:waypoint>
      </bpmndi:BPMNEdge>
      <bpmndi:BPMNEdge bpmnElement="flow11" id="BPMNEdge_flow11">
        <omgdi:waypoint x="339.0" y="154.0"></omgdi:waypoint>
        <omgdi:waypoint x="339.0" y="280.0"></omgdi:waypoint>
        <omgdi:waypoint x="339.0" y="380.0"></omgdi:waypoint>
      </bpmndi:BPMNEdge>
      <bpmndi:BPMNEdge bpmnElement="flow12" id="BPMNEdge_flow12">
        <omgdi:waypoint x="758.0" y="168.0"></omgdi:waypoint>
        <omgdi:waypoint x="757.0" y="335.0"></omgdi:waypoint>
        <omgdi:waypoint x="175.0" y="335.0"></omgdi:waypoint>
        <omgdi:waypoint x="175.0" y="166.0"></omgdi:waypoint>
      </bpmndi:BPMNEdge>
      <bpmndi:BPMNEdge bpmnElement="flow13" id="BPMNEdge_flow13">
        <omgdi:waypoint x="339.0" y="380.0"></omgdi:waypoint>
        <omgdi:waypoint x="175.0" y="166.0"></omgdi:waypoint>
      </bpmndi:BPMNEdge>
    </bpmndi:BPMNPlane>
  </bpmndi:BPMNDiagram>
</definitions>