{"resourceId":"canvas","properties":{"id":"","name":"","documentation":"","auditing":"","monitoring":"","version":"","author":"","language":"English","namespaces":"","targetnamespace":"http://www.omg.org/bpmn20","expressionlanguage":"http://www.w3.org/1999/XPath","typelanguage":"http://www.w3.org/2001/XMLSchema","creationdate":"","modificationdate":""},"stencil":{"id":"BPMNDiagram"},"childShapes":[{"resourceId":"sid-4A6E8D08-0D92-4D6B-BBB9-9BE0C3D95529","properties":{"id":"","name":"","documentation":"","auditing":"","monitoring":"","eventdefinitionref":"","eventdefinitions":"","dataoutputassociations":"","dataoutput":"","outputset":"","bgcolor":"#ffffff","trigger":"None","frequency":"","applyincalc":true},"stencil":{"id":"StartNoneEvent"},"childShapes":[],"outgoing":[{"resourceId":"sid-EF4B5A5F-DF8F-4B71-A9EE-A780C80B01D4"}],"bounds":{"lowerRight":{"x":255,"y":375},"upperLeft":{"x":225,"y":345}},"dockers":[]},{"resourceId":"sid-FCB090AA-212D-46B3-BD9E-B910414CDF54","properties":{"id":"","name":"Task","documentation":"","auditing":"","monitoring":"","categories":"","startquantity":1,"completionquantity":1,"isforcompensation":"","assignments":"","callacitivity":"","tasktype":"None","inmessage":"","outmessage":"","implementation":"webService","resources":"","messageref":"","operationref":"","instantiate":"","script":"","script_language":"","bgcolor":"#ffffcc","looptype":"None","testbefore":"","loopcondition":"","loopmaximum":"","loopcardinality":"","loopdatainput":"","loopdataoutput":"","inputdataitem":"","outputdataitem":"","behavior":"all","complexbehaviordefinition":"","completioncondition":"","onebehavioreventref:":"signal","nonebehavioreventref":"signal","properties":"","datainputset":"","dataoutputset":"","operationname":"","inmessagename":"","inmsgitemkind":"Information","inmsgstructure":"","inmsgimport":"","inmsgiscollection":"","outmessagename":"","outmsgitemkind":"Information","outmsgstructure":"","outmsgimport":"","outmsgiscollection":"","time":"","costs":"","costcenter":"","applyincalc":true,"businesscaseindexmask":"bci","documentindexmask":"dim","validationmask":"vm","onentry":"enm","onedit":"edm","onexit":"exm","macrocontext":"mc"},"stencil":{"id":"Task"},"childShapes":[],"outgoing":[{"resourceId":"sid-23BB00F6-2741-4157-9684-6D33764B6E91"}],"bounds":{"lowerRight":{"x":400,"y":400},"upperLeft":{"x":300,"y":320}},"dockers":[]},{"resourceId":"sid-EF4B5A5F-DF8F-4B71-A9EE-A780C80B01D4","properties":{"id":"","name":"","documentation":"","auditing":"","monitoring":"","conditiontype":"None","conditionexpression":"","isimmediate":"","showdiamondmarker":"","probability":""},"stencil":{"id":"SequenceFlow"},"childShapes":[],"outgoing":[{"resourceId":"sid-FCB090AA-212D-46B3-BD9E-B910414CDF54"}],"bounds":{"lowerRight":{"x":299.15625,"y":360},"upperLeft":{"x":255.609375,"y":360}},"dockers":[{"x":15,"y":15},{"x":50,"y":40}],"target":{"resourceId":"sid-FCB090AA-212D-46B3-BD9E-B910414CDF54"}},{"resourceId":"sid-23BB00F6-2741-4157-9684-6D33764B6E91","properties":{"id":"","name":"","documentation":"","auditing":"","monitoring":"","conditiontype":"None","conditionexpression":"","isimmediate":"","showdiamondmarker":"","probability":""},"stencil":{"id":"SequenceFlow"},"childShapes":[],"outgoing":[{"resourceId":"sid-BFCFB61F-24C2-46B1-9808-46C963A3A523"}],"bounds":{"lowerRight":{"x":434.4303726662332,"y":358.1270508394901},"upperLeft":{"x":400.5696273337668,"y":356.8729491605099}},"dockers":[{"x":50,"y":40},{"x":50,"y":40}],"target":{"resourceId":"sid-BFCFB61F-24C2-46B1-9808-46C963A3A523"}},{"resourceId":"sid-BFCFB61F-24C2-46B1-9808-46C963A3A523","properties":{"type":"http://b3mn.org/stencilset/bpmn2.0#Task","id":"","name":"UserTask","documentation":"","auditing":"","monitoring":"","categories":"","startquantity":1,"completionquantity":1,"isforcompensation":"","assignments":"","callacitivity":"","tasktype":"User","inmessage":"","outmessage":"","implementation":"webService","resources":"","messageref":"","operationref":"","instantiate":"","script":"","script_language":"","bgcolor":"#ffffcc","looptype":"None","testbefore":"","loopcondition":"","loopmaximum":"","loopcardinality":"","loopdatainput":"","loopdataoutput":"","inputdataitem":"","outputdataitem":"","behavior":"all","complexbehaviordefinition":"","completioncondition":"","onebehavioreventref:":"signal","nonebehavioreventref":"signal","properties":"","datainputset":"","dataoutputset":"","operationname":"","inmessagename":"","inmsgitemkind":"Information","inmsgstructure":"","inmsgimport":"","inmsgiscollection":"","outmessagename":"","outmsgitemkind":"Information","outmsgstructure":"","outmsgimport":"","outmsgiscollection":"","time":"","costs":"","costcenter":"","applyincalc":true,"businesscaseindexmask":"","documentindexmask":"","validationmask":"sdf","onentry":"sdaf","onedit":"asdf","onexit":"","macrocontext":""},"stencil":{"id":"Task"},"childShapes":[],"outgoing":[{"resourceId":"sid-651C918A-CB11-4267-85FB-D57EE8C13B35"}],"bounds":{"lowerRight":{"x":535,"y":395},"upperLeft":{"x":435,"y":315}},"dockers":[]},{"resourceId":"sid-651C918A-CB11-4267-85FB-D57EE8C13B35","properties":{"id":"","name":"","documentation":"","auditing":"","monitoring":"","conditiontype":"None","conditionexpression":"","isimmediate":"","showdiamondmarker":"","probability":""},"stencil":{"id":"SequenceFlow"},"childShapes":[],"outgoing":[{"resourceId":"sid-40037E49-E189-49A2-B4F2-4EA0EFE698C5"}],"bounds":{"lowerRight":{"x":579.15625,"y":355},"upperLeft":{"x":535.84375,"y":355}},"dockers":[{"x":50,"y":40},{"x":50,"y":40}],"target":{"resourceId":"sid-40037E49-E189-49A2-B4F2-4EA0EFE698C5"}},{"resourceId":"sid-81E257EF-8EED-4F30-A72E-50B21448A010","properties":{"id":"","name":"","documentation":"","auditing":"","monitoring":"","eventdefinitionref":"","eventdefinitions":"","datainputassociations":"","datainput":"","inputset":"","bgcolor":"#ffffff","trigger":"None"},"stencil":{"id":"EndNoneEvent"},"childShapes":[],"outgoing":[],"bounds":{"lowerRight":{"x":753,"y":369},"upperLeft":{"x":725,"y":341}},"dockers":[]},{"resourceId":"sid-CCA61671-6ACD-48C1-9700-C1D3A220F981","properties":{"id":"","name":"","documentation":"","auditing":"","monitoring":"","conditiontype":"None","conditionexpression":"","isimmediate":"","showdiamondmarker":"","probability":""},"stencil":{"id":"SequenceFlow"},"childShapes":[],"outgoing":[{"resourceId":"sid-81E257EF-8EED-4F30-A72E-50B21448A010"}],"bounds":{"lowerRight":{"x":724.375,"y":355},"upperLeft":{"x":680.390625,"y":355}},"dockers":[{"x":50,"y":40},{"x":14,"y":14}],"target":{"resourceId":"sid-81E257EF-8EED-4F30-A72E-50B21448A010"}},{"resourceId":"sid-40037E49-E189-49A2-B4F2-4EA0EFE698C5","properties":{"type":"http://b3mn.org/stencilset/bpmn2.0#Task","id":"","name":"scr","documentation":"","auditing":"","monitoring":"","categories":"","startquantity":1,"completionquantity":1,"isforcompensation":"","assignments":"","callacitivity":"","tasktype":"Script","inmessage":"","outmessage":"","implementation":"webService","resources":"","messageref":"","operationref":"","instantiate":"","script":"","script_language":"","bgcolor":"#ffffcc","looptype":"None","testbefore":"","loopcondition":"","loopmaximum":"","loopcardinality":"","loopdatainput":"","loopdataoutput":"","inputdataitem":"","outputdataitem":"","behavior":"all","complexbehaviordefinition":"","completioncondition":"","onebehavioreventref:":"signal","nonebehavioreventref":"signal","properties":"","datainputset":"","dataoutputset":"","operationname":"","inmessagename":"","inmsgitemkind":"Information","inmsgstructure":"","inmsgimport":"","inmsgiscollection":"","outmessagename":"","outmsgitemkind":"Information","outmsgstructure":"","outmsgimport":"","outmsgiscollection":"","time":"","costs":"","costcenter":"","applyincalc":true,"businesscaseindexmask":"a","documentindexmask":"b","validationmask":"c","onentry":"d","onedit":"e","onexit":"f","macrocontext":"g"},"stencil":{"id":"Task"},"childShapes":[],"outgoing":[{"resourceId":"sid-CCA61671-6ACD-48C1-9700-C1D3A220F981"}],"bounds":{"lowerRight":{"x":680,"y":395},"upperLeft":{"x":580,"y":315}},"dockers":[]}],"bounds":{"lowerRight":{"x":1485,"y":1050},"upperLeft":{"x":0,"y":0}},"stencilset":{"url":"/editor/stencilsets/bpmn2.0/bpmn2.0.json","namespace":"http://signavio/saperion#"},"ssextensions":["http://oryx-editor.org/stencilsets/extensions/saperion#","http://oryx-editor.org/stencilsets/extensions/bpmn2.0basicsubset/saperion#"]}