<?xml version="1.0" encoding="UTF-8"?>
<definitions 
  xmlns:xsi="http://www.w3.org/2001/XMLSchema-instance"
  xsi:schemaLocation="http://schema.omg.org/spec/BPMN/2.0 ../../../../../../../../../../bpmn/src/main/resources/BPMN20.xsd"
  xmlns="http://schema.omg.org/spec/BPMN/2.0"
  typeLanguage="http://www.w3.org/2001/XMLSchema"
  expressionLanguage="http://www.w3.org/1999/XPath" 
  targetNamespace="http://jbpm.org/example/bpmn2/exclusive_gateway"
  xmlns:jbpm="http://jbpm.org/bpmn2">

  <process id="exclusiveGateway">

    <startEvent id="start" />

   <sequenceFlow id="flow1" name="fromStartToExclusiveGateway"
      sourceRef="start" targetRef="decideBasedOnAmountGateway" />
      
   <exclusiveGateway id="decideBasedOnAmountGateway" name="decideBasedOnAmount" />
   
   <sequenceFlow id="flow2" name="fromGatewayToEndNotEnough"
      sourceRef="decideBasedOnAmountGateway" targetRef="endNotEnough">
      <conditionExpression xsi:type="tFormalExpression">${amount &lt; 100}</conditionExpression>
   </sequenceFlow>
      
   <sequenceFlow id="flow3" name="fromGatewayToEnEnough"
      sourceRef="decideBasedOnAmountGateway" targetRef="endEnough">
      <conditionExpression xsi:type="tFormalExpression">${amount &lt;= 500 &amp;&amp; amount &gt;= 100}</conditionExpression>
   </sequenceFlow>
      
   <sequenceFlow id="flow4" name="fromGatewayToMoreThanEnough"
      sourceRef="decideBasedOnAmountGateway" targetRef="endMoreThanEnough">
      <conditionExpression xsi:type="tFormalExpression">${amount &gt; 500}</conditionExpression>
   </sequenceFlow>   

   <endEvent id="endNotEnough" name="not enough" />
   
   <endEvent id="endEnough" name="enough" />
   
   <endEvent id="endMoreThanEnough" name="more than enough" />

  </process>
  
</definitions>
