{
	"title":"Core Elements",
	"title_de":"Kernelemente",
	"namespace":"http://oryx-editor.org/stencilsets/extensions/bpmn1.1basicsubset#",
	"description":"A basic subset of BPMN 1.1 containing only task, sequence flow, start event, end event, parallel gateway and data-based XOR.",
	"extends":"http://b3mn.org/stencilset/bpmn1.1#",
	"stencils":[],
	"properties":[],
	"rules": {
		"connectionRules": [],
        "cardinalityRules": [],
		"containmentRules": []
	},
	"removestencils": [
		"CollapsedSubprocess",
		"Subprocess",
		"Exclusive_Eventbased_Gateway",
		"OR_Gateway",
		"Complex_Gateway",
		/*"Pool",*/
		"CollapsedPool",
		/*"Lane",*/
		"Group",
		"TextAnnotation",
		"DataObject",
		/*"StartMessageEvent",*/
		/*"StartTimerEvent",*/
		"StartConditionalEvent",
		"StartSignalEvent",
		"StartMultipleEvent",
		"IntermediateEvent",
		"IntermediateMessageEventCatching",
		"IntermediateMessageEventThrowing",
		"IntermediateTimerEvent",
		"IntermediateErrorEvent",
		"IntermediateCancelEvent",
		"IntermediateCompensationEventCatching",
		"IntermediateCompensationEventThrowing",
		"IntermediateConditionalEvent",
		"IntermediateSignalEventCatching",
		"IntermediateSignalEventThrowing",
		"IntermediateMultipleEventCatching",
		"IntermediateMultipleEventThrowing",
		"IntermediateLinkEventCatching",
		"IntermediateLinkEventThrowing",
		"EndMessageEvent",
		"EndErrorEvent",
		"EndCancelEvent",
		"EndCompensationEvent",
		"EndSignalEvent",
		"EndMultipleEvent",
		"EndTerminateEvent",
		/*"MessageFlow",*/
		"Association_Undirected",
		"Association_Unidirectional",
		"Association_Bidirectional"
	],
	"removeproperties": []
}
