<?xml version="1.0" encoding="UTF-8" standalone="yes"?>
<definitions xmlns="http://www.omg.org/spec/BPMN/20100524/MODEL" xmlns:activiti="http://activiti.org/bpmn" xmlns:bpmndi="http://www.omg.org/spec/BPMN/20100524/DI" xmlns:dc="http://www.omg.org/spec/DD/20100524/DC" xmlns:di="http://www.omg.org/spec/DD/20100524/DI" xmlns:tns="http://www.activiti.org/testm1537182585482" xmlns:xsd="http://www.w3.org/2001/XMLSchema" xmlns:xsi="http://www.w3.org/2001/XMLSchema-instance" expressionLanguage="http://www.w3.org/1999/XPath" id="m1537182585482" name="" targetNamespace="http://www.activiti.org/testm1537182585482" typeLanguage="http://www.w3.org/2001/XMLSchema">
  <process id="DocConsulst" isClosed="false" isExecutable="true" name="docConsult" processType="None">
    <startEvent id="_2" name="StartEvent"/>
    <endEvent id="_3" name="EndEvent"/>
    <userTask activiti:assignee="张三" activiti:async="false" activiti:exclusive="true" id="_4" name="申请人"/>
    <userTask activiti:assignee="李四" activiti:exclusive="true" id="_5" name="部门经理"/>
    <userTask activiti:assignee="王五" activiti:exclusive="true" id="_6" name="总经理"/>
    <sequenceFlow id="_7" sourceRef="_2" targetRef="_4"/>
    <sequenceFlow id="_8" sourceRef="_4" targetRef="_5"/>
    <sequenceFlow id="_9" sourceRef="_5" targetRef="_6"/>
    <sequenceFlow id="_10" sourceRef="_6" targetRef="_3"/>
  </process>
  <bpmndi:BPMNDiagram documentation="background=#FFFFFF;count=1;horizontalcount=1;orientation=0;width=842.4;height=1195.2;imageableWidth=832.4;imageableHeight=1185.2;imageableX=5.0;imageableY=5.0" id="Diagram-_1" name="New Diagram">
    <bpmndi:BPMNPlane bpmnElement="DocConsulst">
      <bpmndi:BPMNShape bpmnElement="_2" id="Shape-_2">
        <dc:Bounds height="32.0" width="32.0" x="85.0" y="40.0"/>
        <bpmndi:BPMNLabel>
          <dc:Bounds height="32.0" width="32.0" x="0.0" y="0.0"/>
        </bpmndi:BPMNLabel>
      </bpmndi:BPMNShape>
      <bpmndi:BPMNShape bpmnElement="_3" id="Shape-_3">
        <dc:Bounds height="32.0" width="32.0" x="545.0" y="220.0"/>
        <bpmndi:BPMNLabel>
          <dc:Bounds height="32.0" width="32.0" x="0.0" y="0.0"/>
        </bpmndi:BPMNLabel>
      </bpmndi:BPMNShape>
      <bpmndi:BPMNShape bpmnElement="_4" id="Shape-_4">
        <dc:Bounds height="55.0" width="85.0" x="135.0" y="45.0"/>
        <bpmndi:BPMNLabel>
          <dc:Bounds height="55.0" width="85.0" x="0.0" y="0.0"/>
        </bpmndi:BPMNLabel>
      </bpmndi:BPMNShape>
      <bpmndi:BPMNShape bpmnElement="_5" id="Shape-_5">
        <dc:Bounds height="55.0" width="85.0" x="425.0" y="45.0"/>
        <bpmndi:BPMNLabel>
          <dc:Bounds height="55.0" width="85.0" x="0.0" y="0.0"/>
        </bpmndi:BPMNLabel>
      </bpmndi:BPMNShape>
      <bpmndi:BPMNShape bpmnElement="_6" id="Shape-_6">
        <dc:Bounds height="55.0" width="85.0" x="345.0" y="185.0"/>
        <bpmndi:BPMNLabel>
          <dc:Bounds height="55.0" width="85.0" x="0.0" y="0.0"/>
        </bpmndi:BPMNLabel>
      </bpmndi:BPMNShape>
      <bpmndi:BPMNEdge bpmnElement="_7" id="BPMNEdge__7" sourceElement="_2" targetElement="_4">
        <di:waypoint x="117.0" y="56.0"/>
        <di:waypoint x="135.0" y="72.5"/>
        <bpmndi:BPMNLabel>
          <dc:Bounds height="0.0" width="0.0" x="0.0" y="0.0"/>
        </bpmndi:BPMNLabel>
      </bpmndi:BPMNEdge>
      <bpmndi:BPMNEdge bpmnElement="_8" id="BPMNEdge__8" sourceElement="_4" targetElement="_5">
        <di:waypoint x="220.0" y="72.5"/>
        <di:waypoint x="425.0" y="72.5"/>
        <bpmndi:BPMNLabel>
          <dc:Bounds height="0.0" width="0.0" x="0.0" y="0.0"/>
        </bpmndi:BPMNLabel>
      </bpmndi:BPMNEdge>
      <bpmndi:BPMNEdge bpmnElement="_9" id="BPMNEdge__9" sourceElement="_5" targetElement="_6">
        <di:waypoint x="425.0" y="72.5"/>
        <di:waypoint x="360.0" y="140.0"/>
        <di:waypoint x="360.0" y="185.0"/>
        <bpmndi:BPMNLabel>
          <dc:Bounds height="0.0" width="0.0" x="0.0" y="0.0"/>
        </bpmndi:BPMNLabel>
      </bpmndi:BPMNEdge>
      <bpmndi:BPMNEdge bpmnElement="_10" id="BPMNEdge__10" sourceElement="_6" targetElement="_3">
        <di:waypoint x="430.0" y="212.5"/>
        <di:waypoint x="545.0" y="236.0"/>
        <bpmndi:BPMNLabel>
          <dc:Bounds height="0.0" width="0.0" x="0.0" y="0.0"/>
        </bpmndi:BPMNLabel>
      </bpmndi:BPMNEdge>
    </bpmndi:BPMNPlane>
  </bpmndi:BPMNDiagram>
</definitions>
