<?xml version="1.0" encoding="UTF-8"?>
<definitions xmlns="http://www.omg.org/spec/BPMN/20100524/MODEL" xmlns:xsi="http://www.w3.org/2001/XMLSchema-instance" xmlns:xsd="http://www.w3.org/2001/XMLSchema" xmlns:activiti="http://activiti.org/bpmn" xmlns:bpmndi="http://www.omg.org/spec/BPMN/20100524/DI" xmlns:omgdc="http://www.omg.org/spec/DD/20100524/DC" xmlns:omgdi="http://www.omg.org/spec/DD/20100524/DI" typeLanguage="http://www.w3.org/2001/XMLSchema" expressionLanguage="http://www.w3.org/1999/XPath" targetNamespace="http://www.activiti.org/processdef">
  <process id="process" isExecutable="true">
    <startEvent id="sid-550A27CC-345D-4A6C-8A96-E7011CE92D76"></startEvent>
    <userTask id="sid-938A71D1-F817-45F2-9785-519D0CC8D09A" name="create task" activiti:assignee="kermit" activiti:formKey="createTask">
      <extensionElements>
        <activiti:formProperty id="name" name="task name" type="string" variable="name" required="true"></activiti:formProperty>
        <activiti:formProperty id="description" name="description" type="string" variable="description" required="true"></activiti:formProperty>
      </extensionElements>
    </userTask>
    <userTask id="sid-A6978588-BF9A-4A52-9D08-ABB7E5594AA9" name="difene expected time" activiti:assignee="kermit" activiti:formKey="expectedTime">
      <extensionElements>
        <activiti:formProperty id="name" name="Name" type="string" variable="name" ></activiti:formProperty>
        <activiti:formProperty id="description" name="Description" type="string" variable="description" ></activiti:formProperty>
        <activiti:formProperty id="expectedTime" name="Expected Time" type="long" variable="expectedTime" required="true"></activiti:formProperty>
      </extensionElements>
    </userTask>
    <userTask id="sid-753037C1-2114-4F78-8F96-AD3B290E169A" name="in progress" activiti:assignee="kermit" activiti:formKey="inProgress">
      <extensionElements>
        <activiti:formProperty id="name" name="name" type="string" variable="name" ></activiti:formProperty>
        <activiti:formProperty id="description" name="description" type="string" variable="description" ></activiti:formProperty>
        <activiti:formProperty id="expectedTime" name="expectedTIme" type="long" variable="expectedTime"></activiti:formProperty>
        <activiti:formProperty id="status" name="status" type="enum" variable="status" required="true">
          <activiti:value id="development" name="development"></activiti:value>
          <activiti:value id="testing" name="testing"></activiti:value>
          <activiti:value id="done" name="done"></activiti:value>
          <activiti:value id="reopened" name="reopened"></activiti:value>
        </activiti:formProperty>
      </extensionElements>
    </userTask>
    <userTask id="sid-2C48E2E5-50AA-4BDD-AAC1-5F4060D33FB1" name="testing" activiti:assignee="kermit" activiti:formKey="onTesting">
      <extensionElements>
        <activiti:formProperty id="name" name="name" type="string" variable="name"></activiti:formProperty>
        <activiti:formProperty id="description" name="description" type="string" variable="description" ></activiti:formProperty>
        <activiti:formProperty id="expectedTime" name="expectedTime" type="long" variable="expectedTime" ></activiti:formProperty>
        <activiti:formProperty id="status" name="status" type="enum" variable="status" required="true">
          <activiti:value id="development" name="development"></activiti:value>
          <activiti:value id="testing" name="testing"></activiti:value>
          <activiti:value id="done" name="done"></activiti:value>
          <activiti:value id="reopened" name="reopened"></activiti:value>
        </activiti:formProperty>
      </extensionElements>
    </userTask>
    <userTask id="sid-7CE80B5C-46B9-4717-B88F-DB6DB17D3094" name="set task status" activiti:assignee="kermit" activiti:formKey="setTaskStatus">
      <extensionElements>
        <activiti:formProperty id="name" name="name" type="string" variable="name" ></activiti:formProperty>
        <activiti:formProperty id="description" name="description" type="string" variable="description" ></activiti:formProperty>
        <activiti:formProperty id="expectedTime" name="expectedTime" type="long" variable="expectedTime" ></activiti:formProperty>
        <activiti:formProperty id="status" name="status" type="enum" variable="status" required="true">
          <activiti:value id="development" name="development"></activiti:value>
          <activiti:value id="testing" name="testing"></activiti:value>
          <activiti:value id="done" name="done"></activiti:value>
          <activiti:value id="reopened" name="reopened"></activiti:value>
        </activiti:formProperty>
      </extensionElements>
    </userTask>
    <exclusiveGateway id="sid-C045DD5C-7FEB-4132-A223-6D027F0884CF"></exclusiveGateway>
    <sequenceFlow id="sid-FAD58B01-EAC5-4ABD-B31C-DFD06BC32714" sourceRef="sid-550A27CC-345D-4A6C-8A96-E7011CE92D76" targetRef="sid-938A71D1-F817-45F2-9785-519D0CC8D09A"></sequenceFlow>
    <sequenceFlow id="sid-AFE00A65-C951-4EE5-9428-65D1E438A262" sourceRef="sid-938A71D1-F817-45F2-9785-519D0CC8D09A" targetRef="sid-A6978588-BF9A-4A52-9D08-ABB7E5594AA9"></sequenceFlow>
    <sequenceFlow id="sid-4DCC9EF3-D785-4A2E-ABA6-41E10EE0AB70" sourceRef="sid-A6978588-BF9A-4A52-9D08-ABB7E5594AA9" targetRef="sid-753037C1-2114-4F78-8F96-AD3B290E169A"></sequenceFlow>
    <sequenceFlow id="sid-1A6EE8F4-3378-4041-AAEB-CFA37F01AB64" sourceRef="sid-753037C1-2114-4F78-8F96-AD3B290E169A" targetRef="sid-2C48E2E5-50AA-4BDD-AAC1-5F4060D33FB1"></sequenceFlow>
    <sequenceFlow id="sid-E99F8DB2-F31C-485A-A367-4C4B5053AD2E" sourceRef="sid-2C48E2E5-50AA-4BDD-AAC1-5F4060D33FB1" targetRef="sid-7CE80B5C-46B9-4717-B88F-DB6DB17D3094"></sequenceFlow>
    <endEvent id="sid-08BA2CE5-CB33-42C1-B78E-1EA2409136AE"></endEvent>
    <userTask id="sid-7CE80B5C-46B9-4717-B88F-1234" name="task comleted" activiti:assignee="kermit">
      <extensionElements>
        <activiti:formProperty id="name" name="task name" type="string" variable="name" writable="false" required="true"></activiti:formProperty>
        <activiti:formProperty id="description" name="task description" type="string" variable="description" writable="false" required="true"></activiti:formProperty>
        <activiti:formProperty id="expectedTime" name="expected time" type="long" variable="expectedTime" writable="false" required="true"></activiti:formProperty>
        <activiti:formProperty id="status" name="task status" type="string" variable="status" writable="false" required="true"></activiti:formProperty>
      </extensionElements>
    </userTask>
    <sequenceFlow id="sid-D16151B7-23EC-495D-8EC9-FC00EB981020" sourceRef="sid-7CE80B5C-46B9-4717-B88F-1234" targetRef="sid-08BA2CE5-CB33-42C1-B78E-1EA2409136AE"></sequenceFlow>
    <sequenceFlow id="sid-88053635-17C0-497C-8CB6-C0B35C26F1F7" sourceRef="sid-7CE80B5C-46B9-4717-B88F-DB6DB17D3094" targetRef="sid-C045DD5C-7FEB-4132-A223-6D027F0884CF"></sequenceFlow>
    <sequenceFlow id="sid-36490200-0B32-46F3-9436-3A185A949A38" sourceRef="sid-C045DD5C-7FEB-4132-A223-6D027F0884CF" targetRef="sid-7CE80B5C-46B9-4717-B88F-1234">
      <conditionExpression xsi:type="tFormalExpression"><![CDATA[${status=="done"}]]></conditionExpression>
    </sequenceFlow>
    <sequenceFlow id="sid-8B6FC184-5127-451D-B391-1E7F8BF5BE77" sourceRef="sid-C045DD5C-7FEB-4132-A223-6D027F0884CF" targetRef="sid-A6978588-BF9A-4A52-9D08-ABB7E5594AA9">
      <conditionExpression xsi:type="tFormalExpression"><![CDATA[${status=="reopened"}]]></conditionExpression>
    </sequenceFlow>
  </process>
  <bpmndi:BPMNDiagram id="BPMNDiagram_process">
    <bpmndi:BPMNPlane bpmnElement="process" id="BPMNPlane_process">
      <bpmndi:BPMNShape bpmnElement="sid-550A27CC-345D-4A6C-8A96-E7011CE92D76" id="BPMNShape_sid-550A27CC-345D-4A6C-8A96-E7011CE92D76">
        <omgdc:Bounds height="30.0" width="30.0" x="91.44946932700263" y="257.47873386191657"></omgdc:Bounds>
      </bpmndi:BPMNShape>
      <bpmndi:BPMNShape bpmnElement="sid-938A71D1-F817-45F2-9785-519D0CC8D09A" id="BPMNShape_sid-938A71D1-F817-45F2-9785-519D0CC8D09A">
        <omgdc:Bounds height="80.0" width="100.00000000000003" x="160.03657132225462" y="228.6236733175066"></omgdc:Bounds>
      </bpmndi:BPMNShape>
      <bpmndi:BPMNShape bpmnElement="sid-A6978588-BF9A-4A52-9D08-ABB7E5594AA9" id="BPMNShape_sid-A6978588-BF9A-4A52-9D08-ABB7E5594AA9">
        <omgdc:Bounds height="80.0" width="100.0" x="320.07314264450923" y="228.6236733175066"></omgdc:Bounds>
      </bpmndi:BPMNShape>
      <bpmndi:BPMNShape bpmnElement="sid-753037C1-2114-4F78-8F96-AD3B290E169A" id="BPMNShape_sid-753037C1-2114-4F78-8F96-AD3B290E169A">
        <omgdc:Bounds height="80.00000000000006" width="100.0" x="509.7210719234432" y="228.62367331750653"></omgdc:Bounds>
      </bpmndi:BPMNShape>
      <bpmndi:BPMNShape bpmnElement="sid-2C48E2E5-50AA-4BDD-AAC1-5F4060D33FB1" id="BPMNShape_sid-2C48E2E5-50AA-4BDD-AAC1-5F4060D33FB1">
        <omgdc:Bounds height="80.00000000000003" width="100.0" x="674.7210719234432" y="228.62367331750656"></omgdc:Bounds>
      </bpmndi:BPMNShape>
      <bpmndi:BPMNShape bpmnElement="sid-7CE80B5C-46B9-4717-B88F-DB6DB17D3094" id="BPMNShape_sid-7CE80B5C-46B9-4717-B88F-DB6DB17D3094">
        <omgdc:Bounds height="80.0" width="100.0" x="823.0452239430238" y="228.6236733175066"></omgdc:Bounds>
      </bpmndi:BPMNShape>
      <bpmndi:BPMNShape bpmnElement="sid-C045DD5C-7FEB-4132-A223-6D027F0884CF" id="BPMNShape_sid-C045DD5C-7FEB-4132-A223-6D027F0884CF">
        <omgdc:Bounds height="40.0" width="40.0" x="853.0452239430238" y="145.72473466350132"></omgdc:Bounds>
      </bpmndi:BPMNShape>
      <bpmndi:BPMNShape bpmnElement="sid-08BA2CE5-CB33-42C1-B78E-1EA2409136AE" id="BPMNShape_sid-08BA2CE5-CB33-42C1-B78E-1EA2409136AE">
        <omgdc:Bounds height="28.0" width="28.0" x="1125.0" y="254.6236733175066"></omgdc:Bounds>
      </bpmndi:BPMNShape>
      <bpmndi:BPMNShape bpmnElement="sid-7CE80B5C-46B9-4717-B88F-1234" id="BPMNShape_sid-7CE80B5C-46B9-4717-B88F-1234">
        <omgdc:Bounds height="79.99999999999997" width="100.0" x="975.0" y="232.4787338619166"></omgdc:Bounds>
      </bpmndi:BPMNShape>
      <bpmndi:BPMNEdge bpmnElement="sid-E99F8DB2-F31C-485A-A367-4C4B5053AD2E" id="BPMNEdge_sid-E99F8DB2-F31C-485A-A367-4C4B5053AD2E">
        <omgdi:waypoint x="774.7210719234432" y="268.6236733175066"></omgdi:waypoint>
        <omgdi:waypoint x="823.0452239430238" y="268.6236733175066"></omgdi:waypoint>
      </bpmndi:BPMNEdge>
      <bpmndi:BPMNEdge bpmnElement="sid-36490200-0B32-46F3-9436-3A185A949A38" id="BPMNEdge_sid-36490200-0B32-46F3-9436-3A185A949A38">
        <omgdi:waypoint x="884.711474460612" y="174.05848414591307"></omgdi:waypoint>
        <omgdi:waypoint x="975.0" y="237.40093639502015"></omgdi:waypoint>
      </bpmndi:BPMNEdge>
      <bpmndi:BPMNEdge bpmnElement="sid-D16151B7-23EC-495D-8EC9-FC00EB981020" id="BPMNEdge_sid-D16151B7-23EC-495D-8EC9-FC00EB981020">
        <omgdi:waypoint x="1075.0" y="270.7879178336666"></omgdi:waypoint>
        <omgdi:waypoint x="1125.0079979459097" y="269.09683134431384"></omgdi:waypoint>
      </bpmndi:BPMNEdge>
      <bpmndi:BPMNEdge bpmnElement="sid-FAD58B01-EAC5-4ABD-B31C-DFD06BC32714" id="BPMNEdge_sid-FAD58B01-EAC5-4ABD-B31C-DFD06BC32714">
        <omgdi:waypoint x="121.4390925743521" y="271.9208854035334"></omgdi:waypoint>
        <omgdi:waypoint x="160.03657132225462" y="270.48445543716986"></omgdi:waypoint>
      </bpmndi:BPMNEdge>
      <bpmndi:BPMNEdge bpmnElement="sid-AFE00A65-C951-4EE5-9428-65D1E438A262" id="BPMNEdge_sid-AFE00A65-C951-4EE5-9428-65D1E438A262">
        <omgdi:waypoint x="260.03657132225464" y="268.6236733175066"></omgdi:waypoint>
        <omgdi:waypoint x="320.07314264450923" y="268.6236733175066"></omgdi:waypoint>
      </bpmndi:BPMNEdge>
      <bpmndi:BPMNEdge bpmnElement="sid-1A6EE8F4-3378-4041-AAEB-CFA37F01AB64" id="BPMNEdge_sid-1A6EE8F4-3378-4041-AAEB-CFA37F01AB64">
        <omgdi:waypoint x="609.7210719234432" y="268.6236733175066"></omgdi:waypoint>
        <omgdi:waypoint x="674.7210719234432" y="268.6236733175066"></omgdi:waypoint>
      </bpmndi:BPMNEdge>
      <bpmndi:BPMNEdge bpmnElement="sid-4DCC9EF3-D785-4A2E-ABA6-41E10EE0AB70" id="BPMNEdge_sid-4DCC9EF3-D785-4A2E-ABA6-41E10EE0AB70">
        <omgdi:waypoint x="420.07314264450923" y="268.6236733175066"></omgdi:waypoint>
        <omgdi:waypoint x="509.7210719234432" y="268.6236733175066"></omgdi:waypoint>
      </bpmndi:BPMNEdge>
      <bpmndi:BPMNEdge bpmnElement="sid-8B6FC184-5127-451D-B391-1E7F8BF5BE77" id="BPMNEdge_sid-8B6FC184-5127-451D-B391-1E7F8BF5BE77">
        <omgdi:waypoint x="855.2996675961623" y="167.97917831663983"></omgdi:waypoint>
        <omgdi:waypoint x="377.9445109628778" y="228.6236733175066"></omgdi:waypoint>
      </bpmndi:BPMNEdge>
      <bpmndi:BPMNEdge bpmnElement="sid-88053635-17C0-497C-8CB6-C0B35C26F1F7" id="BPMNEdge_sid-88053635-17C0-497C-8CB6-C0B35C26F1F7">
        <omgdi:waypoint x="873.0452239430238" y="228.6236733175066"></omgdi:waypoint>
        <omgdi:waypoint x="873.0452239430238" y="185.72473466350132"></omgdi:waypoint>
      </bpmndi:BPMNEdge>
    </bpmndi:BPMNPlane>
  </bpmndi:BPMNDiagram>
</definitions>