<?xml version='1.0' encoding='UTF-8'?>
<definitions xmlns="http://www.omg.org/spec/BPMN/20100524/MODEL" xmlns:xsi="http://www.w3.org/2001/XMLSchema-instance" xmlns:xsd="http://www.w3.org/2001/XMLSchema" xmlns:activiti="http://activiti.org/bpmn" xmlns:bpmndi="http://www.omg.org/spec/BPMN/20100524/DI" xmlns:omgdc="http://www.omg.org/spec/DD/20100524/DC" xmlns:omgdi="http://www.omg.org/spec/DD/20100524/DI" typeLanguage="http://www.w3.org/2001/XMLSchema" expressionLanguage="http://www.w3.org/1999/XPath" targetNamespace="http://www.activiti.org/processdef">
  <process id="jobEntry" name="Job Entry" isExecutable="true">
    <documentation>Job entry process flow</documentation>
    <startEvent id="sid-6B3E1D1B-0A44-4E63-A27B-CA1C11651512" name="Start">
      <extensionElements>
        <activiti:formProperty id="jobNumber" name="Job number" type="string" required="true"/>
        <activiti:formProperty id="client" name="Client" type="string" required="true"/>
        <activiti:formProperty id="assignee" name="Assignee" type="string" required="true"/>
        <activiti:formProperty id="dateSubmitted" name="Date submitted" type="string" required="true"/>
        <activiti:formProperty id="department" name="Department" type="string" required="true"/>
        <activiti:formProperty id="assigneeEmail" name="Assignee Email" type="string" required="true"/>
        <activiti:formProperty id="enteredBy" name="Entered by" type="string" required="true"/>
        <activiti:formProperty id="instructions" name="Instructions" type="string" required="true"/>
        <activiti:formProperty id="appURL" name="Application URL" type="string" required="true"/>
      </extensionElements>
    </startEvent>
    <serviceTask id="EmailAssignee" name="Email assignee" activiti:type="mail">
      <extensionElements>
        <activiti:field name="to">
          <activiti:expression><![CDATA[${assigneeEmail}]]></activiti:expression>
        </activiti:field>
        <activiti:field name="from">
          <activiti:string><![CDATA["Job Manager"<jobmanager@bsj.org.jm>]]></activiti:string>
        </activiti:field>
        <activiti:field name="subject">
          <activiti:string><![CDATA[Job Assignment]]></activiti:string>
        </activiti:field>
        <activiti:field name="html">
          <activiti:expression><![CDATA[Dear ${assignee},<br><br>
A job with the following details was assigned to you via the <a href='${appURL}'>Job Management & Tracking System (JMTS)</a>:<br><br>
<span style='font-weight:bold'>Job number: </span>${jobNumber}<br>
<span style='font-weight:bold'>Client: </span>${client}<br>
<span style='font-weight:bold'>Department: </span>${department}<br>
<span style='font-weight:bold'>Date submitted: </span>${dateSubmitted}<br>
<span style='font-weight:bold'>Entered by: </span>${enteredBy}<br>
<span style='font-weight:bold'>Instructions: </span>${instructions}<br><br>
If you are the department's supervisor, you should immediately ensure that the job was correctly assigned to your staff member who will see to its completion.<br><br>
If this job was incorrectly assigned to your department, the department supervisor should contact the person who entered/assigned the job.<br><br>
This email was automatically generated and sent by the <a href='${appURL}'>JMTS</a>. Please DO NOT reply.<br><br>
Signed<br>
Job Manager]]></activiti:expression>
        </activiti:field>
      </extensionElements>
    </serviceTask>
    <sequenceFlow id="sid-2EB01FED-ADDE-40E8-A4BB-7ABB9DFCCF4A" sourceRef="sid-6B3E1D1B-0A44-4E63-A27B-CA1C11651512" targetRef="sid-B70141C6-C264-434C-80B9-F7F1C1EE0D36"/>
    <parallelGateway id="sid-B70141C6-C264-434C-80B9-F7F1C1EE0D36"/>
    <manualTask id="sid-E041A965-6789-4FFA-975F-CA65DCFC15A2" name="Enter Service Contract details"/>
    <sequenceFlow id="sid-E0D88B89-06E3-4661-9E63-DD5D728B0E8F" sourceRef="sid-B70141C6-C264-434C-80B9-F7F1C1EE0D36" targetRef="sid-E041A965-6789-4FFA-975F-CA65DCFC15A2"/>
    <manualTask id="sid-22A1DC7E-F7BB-49EB-9794-A6B1A02AD533" name="Enter general details"/>
    <sequenceFlow id="sid-A438F3C2-79DC-49C7-BCC6-FFF46A14D331" sourceRef="sid-B70141C6-C264-434C-80B9-F7F1C1EE0D36" targetRef="sid-22A1DC7E-F7BB-49EB-9794-A6B1A02AD533"/>
    <parallelGateway id="sid-6E589BFE-DD81-47DF-BAC1-66DF8A196CF7"/>
    <sequenceFlow id="sid-52739BDD-37A5-4037-9F65-525FE947A2FC" sourceRef="sid-6E589BFE-DD81-47DF-BAC1-66DF8A196CF7" targetRef="EmailAssignee"/>
    <manualTask id="sid-59C8E533-544D-48A7-A1F0-A737A77B4749" name="Enter sample details (optional)"/>
    <sequenceFlow id="sid-8809724F-6917-4E97-9408-F2257229EE95" sourceRef="sid-B70141C6-C264-434C-80B9-F7F1C1EE0D36" targetRef="sid-59C8E533-544D-48A7-A1F0-A737A77B4749"/>
    <sequenceFlow id="sid-14D028A8-D3AE-47A6-BB28-D3240F0E7859" sourceRef="sid-59C8E533-544D-48A7-A1F0-A737A77B4749" targetRef="sid-6E589BFE-DD81-47DF-BAC1-66DF8A196CF7"/>
    <manualTask id="sid-3D251507-85CE-452C-9BE7-A17DA604DF4D" name="Enter cost estimate and required deposit"/>
    <sequenceFlow id="sid-137825AE-576F-4E19-8ABB-4C58338FECA0" sourceRef="sid-B70141C6-C264-434C-80B9-F7F1C1EE0D36" targetRef="sid-3D251507-85CE-452C-9BE7-A17DA604DF4D"/>
    <sequenceFlow id="sid-F0A0790F-3DBF-4D29-8B80-A1E782A8FBBD" sourceRef="sid-E041A965-6789-4FFA-975F-CA65DCFC15A2" targetRef="sid-6E589BFE-DD81-47DF-BAC1-66DF8A196CF7"/>
    <sequenceFlow id="sid-D7F77B6F-A81A-444A-A64C-25EE5E683CB8" sourceRef="sid-22A1DC7E-F7BB-49EB-9794-A6B1A02AD533" targetRef="sid-6E589BFE-DD81-47DF-BAC1-66DF8A196CF7"/>
    <sequenceFlow id="sid-8EE0CEE5-9D9B-43E0-A07D-B652C10AC074" sourceRef="sid-3D251507-85CE-452C-9BE7-A17DA604DF4D" targetRef="sid-6E589BFE-DD81-47DF-BAC1-66DF8A196CF7"/>
    <manualTask id="sid-7183B1AD-2D50-4425-9240-5D43F102B334" name="Enter grouping information (optional)"/>
    <sequenceFlow id="sid-A7EC5F05-4BAF-4986-93BD-5E2459C94834" sourceRef="sid-B70141C6-C264-434C-80B9-F7F1C1EE0D36" targetRef="sid-7183B1AD-2D50-4425-9240-5D43F102B334"/>
    <sequenceFlow id="sid-BFC621E5-E1B5-4586-AEC3-8D78BCC917A1" sourceRef="sid-7183B1AD-2D50-4425-9240-5D43F102B334" targetRef="sid-6E589BFE-DD81-47DF-BAC1-66DF8A196CF7"/>
    <endEvent id="sid-7BC33731-15D0-4B53-B36A-CAD64DE3DE6D" name="End"/>
    <sequenceFlow id="sid-F99F1F76-4DFE-4739-AC9D-E3E96BBEF1F2" sourceRef="EmailAssignee" targetRef="sid-7BC33731-15D0-4B53-B36A-CAD64DE3DE6D"/>
  </process>
  <bpmndi:BPMNDiagram id="BPMNDiagram_jobEntry">
    <bpmndi:BPMNPlane bpmnElement="jobEntry" id="BPMNPlane_jobEntry">
      <bpmndi:BPMNShape bpmnElement="sid-6B3E1D1B-0A44-4E63-A27B-CA1C11651512" id="BPMNShape_sid-6B3E1D1B-0A44-4E63-A27B-CA1C11651512">
        <omgdc:Bounds height="30.0" width="30.0" x="120.0" y="320.0"/>
      </bpmndi:BPMNShape>
      <bpmndi:BPMNShape bpmnElement="EmailAssignee" id="BPMNShape_EmailAssignee">
        <omgdc:Bounds height="83.0" width="128.0" x="855.0" y="293.5"/>
      </bpmndi:BPMNShape>
      <bpmndi:BPMNShape bpmnElement="sid-B70141C6-C264-434C-80B9-F7F1C1EE0D36" id="BPMNShape_sid-B70141C6-C264-434C-80B9-F7F1C1EE0D36">
        <omgdc:Bounds height="40.0" width="40.0" x="224.75" y="315.0"/>
      </bpmndi:BPMNShape>
      <bpmndi:BPMNShape bpmnElement="sid-E041A965-6789-4FFA-975F-CA65DCFC15A2" id="BPMNShape_sid-E041A965-6789-4FFA-975F-CA65DCFC15A2">
        <omgdc:Bounds height="81.0" width="135.0" x="423.4259246722388" y="180.0"/>
      </bpmndi:BPMNShape>
      <bpmndi:BPMNShape bpmnElement="sid-22A1DC7E-F7BB-49EB-9794-A6B1A02AD533" id="BPMNShape_sid-22A1DC7E-F7BB-49EB-9794-A6B1A02AD533">
        <omgdc:Bounds height="90.0" width="130.0" x="425.9259246722388" y="75.0"/>
      </bpmndi:BPMNShape>
      <bpmndi:BPMNShape bpmnElement="sid-6E589BFE-DD81-47DF-BAC1-66DF8A196CF7" id="BPMNShape_sid-6E589BFE-DD81-47DF-BAC1-66DF8A196CF7">
        <omgdc:Bounds height="40.0" width="40.0" x="750.0" y="315.0"/>
      </bpmndi:BPMNShape>
      <bpmndi:BPMNShape bpmnElement="sid-59C8E533-544D-48A7-A1F0-A737A77B4749" id="BPMNShape_sid-59C8E533-544D-48A7-A1F0-A737A77B4749">
        <omgdc:Bounds height="81.0" width="130.00000000000006" x="425.92592467223886" y="294.5"/>
      </bpmndi:BPMNShape>
      <bpmndi:BPMNShape bpmnElement="sid-3D251507-85CE-452C-9BE7-A17DA604DF4D" id="BPMNShape_sid-3D251507-85CE-452C-9BE7-A17DA604DF4D">
        <omgdc:Bounds height="85.0" width="126.0" x="427.9259246722388" y="405.0"/>
      </bpmndi:BPMNShape>
      <bpmndi:BPMNShape bpmnElement="sid-7183B1AD-2D50-4425-9240-5D43F102B334" id="BPMNShape_sid-7183B1AD-2D50-4425-9240-5D43F102B334">
        <omgdc:Bounds height="82.70370314303796" width="123.98865873202044" x="428.9315953062287" y="522.9629613059155"/>
      </bpmndi:BPMNShape>
      <bpmndi:BPMNShape bpmnElement="sid-7BC33731-15D0-4B53-B36A-CAD64DE3DE6D" id="BPMNShape_sid-7BC33731-15D0-4B53-B36A-CAD64DE3DE6D">
        <omgdc:Bounds height="28.0" width="28.0" x="1050.0" y="321.0"/>
      </bpmndi:BPMNShape>
      <bpmndi:BPMNEdge bpmnElement="sid-A7EC5F05-4BAF-4986-93BD-5E2459C94834" id="BPMNEdge_sid-A7EC5F05-4BAF-4986-93BD-5E2459C94834">
        <omgdi:waypoint x="245.25" y="354.5"/>
        <omgdi:waypoint x="245.25" y="564.3148128774346"/>
        <omgdi:waypoint x="428.9315953062287" y="564.3148128774345"/>
      </bpmndi:BPMNEdge>
      <bpmndi:BPMNEdge bpmnElement="sid-8EE0CEE5-9D9B-43E0-A07D-B652C10AC074" id="BPMNEdge_sid-8EE0CEE5-9D9B-43E0-A07D-B652C10AC074">
        <omgdi:waypoint x="553.9259246722388" y="447.5"/>
        <omgdi:waypoint x="770.0" y="447.5"/>
        <omgdi:waypoint x="770.0" y="355.0"/>
      </bpmndi:BPMNEdge>
      <bpmndi:BPMNEdge bpmnElement="sid-F99F1F76-4DFE-4739-AC9D-E3E96BBEF1F2" id="BPMNEdge_sid-F99F1F76-4DFE-4739-AC9D-E3E96BBEF1F2">
        <omgdi:waypoint x="983.0" y="335.0"/>
        <omgdi:waypoint x="1050.0" y="335.0"/>
      </bpmndi:BPMNEdge>
      <bpmndi:BPMNEdge bpmnElement="sid-8809724F-6917-4E97-9408-F2257229EE95" id="BPMNEdge_sid-8809724F-6917-4E97-9408-F2257229EE95">
        <omgdi:waypoint x="264.2887476870443" y="335.4612523129557"/>
        <omgdi:waypoint x="425.92592467223886" y="335.13228809474657"/>
      </bpmndi:BPMNEdge>
      <bpmndi:BPMNEdge bpmnElement="sid-14D028A8-D3AE-47A6-BB28-D3240F0E7859" id="BPMNEdge_sid-14D028A8-D3AE-47A6-BB28-D3240F0E7859">
        <omgdi:waypoint x="555.9259246722389" y="335.0"/>
        <omgdi:waypoint x="750.0" y="335.0"/>
      </bpmndi:BPMNEdge>
      <bpmndi:BPMNEdge bpmnElement="sid-2EB01FED-ADDE-40E8-A4BB-7ABB9DFCCF4A" id="BPMNEdge_sid-2EB01FED-ADDE-40E8-A4BB-7ABB9DFCCF4A">
        <omgdi:waypoint x="149.99984574566545" y="335.0680265113182"/>
        <omgdi:waypoint x="225.15888382687928" y="335.4088838268793"/>
      </bpmndi:BPMNEdge>
      <bpmndi:BPMNEdge bpmnElement="sid-D7F77B6F-A81A-444A-A64C-25EE5E683CB8" id="BPMNEdge_sid-D7F77B6F-A81A-444A-A64C-25EE5E683CB8">
        <omgdi:waypoint x="555.9259246722388" y="120.0"/>
        <omgdi:waypoint x="770.0" y="120.0"/>
        <omgdi:waypoint x="770.0" y="315.0"/>
      </bpmndi:BPMNEdge>
      <bpmndi:BPMNEdge bpmnElement="sid-137825AE-576F-4E19-8ABB-4C58338FECA0" id="BPMNEdge_sid-137825AE-576F-4E19-8ABB-4C58338FECA0">
        <omgdi:waypoint x="245.25" y="354.5"/>
        <omgdi:waypoint x="245.25" y="447.5"/>
        <omgdi:waypoint x="427.9259246722388" y="447.5"/>
      </bpmndi:BPMNEdge>
      <bpmndi:BPMNEdge bpmnElement="sid-A438F3C2-79DC-49C7-BCC6-FFF46A14D331" id="BPMNEdge_sid-A438F3C2-79DC-49C7-BCC6-FFF46A14D331">
        <omgdi:waypoint x="245.25" y="315.5"/>
        <omgdi:waypoint x="245.25" y="120.0"/>
        <omgdi:waypoint x="425.9259246722388" y="120.0"/>
      </bpmndi:BPMNEdge>
      <bpmndi:BPMNEdge bpmnElement="sid-F0A0790F-3DBF-4D29-8B80-A1E782A8FBBD" id="BPMNEdge_sid-F0A0790F-3DBF-4D29-8B80-A1E782A8FBBD">
        <omgdi:waypoint x="558.4259246722388" y="220.5"/>
        <omgdi:waypoint x="770.0" y="220.5"/>
        <omgdi:waypoint x="770.0" y="315.0"/>
      </bpmndi:BPMNEdge>
      <bpmndi:BPMNEdge bpmnElement="sid-52739BDD-37A5-4037-9F65-525FE947A2FC" id="BPMNEdge_sid-52739BDD-37A5-4037-9F65-525FE947A2FC">
        <omgdi:waypoint x="789.5641891891892" y="335.43581081081084"/>
        <omgdi:waypoint x="855.0" y="335.2154882154882"/>
      </bpmndi:BPMNEdge>
      <bpmndi:BPMNEdge bpmnElement="sid-E0D88B89-06E3-4661-9E63-DD5D728B0E8F" id="BPMNEdge_sid-E0D88B89-06E3-4661-9E63-DD5D728B0E8F">
        <omgdi:waypoint x="245.25" y="315.5"/>
        <omgdi:waypoint x="245.25" y="220.5"/>
        <omgdi:waypoint x="423.4259246722388" y="220.5"/>
      </bpmndi:BPMNEdge>
      <bpmndi:BPMNEdge bpmnElement="sid-BFC621E5-E1B5-4586-AEC3-8D78BCC917A1" id="BPMNEdge_sid-BFC621E5-E1B5-4586-AEC3-8D78BCC917A1">
        <omgdi:waypoint x="552.9202540382491" y="564.3148128774345"/>
        <omgdi:waypoint x="770.0" y="564.3148128774346"/>
        <omgdi:waypoint x="770.0" y="355.0"/>
      </bpmndi:BPMNEdge>
    </bpmndi:BPMNPlane>
  </bpmndi:BPMNDiagram>
</definitions>