<?xml version="1.0" encoding="UTF-8"?>
<definitions xmlns="http://www.omg.org/spec/BPMN/20100524/MODEL" xmlns:xsi="http://www.w3.org/2001/XMLSchema-instance" xmlns:xsd="http://www.w3.org/2001/XMLSchema" xmlns:activiti="http://activiti.org/bpmn" xmlns:bpmndi="http://www.omg.org/spec/BPMN/20100524/DI" xmlns:omgdc="http://www.omg.org/spec/DD/20100524/DC" xmlns:omgdi="http://www.omg.org/spec/DD/20100524/DI" typeLanguage="http://www.w3.org/2001/XMLSchema" expressionLanguage="http://www.w3.org/1999/XPath" targetNamespace="http://www.activiti.org/test">
  <process id="leave" name="请假流程" isExecutable="true">
    <startEvent id="Start" name="开始" activiti:initiator="applyUserId"></startEvent>
    <userTask id="LeaderApproval" name="部门领导审批" activiti:candidateGroups="leader"></userTask>
    <sequenceFlow id="flow1" sourceRef="Start" targetRef="LeaderApproval"></sequenceFlow>
    <exclusiveGateway id="exclusivegateway1"></exclusiveGateway>
    <userTask id="PersonnelApproval" name="人事审批" activiti:candidateGroups="personnel"></userTask>
    <exclusiveGateway id="exclusivegateway2"></exclusiveGateway>
    <sequenceFlow id="flow4" sourceRef="PersonnelApproval" targetRef="exclusivegateway2"></sequenceFlow>
    <userTask id="BackFromLeave" name="销假" activiti:assignee="${applyUserId}"></userTask>
    <userTask id="ChangeApply" name="调整申请" activiti:assignee="${applyUserId}"></userTask>
    <exclusiveGateway id="exclusivegateway3"></exclusiveGateway>
    <endEvent id="End" name="结束"></endEvent>
    <sequenceFlow id="flow12" sourceRef="BackFromLeave" targetRef="End"></sequenceFlow>
    <sequenceFlow id="flow8" sourceRef="ChangeApply" targetRef="exclusivegateway3"></sequenceFlow>
    <sequenceFlow id="flow2" sourceRef="LeaderApproval" targetRef="exclusivegateway1"></sequenceFlow>
    <sequenceFlow id="flow3" name="同意" sourceRef="exclusivegateway1" targetRef="PersonnelApproval">
      <conditionExpression xsi:type="tFormalExpression"><![CDATA[${Leaderpass}]]></conditionExpression>
    </sequenceFlow>
    <sequenceFlow id="flow6" name="驳回" sourceRef="exclusivegateway1" targetRef="ChangeApply">
      <conditionExpression xsi:type="tFormalExpression"><![CDATA[${!Leaderpass}]]></conditionExpression>
    </sequenceFlow>
    <sequenceFlow id="flow11" name="同意" sourceRef="exclusivegateway2" targetRef="BackFromLeave">
      <conditionExpression xsi:type="tFormalExpression"><![CDATA[${Personnelpass}]]></conditionExpression>
    </sequenceFlow>
    <sequenceFlow id="flow7" name="驳回" sourceRef="exclusivegateway2" targetRef="ChangeApply">
      <conditionExpression xsi:type="tFormalExpression"><![CDATA[${!Personnelpass}]]></conditionExpression>
    </sequenceFlow>
    <sequenceFlow id="flow10" name="放弃申请" sourceRef="exclusivegateway3" targetRef="End">
      <conditionExpression xsi:type="tFormalExpression"><![CDATA[${!Repass}]]></conditionExpression>
    </sequenceFlow>
    <sequenceFlow id="flow9" name="重新申请" sourceRef="exclusivegateway3" targetRef="LeaderApproval">
      <conditionExpression xsi:type="tFormalExpression"><![CDATA[${Repass}]]></conditionExpression>
    </sequenceFlow>
  </process>
  <bpmndi:BPMNDiagram id="BPMNDiagram_leave">
    <bpmndi:BPMNPlane bpmnElement="leave" id="BPMNPlane_leave">
      <bpmndi:BPMNShape bpmnElement="Start" id="BPMNShape_Start">
        <omgdc:Bounds height="30.0" width="30.0" x="50.0" y="70.0"></omgdc:Bounds>
      </bpmndi:BPMNShape>
      <bpmndi:BPMNShape bpmnElement="LeaderApproval" id="BPMNShape_LeaderApproval">
        <omgdc:Bounds height="55.0" width="105.0" x="130.0" y="60.0"></omgdc:Bounds>
      </bpmndi:BPMNShape>
      <bpmndi:BPMNShape bpmnElement="exclusivegateway1" id="BPMNShape_exclusivegateway1">
        <omgdc:Bounds height="40.0" width="40.0" x="280.0" y="68.0"></omgdc:Bounds>
      </bpmndi:BPMNShape>
      <bpmndi:BPMNShape bpmnElement="PersonnelApproval" id="BPMNShape_PersonnelApproval">
        <omgdc:Bounds height="55.0" width="105.0" x="365.0" y="61.0"></omgdc:Bounds>
      </bpmndi:BPMNShape>
      <bpmndi:BPMNShape bpmnElement="exclusivegateway2" id="BPMNShape_exclusivegateway2">
        <omgdc:Bounds height="40.0" width="40.0" x="515.0" y="69.0"></omgdc:Bounds>
      </bpmndi:BPMNShape>
      <bpmndi:BPMNShape bpmnElement="BackFromLeave" id="BPMNShape_BackFromLeave">
        <omgdc:Bounds height="55.0" width="105.0" x="600.0" y="62.0"></omgdc:Bounds>
      </bpmndi:BPMNShape>
      <bpmndi:BPMNShape bpmnElement="ChangeApply" id="BPMNShape_ChangeApply">
        <omgdc:Bounds height="55.0" width="105.0" x="248.0" y="170.0"></omgdc:Bounds>
      </bpmndi:BPMNShape>
      <bpmndi:BPMNShape bpmnElement="exclusivegateway3" id="BPMNShape_exclusivegateway3">
        <omgdc:Bounds height="40.0" width="40.0" x="280.0" y="300.0"></omgdc:Bounds>
      </bpmndi:BPMNShape>
      <bpmndi:BPMNShape bpmnElement="End" id="BPMNShape_End">
        <omgdc:Bounds height="28.0" width="28.0" x="635.0" y="302.0"></omgdc:Bounds>
      </bpmndi:BPMNShape>
      <bpmndi:BPMNEdge bpmnElement="flow1" id="BPMNEdge_flow1">
        <omgdi:waypoint x="79.99660595085598" y="85.31907672235864"></omgdi:waypoint>
        <omgdi:waypoint x="130.0" y="86.38297872340425"></omgdi:waypoint>
      </bpmndi:BPMNEdge>
      <bpmndi:BPMNEdge bpmnElement="flow2" id="BPMNEdge_flow2">
        <omgdi:waypoint x="235.0" y="87.72340425531915"></omgdi:waypoint>
        <omgdi:waypoint x="280.08474576271186" y="87.91525423728814"></omgdi:waypoint>
      </bpmndi:BPMNEdge>
      <bpmndi:BPMNEdge bpmnElement="flow3" id="BPMNEdge_flow3">
        <omgdi:waypoint x="319.91525423728814" y="88.08474576271186"></omgdi:waypoint>
        <omgdi:waypoint x="365.0" y="88.27659574468085"></omgdi:waypoint>
      </bpmndi:BPMNEdge>
      <bpmndi:BPMNEdge bpmnElement="flow4" id="BPMNEdge_flow4">
        <omgdi:waypoint x="470.0" y="88.72340425531915"></omgdi:waypoint>
        <omgdi:waypoint x="515.0847457627119" y="88.91525423728814"></omgdi:waypoint>
      </bpmndi:BPMNEdge>
      <bpmndi:BPMNEdge bpmnElement="flow6" id="BPMNEdge_flow6">
        <omgdi:waypoint x="300.09090909090907" y="107.9090909090909"></omgdi:waypoint>
        <omgdi:waypoint x="300.3744292237443" y="170.0"></omgdi:waypoint>
      </bpmndi:BPMNEdge>
      <bpmndi:BPMNEdge bpmnElement="flow7" id="BPMNEdge_flow7">
        <omgdi:waypoint x="535.0" y="109.0"></omgdi:waypoint>
        <omgdi:waypoint x="535.0" y="197.0"></omgdi:waypoint>
        <omgdi:waypoint x="353.0" y="197.38805970149252"></omgdi:waypoint>
      </bpmndi:BPMNEdge>
      <bpmndi:BPMNEdge bpmnElement="flow10" id="BPMNEdge_flow10">
        <omgdi:waypoint x="319.77337110481585" y="319.77337110481585"></omgdi:waypoint>
        <omgdi:waypoint x="635.0009194420967" y="316.16044791470375"></omgdi:waypoint>
      </bpmndi:BPMNEdge>
      <bpmndi:BPMNEdge bpmnElement="flow8" id="BPMNEdge_flow8">
        <omgdi:waypoint x="300.38775510204084" y="225.0"></omgdi:waypoint>
        <omgdi:waypoint x="300.0813008130081" y="300.0813008130081"></omgdi:waypoint>
      </bpmndi:BPMNEdge>
      <bpmndi:BPMNEdge bpmnElement="flow11" id="BPMNEdge_flow11">
        <omgdi:waypoint x="554.9152542372881" y="89.08474576271186"></omgdi:waypoint>
        <omgdi:waypoint x="600.0" y="89.27659574468085"></omgdi:waypoint>
      </bpmndi:BPMNEdge>
      <bpmndi:BPMNEdge bpmnElement="flow12" id="BPMNEdge_flow12">
        <omgdi:waypoint x="652.075055187638" y="117.0"></omgdi:waypoint>
        <omgdi:waypoint x="649.2163097170604" y="302.0016711673748"></omgdi:waypoint>
      </bpmndi:BPMNEdge>
      <bpmndi:BPMNEdge bpmnElement="flow9" id="BPMNEdge_flow9">
        <omgdi:waypoint x="280.16806722689074" y="319.83193277310926"></omgdi:waypoint>
        <omgdi:waypoint x="182.0" y="319.0"></omgdi:waypoint>
        <omgdi:waypoint x="182.44060475161987" y="115.0"></omgdi:waypoint>
      </bpmndi:BPMNEdge>
    </bpmndi:BPMNPlane>
  </bpmndi:BPMNDiagram>
</definitions>