<?xml version="1.0" encoding="UTF-8"?>
<definitions 
  xmlns:xsi="http://www.w3.org/2001/XMLSchema-instance"
  xsi:schemaLocation="http://schema.omg.org/spec/BPMN/2.0 ../../../../../../../../../../bpmn/src/main/resources/BPMN20.xsd"
  xmlns="http://schema.omg.org/spec/BPMN/2.0"
  typeLanguage="http://www.w3.org/2001/XMLSchema"
  expressionLanguage="http://www.w3.org/1999/XPath" 
  targetNamespace="http://jbpm.org/example/bpmn2/terminate_end_event"
  xmlns:jbpm="http://jbpm.org/bpmn2">

  <process id="terminateEndEvent">

    <startEvent id="start" />

    <sequenceFlow id="flow1" name="fromStartToTask1"
      sourceRef="start" targetRef="task1" />

    <sequenceFlow id="flow2" name="fromStartToTask2"
      sourceRef="start" targetRef="task2" />
      
    <userTask id="task1" name="task1" />
    
    <sequenceFlow id="flow3" name="fromTask1ToTerminateEnd"
      sourceRef="task1" targetRef="terminateEnd" />
      
    <endEvent id="terminateEnd" name="terminateEnd">
      <terminateEventDefinition/>
    </endEvent>
    
    <userTask id="task2" name="task2" />
    
     <sequenceFlow id="flow4" name="fromTask2ToEnd"
      sourceRef="task2" targetRef="noneEnd" />

    <endEvent id="noneEnd" name="noneEnd" />

  </process>
  
</definitions>
