<?xml version="1.0" encoding="UTF-8"?>
<definitions xmlns="http://www.omg.org/spec/BPMN/20100524/MODEL" xmlns:xsi="http://www.w3.org/2001/XMLSchema-instance" xmlns:xsd="http://www.w3.org/2001/XMLSchema" xmlns:activiti="http://activiti.org/bpmn" xmlns:bpmndi="http://www.omg.org/spec/BPMN/20100524/DI" xmlns:omgdc="http://www.omg.org/spec/DD/20100524/DC" xmlns:omgdi="http://www.omg.org/spec/DD/20100524/DI" xmlns:modeler="http://activiti.com/modeler" typeLanguage="http://www.w3.org/2001/XMLSchema" expressionLanguage="http://www.w3.org/1999/XPath" targetNamespace="http://www.activiti.org/processdef" modeler:version="1.0en" modeler:exportDateTime="20150216104339475" modeler:modelId="933057" modeler:modelVersion="3" modeler:modelLastUpdated="1424083415708">
  <signal id="cancelApplication" name="cancelApplication"></signal>
  <process id="hireProcessWithJpa" name="Developer Hiring" isExecutable="true">
    <userTask id="sid-42BAE58A-8FFB-4B02-AAED-E0D8EA5A7E39" name="Telephone interview" activiti:candidateGroups="dev-managers">
      <documentation>Conduct a telephone interview with ${applicant.name}. Phone number = ${applicant.phoneNumber}</documentation>
    </userTask>
    <exclusiveGateway id="sid-47ECD3C6-CA48-40D8-B478-6C26A122FA28"></exclusiveGateway>
    <sequenceFlow id="sid-B468226B-DB2E-421E-B04B-5FF1622F3E78" sourceRef="sid-42BAE58A-8FFB-4B02-AAED-E0D8EA5A7E39" targetRef="sid-47ECD3C6-CA48-40D8-B478-6C26A122FA28"></sequenceFlow>
    <endEvent id="sid-A4859521-98BA-44EA-A9B1-55445823CE0D"></endEvent>
    <sequenceFlow id="sid-D536B119-9F6C-45B6-B1B6-8142AE70208A" sourceRef="sid-59C993BD-38A0-4DC3-97BC-F58FD94E38A9" targetRef="sid-A4859521-98BA-44EA-A9B1-55445823CE0D"></sequenceFlow>
    <serviceTask id="sid-59C993BD-38A0-4DC3-97BC-F58FD94E38A9" name="Send rejection email" activiti:type="mail">
      <extensionElements>
        <activiti:field name="to">
          <activiti:expression><![CDATA[${applicant.email}]]></activiti:expression>
        </activiti:field>
        <activiti:field name="subject">
          <activiti:string><![CDATA[Your application has been rejected]]></activiti:string>
        </activiti:field>
        <activiti:field name="html">
          <activiti:expression><![CDATA[Dear ${applicant.name},

We're sorry to inform you that your recent application has been rejected. We have stored your information in our data systems and will contact you if in the future a potential matching application is posted on our website.

Regards,
My Corp]]></activiti:expression>
        </activiti:field>
      </extensionElements>
    </serviceTask>
    <subProcess id="sid-304989D1-D3EC-4F89-A288-2238C7941973" name="subProcess">
      <startEvent id="sid-48CEC12C-2047-4B8B-94E9-371A379C3CF3"></startEvent>
      <parallelGateway id="sid-904B6A3F-4D05-408C-BF50-25194FBFE4CA"></parallelGateway>
      <userTask id="sid-C2137C46-166B-4F9B-92A1-97BF920FCD9E" name="Tech interview" activiti:candidateGroups="dev-management"></userTask>
      <userTask id="sid-14429F68-4A79-47DC-A3F0-21804629FD88" name="Financial negotiation" activiti:candidateGroups="finance"></userTask>
      <parallelGateway id="sid-E16BD1C2-F09E-4946-A65A-3D2FBF1FC62E"></parallelGateway>
      <endEvent id="sid-DB05DC5F-A576-4E77-803A-C41AB0694245"></endEvent>
      <sequenceFlow id="sid-6984E944-1910-459D-8527-CAE4D8D8AB72" sourceRef="sid-48CEC12C-2047-4B8B-94E9-371A379C3CF3" targetRef="sid-904B6A3F-4D05-408C-BF50-25194FBFE4CA"></sequenceFlow>
      <sequenceFlow id="sid-246A0361-34E8-4E82-B9B4-732C78C6596A" name="Technical Interview" sourceRef="sid-904B6A3F-4D05-408C-BF50-25194FBFE4CA" targetRef="sid-C2137C46-166B-4F9B-92A1-97BF920FCD9E"></sequenceFlow>
      <sequenceFlow id="sid-C00D2164-EADB-4D9B-B681-DD23458FA985" name="Financial Negotiation" sourceRef="sid-904B6A3F-4D05-408C-BF50-25194FBFE4CA" targetRef="sid-14429F68-4A79-47DC-A3F0-21804629FD88"></sequenceFlow>
      <sequenceFlow id="sid-39F83022-C5C5-4255-946D-71FD6574D4A3" sourceRef="sid-C2137C46-166B-4F9B-92A1-97BF920FCD9E" targetRef="sid-E16BD1C2-F09E-4946-A65A-3D2FBF1FC62E"></sequenceFlow>
      <sequenceFlow id="sid-77C4C52B-6069-45FD-9AF3-6C86D20FF754" sourceRef="sid-14429F68-4A79-47DC-A3F0-21804629FD88" targetRef="sid-E16BD1C2-F09E-4946-A65A-3D2FBF1FC62E"></sequenceFlow>
      <sequenceFlow id="sid-9487131F-299B-4B07-9524-77477ACAFCC0" sourceRef="sid-E16BD1C2-F09E-4946-A65A-3D2FBF1FC62E" targetRef="sid-DB05DC5F-A576-4E77-803A-C41AB0694245"></sequenceFlow>
    </subProcess>
    <sequenceFlow id="sid-2857CC85-AFAB-4DAB-9FBD-B7F41D396538" sourceRef="sid-BE9CDC49-2ED2-4FEF-A7DC-564EFA71A4DE" targetRef="sid-4A90B630-E902-41D9-854B-E75D06714074"></sequenceFlow>
    <endEvent id="sid-4A90B630-E902-41D9-854B-E75D06714074"></endEvent>
    <serviceTask id="sid-9DFC483F-2C57-4378-AE25-30460BD3838F" name="Store resume" activiti:expression="${resumeService.storeResume(execution)}"></serviceTask>
    <sequenceFlow id="sid-366D79F8-23D7-4E3F-8F0F-3C29545C81FB" sourceRef="sid-9DFC483F-2C57-4378-AE25-30460BD3838F" targetRef="sid-42BAE58A-8FFB-4B02-AAED-E0D8EA5A7E39"></sequenceFlow>
    <startEvent id="sid-E0DD2D8E-0672-4BE0-97A4-933DD8771EFF"></startEvent>
    <sequenceFlow id="sid-D4DD49AB-01E3-4A84-9B46-7CE0C414D71D" sourceRef="sid-E0DD2D8E-0672-4BE0-97A4-933DD8771EFF" targetRef="sid-9DFC483F-2C57-4378-AE25-30460BD3838F"></sequenceFlow>
    <sequenceFlow id="sid-F967A26E-3C8E-45AD-B791-C473491DA988" name="Rejected" sourceRef="sid-47ECD3C6-CA48-40D8-B478-6C26A122FA28" targetRef="sid-59C993BD-38A0-4DC3-97BC-F58FD94E38A9">
      <conditionExpression xsi:type="tFormalExpression"><![CDATA[${telephoneInterviewOutcome == false}]]></conditionExpression>
    </sequenceFlow>
    <sequenceFlow id="sid-F659050F-BF12-43FD-BE60-F0E235B1A32B" name="Selected" sourceRef="sid-47ECD3C6-CA48-40D8-B478-6C26A122FA28" targetRef="sid-304989D1-D3EC-4F89-A288-2238C7941973">
      <conditionExpression xsi:type="tFormalExpression"><![CDATA[${telephoneInterviewOutcome == true}]]></conditionExpression>
    </sequenceFlow>
    <boundaryEvent id="sid-BE9CDC49-2ED2-4FEF-A7DC-564EFA71A4DE" name="applicant cancels" attachedToRef="sid-304989D1-D3EC-4F89-A288-2238C7941973" cancelActivity="true">
      <signalEventDefinition signalRef="cancelApplication"></signalEventDefinition>
    </boundaryEvent>
    <exclusiveGateway id="sid-3D63E564-D35A-42E3-A81E-6D7DF325D118" default="sid-014FAF0B-EBA1-411B-AF4F-CC7EA848FF89"></exclusiveGateway>
    <sequenceFlow id="sid-73AC3A3C-D128-4664-BC6C-7AF08FEDC8CA" sourceRef="sid-304989D1-D3EC-4F89-A288-2238C7941973" targetRef="sid-3D63E564-D35A-42E3-A81E-6D7DF325D118"></sequenceFlow>
    <endEvent id="sid-088F6DA0-EA68-4A29-9BC3-76B9D5C5E2E0" name="rejected"></endEvent>
    <serviceTask id="sid-F2ADA953-6FCF-42FA-B59E-45DAC6EACFA7" name="Send welcome mail" activiti:type="mail">
      <extensionElements>
        <activiti:field name="to">
          <activiti:expression><![CDATA[${applicant.email}]]></activiti:expression>
        </activiti:field>
        <activiti:field name="from">
          <activiti:expression><![CDATA[test@activiti.org]]></activiti:expression>
        </activiti:field>
        <activiti:field name="subject">
          <activiti:string><![CDATA[Your application has been accepted!]]></activiti:string>
        </activiti:field>
        <activiti:field name="html">
          <activiti:expression><![CDATA[Dear ${applicant.name},

We're happy to inform you that your recent application has been accepted.  We will contact you soon for more information.

Regards,
My Corp]]></activiti:expression>
        </activiti:field>
      </extensionElements>
    </serviceTask>
    <endEvent id="sid-76F28F61-0B2A-41BA-8A71-5E4C9C7828E4" name="accepted"></endEvent>
    <sequenceFlow id="sid-B950EB17-8AE6-4F23-8888-FDCEE4797A21" sourceRef="sid-F2ADA953-6FCF-42FA-B59E-45DAC6EACFA7" targetRef="sid-76F28F61-0B2A-41BA-8A71-5E4C9C7828E4"></sequenceFlow>
    <sequenceFlow id="sid-014FAF0B-EBA1-411B-AF4F-CC7EA848FF89" sourceRef="sid-3D63E564-D35A-42E3-A81E-6D7DF325D118" targetRef="sid-088F6DA0-EA68-4A29-9BC3-76B9D5C5E2E0"></sequenceFlow>
    <sequenceFlow id="sid-59B08F72-9D7C-4CD5-A850-14E10328FD7B" sourceRef="sid-3D63E564-D35A-42E3-A81E-6D7DF325D118" targetRef="sid-F2ADA953-6FCF-42FA-B59E-45DAC6EACFA7">
      <conditionExpression xsi:type="tFormalExpression"><![CDATA[${techOk && financialOk}]]></conditionExpression>
    </sequenceFlow>
  </process>
  <bpmndi:BPMNDiagram id="BPMNDiagram_hireProcessWithJpa">
    <bpmndi:BPMNPlane bpmnElement="hireProcessWithJpa" id="BPMNPlane_hireProcessWithJpa">
      <bpmndi:BPMNShape bpmnElement="sid-42BAE58A-8FFB-4B02-AAED-E0D8EA5A7E39" id="BPMNShape_sid-42BAE58A-8FFB-4B02-AAED-E0D8EA5A7E39">
        <omgdc:Bounds height="80.0" width="100.0" x="320.0" y="185.0"></omgdc:Bounds>
      </bpmndi:BPMNShape>
      <bpmndi:BPMNShape bpmnElement="sid-47ECD3C6-CA48-40D8-B478-6C26A122FA28" id="BPMNShape_sid-47ECD3C6-CA48-40D8-B478-6C26A122FA28">
        <omgdc:Bounds height="40.0" width="40.0" x="465.0" y="205.0"></omgdc:Bounds>
      </bpmndi:BPMNShape>
      <bpmndi:BPMNShape bpmnElement="sid-A4859521-98BA-44EA-A9B1-55445823CE0D" id="BPMNShape_sid-A4859521-98BA-44EA-A9B1-55445823CE0D">
        <omgdc:Bounds height="35.0" width="35.0" x="690.0" y="56.0"></omgdc:Bounds>
      </bpmndi:BPMNShape>
      <bpmndi:BPMNShape bpmnElement="sid-59C993BD-38A0-4DC3-97BC-F58FD94E38A9" id="BPMNShape_sid-59C993BD-38A0-4DC3-97BC-F58FD94E38A9">
        <omgdc:Bounds height="80.0" width="100.0" x="525.0" y="30.0"></omgdc:Bounds>
      </bpmndi:BPMNShape>
      <bpmndi:BPMNShape bpmnElement="sid-304989D1-D3EC-4F89-A288-2238C7941973" id="BPMNShape_sid-304989D1-D3EC-4F89-A288-2238C7941973">
        <omgdc:Bounds height="280.0" width="492.0" x="525.0" y="135.0"></omgdc:Bounds>
      </bpmndi:BPMNShape>
      <bpmndi:BPMNShape bpmnElement="sid-48CEC12C-2047-4B8B-94E9-371A379C3CF3" id="BPMNShape_sid-48CEC12C-2047-4B8B-94E9-371A379C3CF3">
        <omgdc:Bounds height="35.0" width="35.0" x="540.0" y="256.0"></omgdc:Bounds>
      </bpmndi:BPMNShape>
      <bpmndi:BPMNShape bpmnElement="sid-904B6A3F-4D05-408C-BF50-25194FBFE4CA" id="BPMNShape_sid-904B6A3F-4D05-408C-BF50-25194FBFE4CA">
        <omgdc:Bounds height="40.0" width="40.0" x="615.0" y="251.0"></omgdc:Bounds>
      </bpmndi:BPMNShape>
      <bpmndi:BPMNShape bpmnElement="sid-C2137C46-166B-4F9B-92A1-97BF920FCD9E" id="BPMNShape_sid-C2137C46-166B-4F9B-92A1-97BF920FCD9E">
        <omgdc:Bounds height="80.0" width="100.0" x="720.0" y="165.0"></omgdc:Bounds>
      </bpmndi:BPMNShape>
      <bpmndi:BPMNShape bpmnElement="sid-14429F68-4A79-47DC-A3F0-21804629FD88" id="BPMNShape_sid-14429F68-4A79-47DC-A3F0-21804629FD88">
        <omgdc:Bounds height="80.0" width="100.0" x="720.0" y="300.0"></omgdc:Bounds>
      </bpmndi:BPMNShape>
      <bpmndi:BPMNShape bpmnElement="sid-E16BD1C2-F09E-4946-A65A-3D2FBF1FC62E" id="BPMNShape_sid-E16BD1C2-F09E-4946-A65A-3D2FBF1FC62E">
        <omgdc:Bounds height="40.0" width="40.0" x="865.0" y="254.0"></omgdc:Bounds>
      </bpmndi:BPMNShape>
      <bpmndi:BPMNShape bpmnElement="sid-DB05DC5F-A576-4E77-803A-C41AB0694245" id="BPMNShape_sid-DB05DC5F-A576-4E77-803A-C41AB0694245">
        <omgdc:Bounds height="35.0" width="35.0" x="950.0" y="260.0"></omgdc:Bounds>
      </bpmndi:BPMNShape>
      <bpmndi:BPMNShape bpmnElement="sid-BE9CDC49-2ED2-4FEF-A7DC-564EFA71A4DE" id="BPMNShape_sid-BE9CDC49-2ED2-4FEF-A7DC-564EFA71A4DE">
        <omgdc:Bounds height="30.0" width="30.0" x="920.0" y="400.0"></omgdc:Bounds>
      </bpmndi:BPMNShape>
      <bpmndi:BPMNShape bpmnElement="sid-4A90B630-E902-41D9-854B-E75D06714074" id="BPMNShape_sid-4A90B630-E902-41D9-854B-E75D06714074">
        <omgdc:Bounds height="35.0" width="35.0" x="975.0" y="450.0"></omgdc:Bounds>
      </bpmndi:BPMNShape>
      <bpmndi:BPMNShape bpmnElement="sid-9DFC483F-2C57-4378-AE25-30460BD3838F" id="BPMNShape_sid-9DFC483F-2C57-4378-AE25-30460BD3838F">
        <omgdc:Bounds height="80.0" width="100.0" x="175.0" y="185.0"></omgdc:Bounds>
      </bpmndi:BPMNShape>
      <bpmndi:BPMNShape bpmnElement="sid-E0DD2D8E-0672-4BE0-97A4-933DD8771EFF" id="BPMNShape_sid-E0DD2D8E-0672-4BE0-97A4-933DD8771EFF">
        <omgdc:Bounds height="35.0" width="35.0" x="105.0" y="210.0"></omgdc:Bounds>
      </bpmndi:BPMNShape>
      <bpmndi:BPMNShape bpmnElement="sid-3D63E564-D35A-42E3-A81E-6D7DF325D118" id="BPMNShape_sid-3D63E564-D35A-42E3-A81E-6D7DF325D118">
        <omgdc:Bounds height="40.0" width="40.0" x="1062.0" y="255.0"></omgdc:Bounds>
      </bpmndi:BPMNShape>
      <bpmndi:BPMNShape bpmnElement="sid-088F6DA0-EA68-4A29-9BC3-76B9D5C5E2E0" id="BPMNShape_sid-088F6DA0-EA68-4A29-9BC3-76B9D5C5E2E0">
        <omgdc:Bounds height="35.0" width="35.0" x="1180.0" y="261.0"></omgdc:Bounds>
      </bpmndi:BPMNShape>
      <bpmndi:BPMNShape bpmnElement="sid-F2ADA953-6FCF-42FA-B59E-45DAC6EACFA7" id="BPMNShape_sid-F2ADA953-6FCF-42FA-B59E-45DAC6EACFA7">
        <omgdc:Bounds height="80.0" width="100.0" x="1035.0" y="105.0"></omgdc:Bounds>
      </bpmndi:BPMNShape>
      <bpmndi:BPMNShape bpmnElement="sid-76F28F61-0B2A-41BA-8A71-5E4C9C7828E4" id="BPMNShape_sid-76F28F61-0B2A-41BA-8A71-5E4C9C7828E4">
        <omgdc:Bounds height="35.0" width="35.0" x="1180.0" y="131.0"></omgdc:Bounds>
      </bpmndi:BPMNShape>
      <bpmndi:BPMNEdge bpmnElement="sid-B468226B-DB2E-421E-B04B-5FF1622F3E78" id="BPMNEdge_sid-B468226B-DB2E-421E-B04B-5FF1622F3E78">
        <omgdi:waypoint x="420.0" y="225.0"></omgdi:waypoint>
        <omgdi:waypoint x="465.0" y="225.0"></omgdi:waypoint>
      </bpmndi:BPMNEdge>
      <bpmndi:BPMNEdge bpmnElement="sid-D536B119-9F6C-45B6-B1B6-8142AE70208A" id="BPMNEdge_sid-D536B119-9F6C-45B6-B1B6-8142AE70208A">
        <omgdi:waypoint x="625.0" y="70.0"></omgdi:waypoint>
        <omgdi:waypoint x="690.0" y="73.0"></omgdi:waypoint>
      </bpmndi:BPMNEdge>
      <bpmndi:BPMNEdge bpmnElement="sid-6984E944-1910-459D-8527-CAE4D8D8AB72" id="BPMNEdge_sid-6984E944-1910-459D-8527-CAE4D8D8AB72">
        <omgdi:waypoint x="575.0" y="273.0"></omgdi:waypoint>
        <omgdi:waypoint x="615.0" y="271.0"></omgdi:waypoint>
      </bpmndi:BPMNEdge>
      <bpmndi:BPMNEdge bpmnElement="sid-246A0361-34E8-4E82-B9B4-732C78C6596A" id="BPMNEdge_sid-246A0361-34E8-4E82-B9B4-732C78C6596A">
        <omgdi:waypoint x="635.0" y="251.0"></omgdi:waypoint>
        <omgdi:waypoint x="635.0" y="205.0"></omgdi:waypoint>
        <omgdi:waypoint x="720.0" y="205.0"></omgdi:waypoint>
        <bpmndi:BPMNLabel>
          <omgdc:Bounds height="14.0" width="94.0" x="536.0" y="188.0"></omgdc:Bounds>
        </bpmndi:BPMNLabel>
      </bpmndi:BPMNEdge>
      <bpmndi:BPMNEdge bpmnElement="sid-C00D2164-EADB-4D9B-B681-DD23458FA985" id="BPMNEdge_sid-C00D2164-EADB-4D9B-B681-DD23458FA985">
        <omgdi:waypoint x="635.0" y="291.0"></omgdi:waypoint>
        <omgdi:waypoint x="635.0" y="340.0"></omgdi:waypoint>
        <omgdi:waypoint x="720.0" y="340.0"></omgdi:waypoint>
        <bpmndi:BPMNLabel>
          <omgdc:Bounds height="14.0" width="98.0" x="580.0" y="323.0"></omgdc:Bounds>
        </bpmndi:BPMNLabel>
      </bpmndi:BPMNEdge>
      <bpmndi:BPMNEdge bpmnElement="sid-39F83022-C5C5-4255-946D-71FD6574D4A3" id="BPMNEdge_sid-39F83022-C5C5-4255-946D-71FD6574D4A3">
        <omgdi:waypoint x="820.0" y="205.0"></omgdi:waypoint>
        <omgdi:waypoint x="885.0" y="205.0"></omgdi:waypoint>
        <omgdi:waypoint x="885.0" y="254.0"></omgdi:waypoint>
      </bpmndi:BPMNEdge>
      <bpmndi:BPMNEdge bpmnElement="sid-77C4C52B-6069-45FD-9AF3-6C86D20FF754" id="BPMNEdge_sid-77C4C52B-6069-45FD-9AF3-6C86D20FF754">
        <omgdi:waypoint x="820.0" y="340.0"></omgdi:waypoint>
        <omgdi:waypoint x="885.0" y="340.0"></omgdi:waypoint>
        <omgdi:waypoint x="885.0" y="294.0"></omgdi:waypoint>
      </bpmndi:BPMNEdge>
      <bpmndi:BPMNEdge bpmnElement="sid-9487131F-299B-4B07-9524-77477ACAFCC0" id="BPMNEdge_sid-9487131F-299B-4B07-9524-77477ACAFCC0">
        <omgdi:waypoint x="905.0" y="274.0"></omgdi:waypoint>
        <omgdi:waypoint x="950.0" y="277.0"></omgdi:waypoint>
      </bpmndi:BPMNEdge>
      <bpmndi:BPMNEdge bpmnElement="sid-2857CC85-AFAB-4DAB-9FBD-B7F41D396538" id="BPMNEdge_sid-2857CC85-AFAB-4DAB-9FBD-B7F41D396538">
        <omgdi:waypoint x="935.0" y="430.0"></omgdi:waypoint>
        <omgdi:waypoint x="935.0" y="464.0"></omgdi:waypoint>
        <omgdi:waypoint x="975.0" y="467.0"></omgdi:waypoint>
      </bpmndi:BPMNEdge>
      <bpmndi:BPMNEdge bpmnElement="sid-366D79F8-23D7-4E3F-8F0F-3C29545C81FB" id="BPMNEdge_sid-366D79F8-23D7-4E3F-8F0F-3C29545C81FB">
        <omgdi:waypoint x="275.0" y="225.0"></omgdi:waypoint>
        <omgdi:waypoint x="320.0" y="225.0"></omgdi:waypoint>
      </bpmndi:BPMNEdge>
      <bpmndi:BPMNEdge bpmnElement="sid-D4DD49AB-01E3-4A84-9B46-7CE0C414D71D" id="BPMNEdge_sid-D4DD49AB-01E3-4A84-9B46-7CE0C414D71D">
        <omgdi:waypoint x="140.0" y="227.0"></omgdi:waypoint>
        <omgdi:waypoint x="175.0" y="225.0"></omgdi:waypoint>
      </bpmndi:BPMNEdge>
      <bpmndi:BPMNEdge bpmnElement="sid-F967A26E-3C8E-45AD-B791-C473491DA988" id="BPMNEdge_sid-F967A26E-3C8E-45AD-B791-C473491DA988">
        <omgdi:waypoint x="485.0" y="205.0"></omgdi:waypoint>
        <omgdi:waypoint x="485.0" y="70.0"></omgdi:waypoint>
        <omgdi:waypoint x="525.0" y="70.0"></omgdi:waypoint>
        <bpmndi:BPMNLabel>
          <omgdc:Bounds height="14.0" width="42.0" x="485.0" y="205.0"></omgdc:Bounds>
        </bpmndi:BPMNLabel>
      </bpmndi:BPMNEdge>
      <bpmndi:BPMNEdge bpmnElement="sid-F659050F-BF12-43FD-BE60-F0E235B1A32B" id="BPMNEdge_sid-F659050F-BF12-43FD-BE60-F0E235B1A32B">
        <omgdi:waypoint x="485.0" y="245.0"></omgdi:waypoint>
        <omgdi:waypoint x="485.0" y="275.0"></omgdi:waypoint>
        <omgdi:waypoint x="525.0" y="275.0"></omgdi:waypoint>
        <bpmndi:BPMNLabel>
          <omgdc:Bounds height="14.0" width="100.0" x="485.0" y="245.0"></omgdc:Bounds>
        </bpmndi:BPMNLabel>
      </bpmndi:BPMNEdge>
      <bpmndi:BPMNEdge bpmnElement="sid-73AC3A3C-D128-4664-BC6C-7AF08FEDC8CA" id="BPMNEdge_sid-73AC3A3C-D128-4664-BC6C-7AF08FEDC8CA">
        <omgdi:waypoint x="1017.0" y="275.0"></omgdi:waypoint>
        <omgdi:waypoint x="1062.0" y="275.0"></omgdi:waypoint>
      </bpmndi:BPMNEdge>
      <bpmndi:BPMNEdge bpmnElement="sid-B950EB17-8AE6-4F23-8888-FDCEE4797A21" id="BPMNEdge_sid-B950EB17-8AE6-4F23-8888-FDCEE4797A21">
        <omgdi:waypoint x="1135.0" y="145.0"></omgdi:waypoint>
        <omgdi:waypoint x="1180.0" y="148.0"></omgdi:waypoint>
      </bpmndi:BPMNEdge>
      <bpmndi:BPMNEdge bpmnElement="sid-014FAF0B-EBA1-411B-AF4F-CC7EA848FF89" id="BPMNEdge_sid-014FAF0B-EBA1-411B-AF4F-CC7EA848FF89">
        <omgdi:waypoint x="1102.0" y="275.0"></omgdi:waypoint>
        <omgdi:waypoint x="1180.0" y="278.0"></omgdi:waypoint>
      </bpmndi:BPMNEdge>
      <bpmndi:BPMNEdge bpmnElement="sid-59B08F72-9D7C-4CD5-A850-14E10328FD7B" id="BPMNEdge_sid-59B08F72-9D7C-4CD5-A850-14E10328FD7B">
        <omgdi:waypoint x="1082.0" y="255.0"></omgdi:waypoint>
        <omgdi:waypoint x="1085.0" y="185.0"></omgdi:waypoint>
      </bpmndi:BPMNEdge>
    </bpmndi:BPMNPlane>
  </bpmndi:BPMNDiagram>
</definitions>