<?xml version="1.0" encoding="UTF-8"?>
<definitions xmlns="http://www.omg.org/spec/BPMN/20100524/MODEL" xmlns:xsi="http://www.w3.org/2001/XMLSchema-instance" xmlns:xsd="http://www.w3.org/2001/XMLSchema" xmlns:activiti="http://activiti.org/bpmn" xmlns:bpmndi="http://www.omg.org/spec/BPMN/20100524/DI" xmlns:omgdc="http://www.omg.org/spec/DD/20100524/DC" xmlns:omgdi="http://www.omg.org/spec/DD/20100524/DI" typeLanguage="http://www.w3.org/2001/XMLSchema" expressionLanguage="http://www.w3.org/1999/XPath" targetNamespace="http://www.activiti.org/test">
  <process id="joinProcess" name="My process" isExecutable="true">
    <startEvent id="startevent1" name="Start"></startEvent>
    <parallelGateway id="parallelgateway1" name="Parallel Gateway"></parallelGateway>
    <serviceTask id="servicetask1" name="leftJob" activiti:expression="#{left.forkLeft()}"></serviceTask>
    <serviceTask id="servicetask2" name="rightJob" activiti:expression="#{right.forkRight()}"></serviceTask>
    <serviceTask id="servicetask3" name="joinJob" activiti:expression="#{join.joinFork()}"></serviceTask>
    <parallelGateway id="parallelgateway2" name="Parallel Gateway"></parallelGateway>
    <sequenceFlow id="flow1" sourceRef="startevent1" targetRef="parallelgateway1"></sequenceFlow>
    <sequenceFlow id="flow2" sourceRef="parallelgateway1" targetRef="servicetask1"></sequenceFlow>
    <sequenceFlow id="flow3" sourceRef="parallelgateway1" targetRef="servicetask2"></sequenceFlow>
    <sequenceFlow id="flow4" sourceRef="servicetask2" targetRef="parallelgateway2"></sequenceFlow>
    <sequenceFlow id="flow5" sourceRef="servicetask1" targetRef="parallelgateway2"></sequenceFlow>
    <sequenceFlow id="flow6" sourceRef="parallelgateway2" targetRef="servicetask3"></sequenceFlow>
    <endEvent id="endevent1" name="End"></endEvent>
    <sequenceFlow id="flow7" sourceRef="servicetask3" targetRef="endevent1"></sequenceFlow>
  </process>
  <bpmndi:BPMNDiagram id="BPMNDiagram_myProcess">
    <bpmndi:BPMNPlane bpmnElement="myProcess" id="BPMNPlane_myProcess">
      <bpmndi:BPMNShape bpmnElement="startevent1" id="BPMNShape_startevent1">
        <omgdc:Bounds height="35.0" width="35.0" x="40.0" y="210.0"></omgdc:Bounds>
      </bpmndi:BPMNShape>
      <bpmndi:BPMNShape bpmnElement="parallelgateway1" id="BPMNShape_parallelgateway1">
        <omgdc:Bounds height="40.0" width="40.0" x="120.0" y="207.0"></omgdc:Bounds>
      </bpmndi:BPMNShape>
      <bpmndi:BPMNShape bpmnElement="servicetask1" id="BPMNShape_servicetask1">
        <omgdc:Bounds height="55.0" width="105.0" x="200.0" y="156.0"></omgdc:Bounds>
      </bpmndi:BPMNShape>
      <bpmndi:BPMNShape bpmnElement="servicetask2" id="BPMNShape_servicetask2">
        <omgdc:Bounds height="55.0" width="105.0" x="200.0" y="247.0"></omgdc:Bounds>
      </bpmndi:BPMNShape>
      <bpmndi:BPMNShape bpmnElement="servicetask3" id="BPMNShape_servicetask3">
        <omgdc:Bounds height="55.0" width="105.0" x="450.0" y="200.0"></omgdc:Bounds>
      </bpmndi:BPMNShape>
      <bpmndi:BPMNShape bpmnElement="parallelgateway2" id="BPMNShape_parallelgateway2">
        <omgdc:Bounds height="40.0" width="40.0" x="350.0" y="207.0"></omgdc:Bounds>
      </bpmndi:BPMNShape>
      <bpmndi:BPMNShape bpmnElement="endevent1" id="BPMNShape_endevent1">
        <omgdc:Bounds height="35.0" width="35.0" x="620.0" y="210.0"></omgdc:Bounds>
      </bpmndi:BPMNShape>
      <bpmndi:BPMNEdge bpmnElement="flow1" id="BPMNEdge_flow1">
        <omgdi:waypoint x="75.0" y="227.0"></omgdi:waypoint>
        <omgdi:waypoint x="120.0" y="227.0"></omgdi:waypoint>
      </bpmndi:BPMNEdge>
      <bpmndi:BPMNEdge bpmnElement="flow2" id="BPMNEdge_flow2">
        <omgdi:waypoint x="140.0" y="207.0"></omgdi:waypoint>
        <omgdi:waypoint x="140.0" y="183.0"></omgdi:waypoint>
        <omgdi:waypoint x="200.0" y="183.0"></omgdi:waypoint>
      </bpmndi:BPMNEdge>
      <bpmndi:BPMNEdge bpmnElement="flow3" id="BPMNEdge_flow3">
        <omgdi:waypoint x="140.0" y="247.0"></omgdi:waypoint>
        <omgdi:waypoint x="140.0" y="274.0"></omgdi:waypoint>
        <omgdi:waypoint x="200.0" y="274.0"></omgdi:waypoint>
      </bpmndi:BPMNEdge>
      <bpmndi:BPMNEdge bpmnElement="flow4" id="BPMNEdge_flow4">
        <omgdi:waypoint x="305.0" y="274.0"></omgdi:waypoint>
        <omgdi:waypoint x="370.0" y="274.0"></omgdi:waypoint>
        <omgdi:waypoint x="370.0" y="247.0"></omgdi:waypoint>
      </bpmndi:BPMNEdge>
      <bpmndi:BPMNEdge bpmnElement="flow5" id="BPMNEdge_flow5">
        <omgdi:waypoint x="305.0" y="183.0"></omgdi:waypoint>
        <omgdi:waypoint x="370.0" y="183.0"></omgdi:waypoint>
        <omgdi:waypoint x="370.0" y="207.0"></omgdi:waypoint>
      </bpmndi:BPMNEdge>
      <bpmndi:BPMNEdge bpmnElement="flow6" id="BPMNEdge_flow6">
        <omgdi:waypoint x="390.0" y="227.0"></omgdi:waypoint>
        <omgdi:waypoint x="450.0" y="227.0"></omgdi:waypoint>
      </bpmndi:BPMNEdge>
      <bpmndi:BPMNEdge bpmnElement="flow7" id="BPMNEdge_flow7">
        <omgdi:waypoint x="555.0" y="227.0"></omgdi:waypoint>
        <omgdi:waypoint x="620.0" y="227.0"></omgdi:waypoint>
      </bpmndi:BPMNEdge>
    </bpmndi:BPMNPlane>
  </bpmndi:BPMNDiagram>
</definitions>