<?xml version="1.0" encoding="UTF-8"?>
<definitions xmlns="http://www.omg.org/spec/BPMN/20100524/MODEL" xmlns:bpmndi="http://www.omg.org/spec/BPMN/20100524/DI" xmlns:omgdc="http://www.omg.org/spec/DD/20100524/DC" xmlns:omgdi="http://www.omg.org/spec/DD/20100524/DI" xmlns:signavio="http://www.signavio.com" xmlns:xsi="http://www.w3.org/2001/XMLSchema-instance" exporter="Signavio Process Editor, http://www.signavio.com" exporterVersion="" expressionLanguage="http://www.w3.org/1999/XPath" id="sid-21b9a90b-ec8e-482f-87db-bfe87f7448a5" targetNamespace="http://www.signavio.com/bpmn20" typeLanguage="http://www.w3.org/2001/XMLSchema" xsi:schemaLocation="http://www.omg.org/spec/BPMN/20100524/MODEL http://www.omg.org/spec/BPMN/2.0/20100501/BPMN20.xsd">
   <collaboration id="sid-e0aab3a5-85f5-448b-8e6a-08f0c0ff8f8a">
      <participant id="sid-6271142C-075D-469E-9778-BF58F86B8D98" name="Escalation main process" processRef="sid-267006f2-d555-4d0e-a15f-0b21e344c7d9">
         <extensionElements>
            <signavio:signavioMetaData metaKey="bgcolor" metaValue="#ffffff"/>
         </extensionElements>
      </participant>
      <participant id="sid-C5C7A4C1-F7C9-4834-B748-E30CFD953F61" name="Escalation main process" processRef="sid-df55f53a-5f64-4faf-bca0-edc31c8333f5">
         <extensionElements>
            <signavio:signavioMetaData metaKey="bgcolor" metaValue="#ffffff"/>
         </extensionElements>
      </participant>
   </collaboration>
   <process id="sid-267006f2-d555-4d0e-a15f-0b21e344c7d9" isClosed="false" isExecutable="false" name="Escalation main process" processType="None">
      <laneSet id="sid-c91cc737-1636-4a85-b6b4-44f015569ef4">
         <lane id="sid-5F9CEF3D-047C-41E6-B0F0-ADBCFF4ECEDF">
            <extensionElements>
               <signavio:signavioMetaData metaKey="bgcolor" metaValue=""/>
            </extensionElements>
            <flowNodeRef>sid-5AD7761A-A21A-4851-BE8F-AB9F65AA7EAB</flowNodeRef>
            <flowNodeRef>sid-C6D73469-5E5D-4695-866F-AB5EB1D9632B</flowNodeRef>
            <flowNodeRef>sid-041ABF9C-8054-4C85-93DB-630D4C93C12F</flowNodeRef>
            <flowNodeRef>sid-EBA1EA74-9B13-4AC3-9FA3-5A25FF64F28E</flowNodeRef>
            <flowNodeRef>sid-48420CD2-1E51-4259-8937-1A027F216C14</flowNodeRef>
            <flowNodeRef>sid-9CF7ACD4-9590-4C77-B1D4-C1ACA6B10DE5</flowNodeRef>
         </lane>
      </laneSet>
      <startEvent id="sid-5AD7761A-A21A-4851-BE8F-AB9F65AA7EAB" name="">
         <extensionElements>
            <signavio:signavioMetaData metaKey="bgcolor" metaValue="#ffffff"/>
         </extensionElements>
         <outgoing>sid-F6CD2E51-6232-4547-9557-2AAE77368FB3</outgoing>
      </startEvent>
      <scriptTask completionQuantity="1" id="sid-C6D73469-5E5D-4695-866F-AB5EB1D9632B" isForCompensation="false" name="Log JIRA issue" scriptFormat="" startQuantity="1">
         <extensionElements>
            <signavio:signavioMetaData metaKey="bgcolor" metaValue="#ffffcc"/>
         </extensionElements>
         <incoming>sid-F6CD2E51-6232-4547-9557-2AAE77368FB3</incoming>
         <outgoing>sid-626BAC3D-7902-4785-A3E1-F2522B4C122B</outgoing>
         <script/>
      </scriptTask>
      <endEvent id="sid-041ABF9C-8054-4C85-93DB-630D4C93C12F" name="">
         <extensionElements>
            <signavio:signavioMetaData metaKey="bgcolor" metaValue="#ffffff"/>
         </extensionElements>
         <incoming>sid-10DE0BD1-FD57-4CB1-9276-0E74DAF9FBCA</incoming>
         <incoming>sid-0CEF986A-2417-4668-87B0-B541A03964FC</incoming>
      </endEvent>
      <subProcess completionQuantity="1" id="sid-EBA1EA74-9B13-4AC3-9FA3-5A25FF64F28E" isForCompensation="false" name="Developer sub process" startQuantity="1" triggeredByEvent="false">
         <extensionElements>
            <signavio:signavioMetaData metaKey="bgcolor" metaValue="#ffffff"/>
         </extensionElements>
         <outgoing>sid-0CEF986A-2417-4668-87B0-B541A03964FC</outgoing>
         <startEvent id="sid-EBE513C7-9043-4BBE-90CF-EDF996AE6F7F" name="">
            <extensionElements>
               <signavio:signavioMetaData metaKey="bgcolor" metaValue="#ffffff"/>
            </extensionElements>
            <outgoing>sid-0057C288-C6C7-4BAE-9B5C-BA24E1456062</outgoing>
         </startEvent>
         <endEvent id="sid-31555CC5-B73D-4786-B404-601857DD323D" name="">
            <extensionElements>
               <signavio:signavioMetaData metaKey="bgcolor" metaValue="#ffffff"/>
            </extensionElements>
            <incoming>sid-2AB4B636-B325-4097-9971-33F0D6657DA2</incoming>
         </endEvent>
         <userTask completionQuantity="1" id="sid-C2C03450-94E8-4ECC-A651-F96DE0024A9F" implementation="webService" isForCompensation="false" name="Developer solve JIA issue" startQuantity="1">
            <extensionElements>
               <signavio:signavioMetaData metaKey="bgcolor" metaValue="#ffffcc"/>
            </extensionElements>
            <incoming>sid-9120551B-67BC-43AC-B38A-42E5CDDD6C26</incoming>
            <incoming>sid-0057C288-C6C7-4BAE-9B5C-BA24E1456062</incoming>
            <outgoing>sid-26EC0B4C-8152-4405-90A1-FA8724085072</outgoing>
         </userTask>
         <userTask completionQuantity="1" id="sid-A8DC8A29-298C-4EE0-899F-8747EE58787E" implementation="webService" isForCompensation="false" name="Test the provided solution" startQuantity="1">
            <extensionElements>
               <signavio:signavioMetaData metaKey="bgcolor" metaValue="#ffffcc"/>
            </extensionElements>
            <incoming>sid-26EC0B4C-8152-4405-90A1-FA8724085072</incoming>
            <outgoing>sid-BD2940EF-A9A0-49FC-80ED-859761238157</outgoing>
         </userTask>
         <exclusiveGateway gatewayDirection="Diverging" id="sid-721E162A-D873-4693-A830-D91335415E38" name="">
            <extensionElements>
               <signavio:signavioMetaData metaKey="bgcolor" metaValue="#ffffff"/>
            </extensionElements>
            <incoming>sid-BD2940EF-A9A0-49FC-80ED-859761238157</incoming>
            <outgoing>sid-9120551B-67BC-43AC-B38A-42E5CDDD6C26</outgoing>
            <outgoing>sid-2AB4B636-B325-4097-9971-33F0D6657DA2</outgoing>
         </exclusiveGateway>
         <sequenceFlow id="sid-0057C288-C6C7-4BAE-9B5C-BA24E1456062" name="" sourceRef="sid-EBE513C7-9043-4BBE-90CF-EDF996AE6F7F" targetRef="sid-C2C03450-94E8-4ECC-A651-F96DE0024A9F"/>
         <sequenceFlow id="sid-26EC0B4C-8152-4405-90A1-FA8724085072" name="" sourceRef="sid-C2C03450-94E8-4ECC-A651-F96DE0024A9F" targetRef="sid-A8DC8A29-298C-4EE0-899F-8747EE58787E"/>
         <sequenceFlow id="sid-BD2940EF-A9A0-49FC-80ED-859761238157" name="" sourceRef="sid-A8DC8A29-298C-4EE0-899F-8747EE58787E" targetRef="sid-721E162A-D873-4693-A830-D91335415E38"/>
         <sequenceFlow id="sid-9120551B-67BC-43AC-B38A-42E5CDDD6C26" name="Not approved" sourceRef="sid-721E162A-D873-4693-A830-D91335415E38" targetRef="sid-C2C03450-94E8-4ECC-A651-F96DE0024A9F"/>
         <sequenceFlow id="sid-2AB4B636-B325-4097-9971-33F0D6657DA2" name="Approved" sourceRef="sid-721E162A-D873-4693-A830-D91335415E38" targetRef="sid-31555CC5-B73D-4786-B404-601857DD323D"/>
      </subProcess>
      <boundaryEvent attachedToRef="sid-EBA1EA74-9B13-4AC3-9FA3-5A25FF64F28E" cancelActivity="true" id="sid-48420CD2-1E51-4259-8937-1A027F216C14" name="" parallelMultiple="false">
         <outgoing>sid-33788D2A-B9E4-481C-8DC5-8F7FFF6E7308</outgoing>
         <timerEventDefinition id="sid-18ed2257-fd1f-49dc-b02a-d165ec56bafd"/>
      </boundaryEvent>
      <userTask completionQuantity="1" id="sid-9CF7ACD4-9590-4C77-B1D4-C1ACA6B10DE5" implementation="webService" isForCompensation="false" name="JIRA issue not solved in time" startQuantity="1">
         <extensionElements>
            <signavio:signavioMetaData metaKey="bgcolor" metaValue="#ffffcc"/>
         </extensionElements>
         <incoming>sid-33788D2A-B9E4-481C-8DC5-8F7FFF6E7308</incoming>
         <outgoing>sid-10DE0BD1-FD57-4CB1-9276-0E74DAF9FBCA</outgoing>
      </userTask>
      <sequenceFlow id="sid-F6CD2E51-6232-4547-9557-2AAE77368FB3" name="" sourceRef="sid-5AD7761A-A21A-4851-BE8F-AB9F65AA7EAB" targetRef="sid-C6D73469-5E5D-4695-866F-AB5EB1D9632B"/>
      <sequenceFlow id="sid-626BAC3D-7902-4785-A3E1-F2522B4C122B" name="" sourceRef="sid-C6D73469-5E5D-4695-866F-AB5EB1D9632B"/>
      <sequenceFlow id="sid-33788D2A-B9E4-481C-8DC5-8F7FFF6E7308" name="" sourceRef="sid-48420CD2-1E51-4259-8937-1A027F216C14" targetRef="sid-9CF7ACD4-9590-4C77-B1D4-C1ACA6B10DE5"/>
      <sequenceFlow id="sid-10DE0BD1-FD57-4CB1-9276-0E74DAF9FBCA" name="" sourceRef="sid-9CF7ACD4-9590-4C77-B1D4-C1ACA6B10DE5" targetRef="sid-041ABF9C-8054-4C85-93DB-630D4C93C12F"/>
      <sequenceFlow id="sid-0CEF986A-2417-4668-87B0-B541A03964FC" name="" sourceRef="sid-EBA1EA74-9B13-4AC3-9FA3-5A25FF64F28E" targetRef="sid-041ABF9C-8054-4C85-93DB-630D4C93C12F"/>
   </process>
   <process id="sid-df55f53a-5f64-4faf-bca0-edc31c8333f5" isClosed="false" isExecutable="false" name="Escalation main process" processType="None">
      <laneSet id="sid-6094f6b1-4e46-4f10-b65e-f683bf395ae2">
         <lane id="sid-3EAB3D5E-374A-424C-A198-EA76D2AD8FAA">
            <extensionElements>
               <signavio:signavioMetaData metaKey="bgcolor" metaValue=""/>
            </extensionElements>
            <flowNodeRef>sid-660424DA-BE49-4D1D-9B3D-EE41A0804DBD</flowNodeRef>
            <flowNodeRef>sid-61CD81E6-3EC1-44CA-B275-9E048CEEA642</flowNodeRef>
            <flowNodeRef>sid-0684A758-6178-4B3D-9577-AB8061976E3B</flowNodeRef>
            <flowNodeRef>sid-9A5E6E3A-A27B-4F0D-8EC1-89AF4ADE0AB5</flowNodeRef>
            <flowNodeRef>sid-4D829BB8-279F-412E-B753-C8C450966E80</flowNodeRef>
            <flowNodeRef>sid-ABAFC211-B5B3-4844-921D-406327544D96</flowNodeRef>
         </lane>
      </laneSet>
      <startEvent id="sid-660424DA-BE49-4D1D-9B3D-EE41A0804DBD" name="">
         <extensionElements>
            <signavio:signavioMetaData metaKey="bgcolor" metaValue="#ffffff"/>
         </extensionElements>
         <outgoing>sid-EF023486-3AE8-4A1C-A90E-CBA2DB310106</outgoing>
      </startEvent>
      <scriptTask completionQuantity="1" id="sid-61CD81E6-3EC1-44CA-B275-9E048CEEA642" isForCompensation="false" name="Log JIRA issue" scriptFormat="" startQuantity="1">
         <extensionElements>
            <signavio:signavioMetaData metaKey="bgcolor" metaValue="#ffffcc"/>
         </extensionElements>
         <incoming>sid-EF023486-3AE8-4A1C-A90E-CBA2DB310106</incoming>
         <outgoing>sid-AD7B65FF-85C3-4257-8F49-A03965D95855</outgoing>
         <script/>
      </scriptTask>
      <subProcess completionQuantity="1" id="sid-0684A758-6178-4B3D-9577-AB8061976E3B" isForCompensation="false" name="Developer sub process" startQuantity="1" triggeredByEvent="false">
         <extensionElements>
            <signavio:signavioMetaData metaKey="bgcolor" metaValue="#ffffcc"/>
         </extensionElements>
         <incoming>sid-AD7B65FF-85C3-4257-8F49-A03965D95855</incoming>
         <outgoing>sid-205D3095-41EE-4976-91B6-3DF0F41E27C6</outgoing>
      </subProcess>
      <endEvent id="sid-9A5E6E3A-A27B-4F0D-8EC1-89AF4ADE0AB5" name="">
         <extensionElements>
            <signavio:signavioMetaData metaKey="bgcolor" metaValue="#ffffff"/>
         </extensionElements>
         <incoming>sid-205D3095-41EE-4976-91B6-3DF0F41E27C6</incoming>
         <incoming>sid-CEFE8473-285E-46EC-AB41-033EB15A9277</incoming>
      </endEvent>
      <boundaryEvent attachedToRef="sid-0684A758-6178-4B3D-9577-AB8061976E3B" cancelActivity="true" id="sid-4D829BB8-279F-412E-B753-C8C450966E80" name="" parallelMultiple="false">
         <outgoing>sid-7B667545-8259-492C-8722-15EA28E78F6A</outgoing>
         <timerEventDefinition id="sid-ab2bf4c6-3afe-4c4c-a1a4-b6cf28a1a131"/>
      </boundaryEvent>
      <userTask completionQuantity="1" id="sid-ABAFC211-B5B3-4844-921D-406327544D96" implementation="webService" isForCompensation="false" name="JIRA issue not solved in time" startQuantity="1">
         <extensionElements>
            <signavio:signavioMetaData metaKey="bgcolor" metaValue="#ffffcc"/>
         </extensionElements>
         <incoming>sid-7B667545-8259-492C-8722-15EA28E78F6A</incoming>
         <outgoing>sid-CEFE8473-285E-46EC-AB41-033EB15A9277</outgoing>
      </userTask>
      <sequenceFlow id="sid-EF023486-3AE8-4A1C-A90E-CBA2DB310106" name="" sourceRef="sid-660424DA-BE49-4D1D-9B3D-EE41A0804DBD" targetRef="sid-61CD81E6-3EC1-44CA-B275-9E048CEEA642"/>
      <sequenceFlow id="sid-AD7B65FF-85C3-4257-8F49-A03965D95855" name="" sourceRef="sid-61CD81E6-3EC1-44CA-B275-9E048CEEA642" targetRef="sid-0684A758-6178-4B3D-9577-AB8061976E3B"/>
      <sequenceFlow id="sid-205D3095-41EE-4976-91B6-3DF0F41E27C6" name="" sourceRef="sid-0684A758-6178-4B3D-9577-AB8061976E3B" targetRef="sid-9A5E6E3A-A27B-4F0D-8EC1-89AF4ADE0AB5"/>
      <sequenceFlow id="sid-7B667545-8259-492C-8722-15EA28E78F6A" name="" sourceRef="sid-4D829BB8-279F-412E-B753-C8C450966E80" targetRef="sid-ABAFC211-B5B3-4844-921D-406327544D96"/>
      <sequenceFlow id="sid-CEFE8473-285E-46EC-AB41-033EB15A9277" name="" sourceRef="sid-ABAFC211-B5B3-4844-921D-406327544D96" targetRef="sid-9A5E6E3A-A27B-4F0D-8EC1-89AF4ADE0AB5"/>
   </process>
   <bpmndi:BPMNDiagram id="sid-170917bc-8c4f-47a6-af53-b4f7cffdefc0">
      <bpmndi:BPMNPlane bpmnElement="sid-df55f53a-5f64-4faf-bca0-edc31c8333f5" id="sid-afd2b554-aefe-456b-b02a-9bc6397fd1ca">
         <bpmndi:BPMNShape bpmnElement="sid-6271142C-075D-469E-9778-BF58F86B8D98" id="sid-6271142C-075D-469E-9778-BF58F86B8D98_gui" isHorizontal="false">
            <omgdc:Bounds height="496.0" width="845.0" x="11.0" y="51.0"/>
         </bpmndi:BPMNShape>
         <bpmndi:BPMNShape bpmnElement="sid-C5C7A4C1-F7C9-4834-B748-E30CFD953F61" id="sid-C5C7A4C1-F7C9-4834-B748-E30CFD953F61_gui" isHorizontal="false">
            <omgdc:Bounds height="196.0" width="639.0" x="90.0" y="645.0"/>
         </bpmndi:BPMNShape>
         <bpmndi:BPMNShape bpmnElement="sid-5F9CEF3D-047C-41E6-B0F0-ADBCFF4ECEDF" id="sid-5F9CEF3D-047C-41E6-B0F0-ADBCFF4ECEDF_gui" isHorizontal="true">
            <omgdc:Bounds height="496.0" width="815.0" x="41.0" y="51.0"/>
         </bpmndi:BPMNShape>
         <bpmndi:BPMNShape bpmnElement="sid-5AD7761A-A21A-4851-BE8F-AB9F65AA7EAB" id="sid-5AD7761A-A21A-4851-BE8F-AB9F65AA7EAB_gui">
            <omgdc:Bounds height="30.0" width="30.0" x="78.0" y="97.0"/>
         </bpmndi:BPMNShape>
         <bpmndi:BPMNShape bpmnElement="sid-C6D73469-5E5D-4695-866F-AB5EB1D9632B" id="sid-C6D73469-5E5D-4695-866F-AB5EB1D9632B_gui">
            <omgdc:Bounds height="80.0" width="100.0" x="153.0" y="72.0"/>
         </bpmndi:BPMNShape>
         <bpmndi:BPMNShape bpmnElement="sid-041ABF9C-8054-4C85-93DB-630D4C93C12F" id="sid-041ABF9C-8054-4C85-93DB-630D4C93C12F_gui">
            <omgdc:Bounds height="28.0" width="28.0" x="795.0" y="270.0"/>
         </bpmndi:BPMNShape>
         <bpmndi:BPMNShape bpmnElement="sid-EBA1EA74-9B13-4AC3-9FA3-5A25FF64F28E" id="sid-EBA1EA74-9B13-4AC3-9FA3-5A25FF64F28E_gui" isExpanded="true">
            <omgdc:Bounds height="214.0" width="563.0" x="150.0" y="195.0"/>
         </bpmndi:BPMNShape>
         <bpmndi:BPMNShape bpmnElement="sid-EBE513C7-9043-4BBE-90CF-EDF996AE6F7F" id="sid-EBE513C7-9043-4BBE-90CF-EDF996AE6F7F_gui">
            <omgdc:Bounds height="30.0" width="30.0" x="180.0" y="260.0"/>
         </bpmndi:BPMNShape>
         <bpmndi:BPMNShape bpmnElement="sid-31555CC5-B73D-4786-B404-601857DD323D" id="sid-31555CC5-B73D-4786-B404-601857DD323D_gui">
            <omgdc:Bounds height="28.0" width="28.0" x="660.0" y="266.0"/>
         </bpmndi:BPMNShape>
         <bpmndi:BPMNShape bpmnElement="sid-C2C03450-94E8-4ECC-A651-F96DE0024A9F" id="sid-C2C03450-94E8-4ECC-A651-F96DE0024A9F_gui">
            <omgdc:Bounds height="80.0" width="100.0" x="255.0" y="240.0"/>
         </bpmndi:BPMNShape>
         <bpmndi:BPMNShape bpmnElement="sid-A8DC8A29-298C-4EE0-899F-8747EE58787E" id="sid-A8DC8A29-298C-4EE0-899F-8747EE58787E_gui">
            <omgdc:Bounds height="80.0" width="100.0" x="400.0" y="240.0"/>
         </bpmndi:BPMNShape>
         <bpmndi:BPMNShape bpmnElement="sid-721E162A-D873-4693-A830-D91335415E38" id="sid-721E162A-D873-4693-A830-D91335415E38_gui" isMarkerVisible="true">
            <omgdc:Bounds height="40.0" width="40.0" x="545.0" y="260.0"/>
         </bpmndi:BPMNShape>
         <bpmndi:BPMNShape bpmnElement="sid-48420CD2-1E51-4259-8937-1A027F216C14" id="sid-48420CD2-1E51-4259-8937-1A027F216C14_gui">
            <omgdc:Bounds height="30.0" width="30.0" x="194.84851706869773" y="394.36932815529246"/>
         </bpmndi:BPMNShape>
         <bpmndi:BPMNShape bpmnElement="sid-9CF7ACD4-9590-4C77-B1D4-C1ACA6B10DE5" id="sid-9CF7ACD4-9590-4C77-B1D4-C1ACA6B10DE5_gui">
            <omgdc:Bounds height="80.0" width="100.0" x="255.0" y="450.0"/>
         </bpmndi:BPMNShape>
         <bpmndi:BPMNShape bpmnElement="sid-3EAB3D5E-374A-424C-A198-EA76D2AD8FAA" id="sid-3EAB3D5E-374A-424C-A198-EA76D2AD8FAA_gui" isHorizontal="true">
            <omgdc:Bounds height="196.0" width="609.0" x="120.0" y="645.0"/>
         </bpmndi:BPMNShape>
         <bpmndi:BPMNShape bpmnElement="sid-660424DA-BE49-4D1D-9B3D-EE41A0804DBD" id="sid-660424DA-BE49-4D1D-9B3D-EE41A0804DBD_gui">
            <omgdc:Bounds height="30.0" width="30.0" x="138.1735649249624" y="693.0"/>
         </bpmndi:BPMNShape>
         <bpmndi:BPMNShape bpmnElement="sid-61CD81E6-3EC1-44CA-B275-9E048CEEA642" id="sid-61CD81E6-3EC1-44CA-B275-9E048CEEA642_gui">
            <omgdc:Bounds height="80.0" width="100.00000000000003" x="213.17356492496242" y="668.0"/>
         </bpmndi:BPMNShape>
         <bpmndi:BPMNShape bpmnElement="sid-0684A758-6178-4B3D-9577-AB8061976E3B" id="sid-0684A758-6178-4B3D-9577-AB8061976E3B_gui" isExpanded="false">
            <omgdc:Bounds height="80.0" width="100.0" x="375.0" y="668.0"/>
         </bpmndi:BPMNShape>
         <bpmndi:BPMNShape bpmnElement="sid-9A5E6E3A-A27B-4F0D-8EC1-89AF4ADE0AB5" id="sid-9A5E6E3A-A27B-4F0D-8EC1-89AF4ADE0AB5_gui">
            <omgdc:Bounds height="28.0" width="28.0" x="660.0" y="694.0"/>
         </bpmndi:BPMNShape>
         <bpmndi:BPMNShape bpmnElement="sid-4D829BB8-279F-412E-B753-C8C450966E80" id="sid-4D829BB8-279F-412E-B753-C8C450966E80_gui">
            <omgdc:Bounds height="30.0" width="30.0" x="384.2126603774365" y="733.1136394128765"/>
         </bpmndi:BPMNShape>
         <bpmndi:BPMNShape bpmnElement="sid-ABAFC211-B5B3-4844-921D-406327544D96" id="sid-ABAFC211-B5B3-4844-921D-406327544D96_gui">
            <omgdc:Bounds height="80.0" width="100.0" x="500.0" y="743.0"/>
         </bpmndi:BPMNShape>
         <bpmndi:BPMNEdge bpmnElement="sid-BD2940EF-A9A0-49FC-80ED-859761238157" id="sid-BD2940EF-A9A0-49FC-80ED-859761238157_gui">
            <omgdi:waypoint x="500.0" y="280.0"/>
            <omgdi:waypoint x="545.0" y="280.0"/>
         </bpmndi:BPMNEdge>
         <bpmndi:BPMNEdge bpmnElement="sid-EF023486-3AE8-4A1C-A90E-CBA2DB310106" id="sid-EF023486-3AE8-4A1C-A90E-CBA2DB310106_gui">
            <omgdi:waypoint x="168.0" y="708.0"/>
            <omgdi:waypoint x="213.0" y="708.0"/>
         </bpmndi:BPMNEdge>
         <bpmndi:BPMNEdge bpmnElement="sid-7B667545-8259-492C-8722-15EA28E78F6A" id="sid-7B667545-8259-492C-8722-15EA28E78F6A_gui">
            <omgdi:waypoint x="399.0" y="763.0"/>
            <omgdi:waypoint x="399.2126603774365" y="783.0"/>
            <omgdi:waypoint x="500.0" y="783.0"/>
         </bpmndi:BPMNEdge>
         <bpmndi:BPMNEdge bpmnElement="sid-F6CD2E51-6232-4547-9557-2AAE77368FB3" id="sid-F6CD2E51-6232-4547-9557-2AAE77368FB3_gui">
            <omgdi:waypoint x="108.0" y="112.0"/>
            <omgdi:waypoint x="153.0" y="112.0"/>
         </bpmndi:BPMNEdge>
         <bpmndi:BPMNEdge bpmnElement="sid-26EC0B4C-8152-4405-90A1-FA8724085072" id="sid-26EC0B4C-8152-4405-90A1-FA8724085072_gui">
            <omgdi:waypoint x="355.0" y="280.0"/>
            <omgdi:waypoint x="400.0" y="280.0"/>
         </bpmndi:BPMNEdge>
         <bpmndi:BPMNEdge bpmnElement="sid-205D3095-41EE-4976-91B6-3DF0F41E27C6" id="sid-205D3095-41EE-4976-91B6-3DF0F41E27C6_gui">
            <omgdi:waypoint x="475.0" y="708.0"/>
            <omgdi:waypoint x="660.0" y="708.0"/>
         </bpmndi:BPMNEdge>
         <bpmndi:BPMNEdge bpmnElement="sid-0057C288-C6C7-4BAE-9B5C-BA24E1456062" id="sid-0057C288-C6C7-4BAE-9B5C-BA24E1456062_gui">
            <omgdi:waypoint x="210.0" y="275.0"/>
            <omgdi:waypoint x="255.0" y="275.0"/>
         </bpmndi:BPMNEdge>
         <bpmndi:BPMNEdge bpmnElement="sid-2AB4B636-B325-4097-9971-33F0D6657DA2" id="sid-2AB4B636-B325-4097-9971-33F0D6657DA2_gui">
            <omgdi:waypoint x="585.0" y="280.0"/>
            <omgdi:waypoint x="660.0" y="280.0"/>
         </bpmndi:BPMNEdge>
         <bpmndi:BPMNEdge bpmnElement="sid-10DE0BD1-FD57-4CB1-9276-0E74DAF9FBCA" id="sid-10DE0BD1-FD57-4CB1-9276-0E74DAF9FBCA_gui">
            <omgdi:waypoint x="355.0" y="490.0"/>
            <omgdi:waypoint x="809.0" y="490.0"/>
            <omgdi:waypoint x="809.0" y="298.0"/>
         </bpmndi:BPMNEdge>
         <bpmndi:BPMNEdge bpmnElement="sid-9120551B-67BC-43AC-B38A-42E5CDDD6C26" id="sid-9120551B-67BC-43AC-B38A-42E5CDDD6C26_gui">
            <omgdi:waypoint x="565.0" y="300.0"/>
            <omgdi:waypoint x="565.5" y="398.0"/>
            <omgdi:waypoint x="305.0" y="398.0"/>
            <omgdi:waypoint x="305.0" y="320.0"/>
         </bpmndi:BPMNEdge>
         <bpmndi:BPMNEdge bpmnElement="sid-33788D2A-B9E4-481C-8DC5-8F7FFF6E7308" id="sid-33788D2A-B9E4-481C-8DC5-8F7FFF6E7308_gui">
            <omgdi:waypoint x="209.0" y="424.0"/>
            <omgdi:waypoint x="209.84851706869773" y="490.0"/>
            <omgdi:waypoint x="255.0" y="490.0"/>
         </bpmndi:BPMNEdge>
         <bpmndi:BPMNEdge bpmnElement="sid-0CEF986A-2417-4668-87B0-B541A03964FC" id="sid-0CEF986A-2417-4668-87B0-B541A03964FC_gui">
            <omgdi:waypoint x="713.0" y="282.0"/>
            <omgdi:waypoint x="795.0" y="284.0"/>
         </bpmndi:BPMNEdge>
         <bpmndi:BPMNEdge bpmnElement="sid-626BAC3D-7902-4785-A3E1-F2522B4C122B" id="sid-626BAC3D-7902-4785-A3E1-F2522B4C122B_gui">
            <omgdi:waypoint x="203.0" y="152.0"/>
            <omgdi:waypoint x="203.0" y="195.11119221824197"/>
         </bpmndi:BPMNEdge>
         <bpmndi:BPMNEdge bpmnElement="sid-AD7B65FF-85C3-4257-8F49-A03965D95855" id="sid-AD7B65FF-85C3-4257-8F49-A03965D95855_gui">
            <omgdi:waypoint x="313.0" y="708.0"/>
            <omgdi:waypoint x="375.0" y="708.0"/>
         </bpmndi:BPMNEdge>
         <bpmndi:BPMNEdge bpmnElement="sid-CEFE8473-285E-46EC-AB41-033EB15A9277" id="sid-CEFE8473-285E-46EC-AB41-033EB15A9277_gui">
            <omgdi:waypoint x="600.0" y="783.0"/>
            <omgdi:waypoint x="674.0" y="783.0"/>
            <omgdi:waypoint x="674.0" y="722.0"/>
         </bpmndi:BPMNEdge>
      </bpmndi:BPMNPlane>
   </bpmndi:BPMNDiagram>
</definitions>
