<?xml version="1.0" encoding="UTF-8"?>
<definitions xmlns="http://www.omg.org/spec/BPMN/20100524/MODEL" xmlns:xsi="http://www.w3.org/2001/XMLSchema-instance" xmlns:xsd="http://www.w3.org/2001/XMLSchema" xmlns:activiti="http://activiti.org/bpmn" xmlns:bpmndi="http://www.omg.org/spec/BPMN/20100524/DI" xmlns:omgdc="http://www.omg.org/spec/DD/20100524/DC" xmlns:omgdi="http://www.omg.org/spec/DD/20100524/DI" typeLanguage="http://www.w3.org/2001/XMLSchema" expressionLanguage="http://www.w3.org/1999/XPath" targetNamespace="http://www.activiti.org/test">
  <process id="auctionProcess" name="Auction" isExecutable="true">
    <startEvent id="startevent1" name="Start"></startEvent>
    <serviceTask id="servicetask1" name="Define companies for offer" activiti:expression="${jobComponentService.defineCompanies(job, execution.getProcessInstanceId())}" activiti:resultVariableName="job"></serviceTask>
    <exclusiveGateway id="exclusivegateway1" name="Exclusive Gateway"></exclusiveGateway>
    <endEvent id="endevent2" name="End"></endEvent>
    <sequenceFlow id="flow6" sourceRef="exclusivegateway1" targetRef="endevent2">
      <conditionExpression xsi:type="tFormalExpression"><![CDATA[${job.getCompanyIDS().size() == 0}]]></conditionExpression>
    </sequenceFlow>
    <sequenceFlow id="flow7" sourceRef="servicetask1" targetRef="exclusivegateway1"></sequenceFlow>
    <serviceTask id="servicetask2" name="Send mail to user" activiti:expression="${jobComponentService.sendMailForNotEnough(job, execution.getProcessInstanceId())}"></serviceTask>
    <endEvent id="endevent3" name="End"></endEvent>
    <sequenceFlow id="flow8" sourceRef="exclusivegateway1" targetRef="servicetask2">
      <conditionExpression xsi:type="tFormalExpression"><![CDATA[${job.getCompanyIDS().size() < job.getOffersLimit() && job.getCompanyIDS().size() !=  0}]]></conditionExpression>
    </sequenceFlow>
    <userTask id="usertask1" name="Add demmand">
      <extensionElements>
        <activiti:formProperty id="categoryIDField" name="categoryIDField" type="string"></activiti:formProperty>
        <activiti:formProperty id="descritpionField" name="descritpionField" type="string"></activiti:formProperty>
        <activiti:formProperty id="auctionLimitField" name="auctionLimitField" type="string"></activiti:formProperty>
        <activiti:formProperty id="jobLimitField" name="jobLimitField" type="string"></activiti:formProperty>
        <activiti:formProperty id="offersLimitField" name="offersLimitField" type="string"></activiti:formProperty>
        <activiti:formProperty id="maxPriceField" name="maxPriceField" type="string"></activiti:formProperty>
      </extensionElements>
    </userTask>
    <sequenceFlow id="flow10" sourceRef="usertask1" targetRef="servicetask1"></sequenceFlow>
    <sequenceFlow id="flow11" sourceRef="startevent1" targetRef="usertask1"></sequenceFlow>
    <userTask id="usertask2" name="Demand status" activiti:assignee="${userID}">
      <extensionElements>
        <activiti:formProperty id="accept" name="Accept" type="enum">
          <activiti:value id="yes" name="yes"></activiti:value>
          <activiti:value id="no" name="no"></activiti:value>
        </activiti:formProperty>
      </extensionElements>
    </userTask>
    <sequenceFlow id="flow15" sourceRef="servicetask2" targetRef="usertask2"></sequenceFlow>
    <endEvent id="endevent4" name="End"></endEvent>
    <exclusiveGateway id="exclusivegateway3" name="Exclusive Gateway"></exclusiveGateway>
    <subProcess id="subprocess2" name="Sub Process">
      <multiInstanceLoopCharacteristics isSequential="false" activiti:collection="firms" activiti:elementVariable="firm"></multiInstanceLoopCharacteristics>
      <endEvent id="endevent7" name="End"></endEvent>
      <startEvent id="startevent3" name="Start"></startEvent>
      <serviceTask id="servicetask7" name="Send company mail" activiti:expression="${jobComponentService.sendCompanyMail(firm)}" activiti:resultVariableName="companyID"></serviceTask>
      <sequenceFlow id="flow32" sourceRef="startevent3" targetRef="servicetask7"></sequenceFlow>
      <userTask id="usertask3" name="Company offer for demmand" activiti:assignee="${companyID}">
        <extensionElements>
          <activiti:formProperty id="jobWilBeFinished" name="jobWilBeFinished" type="string"></activiti:formProperty>
          <activiti:formProperty id="priceForJob" name="priceForJob" type="string"></activiti:formProperty>
        </extensionElements>
      </userTask>
      <sequenceFlow id="flow33" sourceRef="servicetask7" targetRef="usertask3"></sequenceFlow>
      <serviceTask id="servicetask9" name="Calculate Rank" activiti:expression="${jobComponentService.calculateRangForOffer(execution.getProcessInstanceId(),jobObj)}" activiti:resultVariableName="companyID"></serviceTask>
      <sequenceFlow id="flow94" sourceRef="usertask3" targetRef="servicetask9"></sequenceFlow>
      <userTask id="usertask13" name="Confirm offer" activiti:assignee="${companyID}">
        <extensionElements>
          <activiti:formProperty id="jobConfirmWithRangField" name="jobConfirmWithRangField" type="string"></activiti:formProperty>
        </extensionElements>
      </userTask>
      <sequenceFlow id="flow95" sourceRef="servicetask9" targetRef="usertask13"></sequenceFlow>
      <exclusiveGateway id="exclusivegateway11" name="Exclusive Gateway"></exclusiveGateway>
      <sequenceFlow id="flow98" sourceRef="usertask13" targetRef="exclusivegateway11"></sequenceFlow>
      <sequenceFlow id="flow99" sourceRef="exclusivegateway11" targetRef="endevent7">
        <conditionExpression xsi:type="tFormalExpression"><![CDATA[${jobConfirmWithRang == 1}]]></conditionExpression>
      </sequenceFlow>
      <sequenceFlow id="flow100" sourceRef="exclusivegateway11" targetRef="usertask3">
        <conditionExpression xsi:type="tFormalExpression"><![CDATA[${jobConfirmWithRang == 0}]]></conditionExpression>
      </sequenceFlow>
    </subProcess>
    <boundaryEvent id="boundarytimer1" name="Timer" attachedToRef="subprocess2" cancelActivity="true">
      <timerEventDefinition>
        <timeDuration>PT30S</timeDuration>
      </timerEventDefinition>
    </boundaryEvent>
    <sequenceFlow id="flow35" sourceRef="boundarytimer1" targetRef="exclusivegateway3"></sequenceFlow>
    <serviceTask id="servicetask8" name="Prepare companies for job" activiti:expression="${jobComponentService.prepareCompaniesForNotify(execution.getProcessInstanceId())}" activiti:resultVariableName="firms"></serviceTask>
    <sequenceFlow id="flow36" sourceRef="servicetask8" targetRef="subprocess2"></sequenceFlow>
    <sequenceFlow id="flow37" sourceRef="exclusivegateway1" targetRef="servicetask8">
      <conditionExpression xsi:type="tFormalExpression"><![CDATA[${job.getCompanyIDS().size() >= job.getOffersLimit()}]]></conditionExpression>
    </sequenceFlow>
    <exclusiveGateway id="exclusivegateway4" name="Exclusive Gateway"></exclusiveGateway>
    <sequenceFlow id="flow38" sourceRef="exclusivegateway4" targetRef="endevent3">
      <conditionExpression xsi:type="tFormalExpression"><![CDATA[${howeverSend==0}]]></conditionExpression>
    </sequenceFlow>
    <sequenceFlow id="flow39" sourceRef="exclusivegateway4" targetRef="servicetask8">
      <conditionExpression xsi:type="tFormalExpression"><![CDATA[${howeverSend==1}]]></conditionExpression>
    </sequenceFlow>
    <sequenceFlow id="flow40" sourceRef="usertask2" targetRef="exclusivegateway4"></sequenceFlow>
    <userTask id="usertask4" name="Jobs for confirm" activiti:assignee="${userID}">
      <extensionElements>
        <activiti:formProperty id="choosenCompanyIDField" name="choosenCompanyIDField" type="string"></activiti:formProperty>
        <activiti:formProperty id="repeatJobField" name="repeatJobField" type="string"></activiti:formProperty>
        <activiti:formProperty id="cancelJobFild" name="cancelJobFild" type="string"></activiti:formProperty>
      </extensionElements>
    </userTask>
    <userTask id="usertask5" name="More offer request" activiti:assignee="${userID}">
      <extensionElements>
        <activiti:formProperty id="acceptOffers" name="acceptOffers" type="string"></activiti:formProperty>
        <activiti:formProperty id="auctionLimitField" name="auctionLimitField" type="string"></activiti:formProperty>
      </extensionElements>
    </userTask>
    <sequenceFlow id="flow49" sourceRef="exclusivegateway3" targetRef="usertask5">
      <conditionExpression xsi:type="tFormalExpression"><![CDATA[${expectOffers  != jobObj.offers.size() && jobObj.offers.size() != 0}]]></conditionExpression>
    </sequenceFlow>
    <userTask id="usertask6" name="No offers decision" activiti:assignee="${userID}">
      <extensionElements>
        <activiti:formProperty id="acceptOffers" name="acceptOffers" type="enum">
          <activiti:value id="yes" name="yes"></activiti:value>
          <activiti:value id="no" name="no"></activiti:value>
        </activiti:formProperty>
        <activiti:formProperty id="auctionLimit" name="auctionLimit" type="string"></activiti:formProperty>
      </extensionElements>
    </userTask>
    <sequenceFlow id="flow50" sourceRef="exclusivegateway3" targetRef="usertask6">
      <conditionExpression xsi:type="tFormalExpression"><![CDATA[${jobObj.offers.size() == 0}]]></conditionExpression>
    </sequenceFlow>
    <exclusiveGateway id="exclusivegateway6" name="Exclusive Gateway"></exclusiveGateway>
    <sequenceFlow id="flow52" sourceRef="usertask6" targetRef="exclusivegateway6"></sequenceFlow>
    <endEvent id="endevent8" name="End"></endEvent>
    <sequenceFlow id="flow54" sourceRef="exclusivegateway6" targetRef="endevent8">
      <conditionExpression xsi:type="tFormalExpression"><![CDATA[${noOffersCancelProces== 1}]]></conditionExpression>
    </sequenceFlow>
    <sequenceFlow id="flow56" sourceRef="exclusivegateway6" targetRef="servicetask1">
      <conditionExpression xsi:type="tFormalExpression"><![CDATA[${noOffersCancelProces== 0}]]></conditionExpression>
    </sequenceFlow>
    <userTask id="usertask7" name="Define start job" activiti:assignee="${choosenCompanyID}">
      <extensionElements>
        <activiti:formProperty id="jobStartOnDate" name="jobStartOnDate" type="string"></activiti:formProperty>
      </extensionElements>
    </userTask>
    <exclusiveGateway id="exclusivegateway7" name="Exclusive Gateway"></exclusiveGateway>
    <sequenceFlow id="flow59" sourceRef="usertask4" targetRef="exclusivegateway7"></sequenceFlow>
    <endEvent id="endevent9" name="End"></endEvent>
    <sequenceFlow id="flow60" sourceRef="exclusivegateway7" targetRef="endevent9">
      <conditionExpression xsi:type="tFormalExpression"><![CDATA[${numberOfRepeting == 3}]]></conditionExpression>
    </sequenceFlow>
    <sequenceFlow id="flow61" sourceRef="exclusivegateway7" targetRef="usertask7">
      <conditionExpression xsi:type="tFormalExpression"><![CDATA[${repeatProcess == 0 && describeProcess == 0}]]></conditionExpression>
    </sequenceFlow>
    <sequenceFlow id="flow62" sourceRef="exclusivegateway7" targetRef="servicetask1">
      <conditionExpression xsi:type="tFormalExpression"><![CDATA[${numberOfRepeting != 3 && repeatProcess == 1}]]></conditionExpression>
    </sequenceFlow>
    <exclusiveGateway id="exclusivegateway8" name="Exclusive Gateway"></exclusiveGateway>
    <sequenceFlow id="flow66" sourceRef="exclusivegateway8" targetRef="usertask4">
      <conditionExpression xsi:type="tFormalExpression"><![CDATA[${acceptDescribedJob == 0}]]></conditionExpression>
    </sequenceFlow>
    <sequenceFlow id="flow67" sourceRef="exclusivegateway8" targetRef="usertask7">
      <conditionExpression xsi:type="tFormalExpression"><![CDATA[${acceptDescribedJob == 1}]]></conditionExpression>
    </sequenceFlow>
    <sequenceFlow id="flow75" sourceRef="exclusivegateway3" targetRef="usertask4">
      <conditionExpression xsi:type="tFormalExpression"><![CDATA[${expectOffers == jobObj.offers.size()}]]></conditionExpression>
    </sequenceFlow>
    <parallelGateway id="parallelgateway1" name="Parallel Gateway"></parallelGateway>
    <userTask id="usertask10" name="Add degree for user" activiti:assignee="${choosenCompanyID} ">
      <extensionElements>
        <activiti:formProperty id="companyTouserDegreeField" name="companyTouserDegreeField" type="string"></activiti:formProperty>
      </extensionElements>
    </userTask>
    <userTask id="usertask11" name="Add degree for company" activiti:assignee="${userID}">
      <extensionElements>
        <activiti:formProperty id="companyToUserDegreeField" name="companyToUserDegreeField" type="string"></activiti:formProperty>
      </extensionElements>
    </userTask>
    <sequenceFlow id="flow77" sourceRef="parallelgateway1" targetRef="usertask10"></sequenceFlow>
    <sequenceFlow id="flow78" sourceRef="parallelgateway1" targetRef="usertask11"></sequenceFlow>
    <inclusiveGateway id="inclusivegateway1" name="Inclusive Gateway"></inclusiveGateway>
    <sequenceFlow id="flow79" sourceRef="usertask11" targetRef="inclusivegateway1"></sequenceFlow>
    <sequenceFlow id="flow80" sourceRef="usertask10" targetRef="inclusivegateway1"></sequenceFlow>
    <exclusiveGateway id="exclusivegateway9" name="Exclusive Gateway"></exclusiveGateway>
    <sequenceFlow id="flow86" sourceRef="exclusivegateway9" targetRef="usertask4">
      <conditionExpression xsi:type="tFormalExpression"><![CDATA[${acceptOffers == 1}]]></conditionExpression>
    </sequenceFlow>
    <sequenceFlow id="flow87" sourceRef="usertask5" targetRef="exclusivegateway9"></sequenceFlow>
    <sequenceFlow id="flow88" sourceRef="exclusivegateway9" targetRef="servicetask1">
      <conditionExpression xsi:type="tFormalExpression"><![CDATA[${acceptOffers == 0}]]></conditionExpression>
    </sequenceFlow>
    <intermediateCatchEvent id="timerintermediatecatchevent1" name="TimerCatchEvent">
      <timerEventDefinition>
        <timeDuration>PT10S</timeDuration>
      </timerEventDefinition>
    </intermediateCatchEvent>
    <sequenceFlow id="flow89" sourceRef="usertask7" targetRef="timerintermediatecatchevent1"></sequenceFlow>
    <userTask id="usertask12" name="Complete job" activiti:assignee="${userID}"></userTask>
    <sequenceFlow id="flow90" sourceRef="usertask12" targetRef="parallelgateway1"></sequenceFlow>
    <sequenceFlow id="flow91" sourceRef="timerintermediatecatchevent1" targetRef="usertask12"></sequenceFlow>
    <sequenceFlow id="flow92" sourceRef="inclusivegateway1" targetRef="endevent4"></sequenceFlow>
    <sequenceFlow id="flow101" sourceRef="subprocess2" targetRef="exclusivegateway3"></sequenceFlow>
    <subProcess id="subprocess3" name="Sub Process">
      <endEvent id="endevent10" name="End"></endEvent>
      <startEvent id="startevent4" name="Start"></startEvent>
      <userTask id="usertask8" name="Describe process" activiti:assignee="${choosenCompanyID}">
        <extensionElements>
          <activiti:formProperty id="choosenCompanyIDField2" name="choosenCompanyIDField2" type="string"></activiti:formProperty>
          <activiti:formProperty id="descriptionField" name="descriptionField" type="string"></activiti:formProperty>
        </extensionElements>
      </userTask>
      <userTask id="usertask9" name="Decide job status with description" activiti:assignee="${userID}">
        <extensionElements>
          <activiti:formProperty id="acceptWithDescField2" name="acceptWithDescField2" type="string"></activiti:formProperty>
        </extensionElements>
      </userTask>
      <sequenceFlow id="flow106" sourceRef="usertask9" targetRef="endevent10"></sequenceFlow>
      <sequenceFlow id="flow107" sourceRef="startevent4" targetRef="usertask8"></sequenceFlow>
      <serviceTask id="servicetask11" name="Product next for company" activiti:expression="${jobComponentService.test()}"></serviceTask>
      <sequenceFlow id="flow109" sourceRef="usertask8" targetRef="servicetask11"></sequenceFlow>
      <sequenceFlow id="flow110" sourceRef="servicetask11" targetRef="usertask9"></sequenceFlow>
    </subProcess>
    <endEvent id="endevent11" name="End"></endEvent>
    <sequenceFlow id="flow104" sourceRef="exclusivegateway7" targetRef="subprocess3">
      <conditionExpression xsi:type="tFormalExpression"><![CDATA[${repeatProcess == 0 && describeProcess == 1}]]></conditionExpression>
    </sequenceFlow>
    <boundaryEvent id="boundarytimer2" name="Timer" attachedToRef="subprocess3" cancelActivity="true">
      <timerEventDefinition>
        <timeDuration>PT2M</timeDuration>
      </timerEventDefinition>
    </boundaryEvent>
    <sequenceFlow id="flow108" sourceRef="subprocess3" targetRef="exclusivegateway8"></sequenceFlow>
    <sequenceFlow id="flow111" sourceRef="boundarytimer2" targetRef="endevent11"></sequenceFlow>
  </process>
  <bpmndi:BPMNDiagram id="BPMNDiagram_auctionProcess">
    <bpmndi:BPMNPlane bpmnElement="auctionProcess" id="BPMNPlane_auctionProcess">
      <bpmndi:BPMNShape bpmnElement="startevent1" id="BPMNShape_startevent1">
        <omgdc:Bounds height="35.0" width="35.0" x="30.0" y="311.0"></omgdc:Bounds>
      </bpmndi:BPMNShape>
      <bpmndi:BPMNShape bpmnElement="servicetask1" id="BPMNShape_servicetask1">
        <omgdc:Bounds height="121.0" width="171.0" x="402.0" y="268.0"></omgdc:Bounds>
      </bpmndi:BPMNShape>
      <bpmndi:BPMNShape bpmnElement="exclusivegateway1" id="BPMNShape_exclusivegateway1">
        <omgdc:Bounds height="40.0" width="40.0" x="707.0" y="308.0"></omgdc:Bounds>
      </bpmndi:BPMNShape>
      <bpmndi:BPMNShape bpmnElement="endevent2" id="BPMNShape_endevent2">
        <omgdc:Bounds height="35.0" width="35.0" x="710.0" y="180.0"></omgdc:Bounds>
      </bpmndi:BPMNShape>
      <bpmndi:BPMNShape bpmnElement="servicetask2" id="BPMNShape_servicetask2">
        <omgdc:Bounds height="131.0" width="184.0" x="636.0" y="420.0"></omgdc:Bounds>
      </bpmndi:BPMNShape>
      <bpmndi:BPMNShape bpmnElement="endevent3" id="BPMNShape_endevent3">
        <omgdc:Bounds height="35.0" width="35.0" x="220.0" y="700.0"></omgdc:Bounds>
      </bpmndi:BPMNShape>
      <bpmndi:BPMNShape bpmnElement="usertask1" id="BPMNShape_usertask1">
        <omgdc:Bounds height="116.0" width="151.0" x="150.0" y="270.0"></omgdc:Bounds>
      </bpmndi:BPMNShape>
      <bpmndi:BPMNShape bpmnElement="usertask2" id="BPMNShape_usertask2">
        <omgdc:Bounds height="131.0" width="171.0" x="160.0" y="420.0"></omgdc:Bounds>
      </bpmndi:BPMNShape>
      <bpmndi:BPMNShape bpmnElement="endevent4" id="BPMNShape_endevent4">
        <omgdc:Bounds height="35.0" width="35.0" x="3600.0" y="172.0"></omgdc:Bounds>
      </bpmndi:BPMNShape>
      <bpmndi:BPMNShape bpmnElement="exclusivegateway3" id="BPMNShape_exclusivegateway3">
        <omgdc:Bounds height="40.0" width="40.0" x="1870.0" y="300.0"></omgdc:Bounds>
      </bpmndi:BPMNShape>
      <bpmndi:BPMNShape bpmnElement="subprocess2" id="BPMNShape_subprocess2">
        <omgdc:Bounds height="311.0" width="631.0" x="1160.0" y="240.0"></omgdc:Bounds>
      </bpmndi:BPMNShape>
      <bpmndi:BPMNShape bpmnElement="endevent7" id="BPMNShape_endevent7">
        <omgdc:Bounds height="35.0" width="35.0" x="1730.0" y="290.0"></omgdc:Bounds>
      </bpmndi:BPMNShape>
      <bpmndi:BPMNShape bpmnElement="startevent3" id="BPMNShape_startevent3">
        <omgdc:Bounds height="35.0" width="35.0" x="1190.0" y="330.0"></omgdc:Bounds>
      </bpmndi:BPMNShape>
      <bpmndi:BPMNShape bpmnElement="servicetask7" id="BPMNShape_servicetask7">
        <omgdc:Bounds height="76.0" width="105.0" x="1280.0" y="310.0"></omgdc:Bounds>
      </bpmndi:BPMNShape>
      <bpmndi:BPMNShape bpmnElement="usertask3" id="BPMNShape_usertask3">
        <omgdc:Bounds height="91.0" width="105.0" x="1430.0" y="274.0"></omgdc:Bounds>
      </bpmndi:BPMNShape>
      <bpmndi:BPMNShape bpmnElement="servicetask9" id="BPMNShape_servicetask9">
        <omgdc:Bounds height="71.0" width="131.0" x="1460.0" y="470.0"></omgdc:Bounds>
      </bpmndi:BPMNShape>
      <bpmndi:BPMNShape bpmnElement="usertask13" id="BPMNShape_usertask13">
        <omgdc:Bounds height="85.0" width="135.0" x="1596.0" y="364.0"></omgdc:Bounds>
      </bpmndi:BPMNShape>
      <bpmndi:BPMNShape bpmnElement="exclusivegateway11" id="BPMNShape_exclusivegateway11">
        <omgdc:Bounds height="40.0" width="40.0" x="1640.0" y="299.0"></omgdc:Bounds>
      </bpmndi:BPMNShape>
      <bpmndi:BPMNShape bpmnElement="boundarytimer1" id="BPMNShape_boundarytimer1">
        <omgdc:Bounds height="30.0" width="30.0" x="1762.0" y="402.0"></omgdc:Bounds>
      </bpmndi:BPMNShape>
      <bpmndi:BPMNShape bpmnElement="servicetask8" id="BPMNShape_servicetask8">
        <omgdc:Bounds height="88.0" width="121.0" x="930.0" y="313.0"></omgdc:Bounds>
      </bpmndi:BPMNShape>
      <bpmndi:BPMNShape bpmnElement="exclusivegateway4" id="BPMNShape_exclusivegateway4">
        <omgdc:Bounds height="40.0" width="40.0" x="217.0" y="619.0"></omgdc:Bounds>
      </bpmndi:BPMNShape>
      <bpmndi:BPMNShape bpmnElement="usertask4" id="BPMNShape_usertask4">
        <omgdc:Bounds height="60.0" width="131.0" x="2284.0" y="311.0"></omgdc:Bounds>
      </bpmndi:BPMNShape>
      <bpmndi:BPMNShape bpmnElement="usertask5" id="BPMNShape_usertask5">
        <omgdc:Bounds height="91.0" width="150.0" x="1940.0" y="124.0"></omgdc:Bounds>
      </bpmndi:BPMNShape>
      <bpmndi:BPMNShape bpmnElement="usertask6" id="BPMNShape_usertask6">
        <omgdc:Bounds height="89.0" width="118.0" x="1831.0" y="431.0"></omgdc:Bounds>
      </bpmndi:BPMNShape>
      <bpmndi:BPMNShape bpmnElement="exclusivegateway6" id="BPMNShape_exclusivegateway6">
        <omgdc:Bounds height="40.0" width="40.0" x="1869.0" y="590.0"></omgdc:Bounds>
      </bpmndi:BPMNShape>
      <bpmndi:BPMNShape bpmnElement="endevent8" id="BPMNShape_endevent8">
        <omgdc:Bounds height="35.0" width="35.0" x="1940.0" y="597.0"></omgdc:Bounds>
      </bpmndi:BPMNShape>
      <bpmndi:BPMNShape bpmnElement="usertask7" id="BPMNShape_usertask7">
        <omgdc:Bounds height="81.0" width="121.0" x="2450.0" y="40.0"></omgdc:Bounds>
      </bpmndi:BPMNShape>
      <bpmndi:BPMNShape bpmnElement="exclusivegateway7" id="BPMNShape_exclusivegateway7">
        <omgdc:Bounds height="40.0" width="40.0" x="2370.0" y="485.0"></omgdc:Bounds>
      </bpmndi:BPMNShape>
      <bpmndi:BPMNShape bpmnElement="endevent9" id="BPMNShape_endevent9">
        <omgdc:Bounds height="35.0" width="35.0" x="2250.0" y="504.0"></omgdc:Bounds>
      </bpmndi:BPMNShape>
      <bpmndi:BPMNShape bpmnElement="exclusivegateway8" id="BPMNShape_exclusivegateway8">
        <omgdc:Bounds height="40.0" width="40.0" x="2490.0" y="327.0"></omgdc:Bounds>
      </bpmndi:BPMNShape>
      <bpmndi:BPMNShape bpmnElement="parallelgateway1" id="BPMNShape_parallelgateway1">
        <omgdc:Bounds height="40.0" width="40.0" x="2910.0" y="160.0"></omgdc:Bounds>
      </bpmndi:BPMNShape>
      <bpmndi:BPMNShape bpmnElement="usertask10" id="BPMNShape_usertask10">
        <omgdc:Bounds height="100.0" width="161.0" x="3020.0" y="258.0"></omgdc:Bounds>
      </bpmndi:BPMNShape>
      <bpmndi:BPMNShape bpmnElement="usertask11" id="BPMNShape_usertask11">
        <omgdc:Bounds height="91.0" width="151.0" x="3000.0" y="63.0"></omgdc:Bounds>
      </bpmndi:BPMNShape>
      <bpmndi:BPMNShape bpmnElement="inclusivegateway1" id="BPMNShape_inclusivegateway1">
        <omgdc:Bounds height="40.0" width="40.0" x="3250.0" y="180.0"></omgdc:Bounds>
      </bpmndi:BPMNShape>
      <bpmndi:BPMNShape bpmnElement="exclusivegateway9" id="BPMNShape_exclusivegateway9">
        <omgdc:Bounds height="40.0" width="40.0" x="1960.0" y="23.0"></omgdc:Bounds>
      </bpmndi:BPMNShape>
      <bpmndi:BPMNShape bpmnElement="timerintermediatecatchevent1" id="BPMNShape_timerintermediatecatchevent1">
        <omgdc:Bounds height="35.0" width="35.0" x="2740.0" y="122.0"></omgdc:Bounds>
      </bpmndi:BPMNShape>
      <bpmndi:BPMNShape bpmnElement="usertask12" id="BPMNShape_usertask12">
        <omgdc:Bounds height="55.0" width="105.0" x="2806.0" y="120.0"></omgdc:Bounds>
      </bpmndi:BPMNShape>
      <bpmndi:BPMNShape bpmnElement="subprocess3" id="BPMNShape_subprocess3">
        <omgdc:Bounds height="311.0" width="361.0" x="2810.0" y="366.0"></omgdc:Bounds>
      </bpmndi:BPMNShape>
      <bpmndi:BPMNShape bpmnElement="endevent10" id="BPMNShape_endevent10">
        <omgdc:Bounds height="35.0" width="35.0" x="3130.0" y="626.0"></omgdc:Bounds>
      </bpmndi:BPMNShape>
      <bpmndi:BPMNShape bpmnElement="startevent4" id="BPMNShape_startevent4">
        <omgdc:Bounds height="35.0" width="35.0" x="2840.0" y="396.0"></omgdc:Bounds>
      </bpmndi:BPMNShape>
      <bpmndi:BPMNShape bpmnElement="usertask8" id="BPMNShape_usertask8">
        <omgdc:Bounds height="61.0" width="105.0" x="2860.0" y="460.0"></omgdc:Bounds>
      </bpmndi:BPMNShape>
      <bpmndi:BPMNShape bpmnElement="usertask9" id="BPMNShape_usertask9">
        <omgdc:Bounds height="76.0" width="105.0" x="2960.0" y="585.0"></omgdc:Bounds>
      </bpmndi:BPMNShape>
      <bpmndi:BPMNShape bpmnElement="servicetask11" id="BPMNShape_servicetask11">
        <omgdc:Bounds height="60.0" width="121.0" x="3020.0" y="470.0"></omgdc:Bounds>
      </bpmndi:BPMNShape>
      <bpmndi:BPMNShape bpmnElement="boundarytimer2" id="BPMNShape_boundarytimer2">
        <omgdc:Bounds height="30.0" width="30.0" x="3133.0" y="560.0"></omgdc:Bounds>
      </bpmndi:BPMNShape>
      <bpmndi:BPMNShape bpmnElement="endevent11" id="BPMNShape_endevent11">
        <omgdc:Bounds height="35.0" width="35.0" x="3470.0" y="640.0"></omgdc:Bounds>
      </bpmndi:BPMNShape>
      <bpmndi:BPMNEdge bpmnElement="flow6" id="BPMNEdge_flow6">
        <omgdi:waypoint x="727.0" y="308.0"></omgdi:waypoint>
        <omgdi:waypoint x="727.0" y="215.0"></omgdi:waypoint>
      </bpmndi:BPMNEdge>
      <bpmndi:BPMNEdge bpmnElement="flow7" id="BPMNEdge_flow7">
        <omgdi:waypoint x="573.0" y="328.0"></omgdi:waypoint>
        <omgdi:waypoint x="707.0" y="328.0"></omgdi:waypoint>
      </bpmndi:BPMNEdge>
      <bpmndi:BPMNEdge bpmnElement="flow8" id="BPMNEdge_flow8">
        <omgdi:waypoint x="727.0" y="348.0"></omgdi:waypoint>
        <omgdi:waypoint x="728.0" y="420.0"></omgdi:waypoint>
      </bpmndi:BPMNEdge>
      <bpmndi:BPMNEdge bpmnElement="flow10" id="BPMNEdge_flow10">
        <omgdi:waypoint x="301.0" y="328.0"></omgdi:waypoint>
        <omgdi:waypoint x="402.0" y="328.0"></omgdi:waypoint>
      </bpmndi:BPMNEdge>
      <bpmndi:BPMNEdge bpmnElement="flow11" id="BPMNEdge_flow11">
        <omgdi:waypoint x="65.0" y="328.0"></omgdi:waypoint>
        <omgdi:waypoint x="150.0" y="328.0"></omgdi:waypoint>
      </bpmndi:BPMNEdge>
      <bpmndi:BPMNEdge bpmnElement="flow15" id="BPMNEdge_flow15">
        <omgdi:waypoint x="636.0" y="485.0"></omgdi:waypoint>
        <omgdi:waypoint x="331.0" y="485.0"></omgdi:waypoint>
      </bpmndi:BPMNEdge>
      <bpmndi:BPMNEdge bpmnElement="flow32" id="BPMNEdge_flow32">
        <omgdi:waypoint x="1225.0" y="347.0"></omgdi:waypoint>
        <omgdi:waypoint x="1280.0" y="348.0"></omgdi:waypoint>
      </bpmndi:BPMNEdge>
      <bpmndi:BPMNEdge bpmnElement="flow33" id="BPMNEdge_flow33">
        <omgdi:waypoint x="1385.0" y="348.0"></omgdi:waypoint>
        <omgdi:waypoint x="1430.0" y="319.0"></omgdi:waypoint>
      </bpmndi:BPMNEdge>
      <bpmndi:BPMNEdge bpmnElement="flow94" id="BPMNEdge_flow94">
        <omgdi:waypoint x="1482.0" y="365.0"></omgdi:waypoint>
        <omgdi:waypoint x="1525.0" y="470.0"></omgdi:waypoint>
      </bpmndi:BPMNEdge>
      <bpmndi:BPMNEdge bpmnElement="flow95" id="BPMNEdge_flow95">
        <omgdi:waypoint x="1525.0" y="470.0"></omgdi:waypoint>
        <omgdi:waypoint x="1663.0" y="449.0"></omgdi:waypoint>
      </bpmndi:BPMNEdge>
      <bpmndi:BPMNEdge bpmnElement="flow98" id="BPMNEdge_flow98">
        <omgdi:waypoint x="1663.0" y="364.0"></omgdi:waypoint>
        <omgdi:waypoint x="1660.0" y="339.0"></omgdi:waypoint>
      </bpmndi:BPMNEdge>
      <bpmndi:BPMNEdge bpmnElement="flow99" id="BPMNEdge_flow99">
        <omgdi:waypoint x="1680.0" y="319.0"></omgdi:waypoint>
        <omgdi:waypoint x="1730.0" y="307.0"></omgdi:waypoint>
      </bpmndi:BPMNEdge>
      <bpmndi:BPMNEdge bpmnElement="flow100" id="BPMNEdge_flow100">
        <omgdi:waypoint x="1640.0" y="319.0"></omgdi:waypoint>
        <omgdi:waypoint x="1535.0" y="319.0"></omgdi:waypoint>
      </bpmndi:BPMNEdge>
      <bpmndi:BPMNEdge bpmnElement="flow35" id="BPMNEdge_flow35">
        <omgdi:waypoint x="1777.0" y="402.0"></omgdi:waypoint>
        <omgdi:waypoint x="1890.0" y="340.0"></omgdi:waypoint>
      </bpmndi:BPMNEdge>
      <bpmndi:BPMNEdge bpmnElement="flow36" id="BPMNEdge_flow36">
        <omgdi:waypoint x="1051.0" y="357.0"></omgdi:waypoint>
        <omgdi:waypoint x="1160.0" y="395.0"></omgdi:waypoint>
      </bpmndi:BPMNEdge>
      <bpmndi:BPMNEdge bpmnElement="flow37" id="BPMNEdge_flow37">
        <omgdi:waypoint x="747.0" y="328.0"></omgdi:waypoint>
        <omgdi:waypoint x="930.0" y="357.0"></omgdi:waypoint>
      </bpmndi:BPMNEdge>
      <bpmndi:BPMNEdge bpmnElement="flow38" id="BPMNEdge_flow38">
        <omgdi:waypoint x="237.0" y="659.0"></omgdi:waypoint>
        <omgdi:waypoint x="237.0" y="700.0"></omgdi:waypoint>
      </bpmndi:BPMNEdge>
      <bpmndi:BPMNEdge bpmnElement="flow39" id="BPMNEdge_flow39">
        <omgdi:waypoint x="257.0" y="639.0"></omgdi:waypoint>
        <omgdi:waypoint x="877.0" y="636.0"></omgdi:waypoint>
        <omgdi:waypoint x="878.0" y="380.0"></omgdi:waypoint>
        <omgdi:waypoint x="930.0" y="357.0"></omgdi:waypoint>
      </bpmndi:BPMNEdge>
      <bpmndi:BPMNEdge bpmnElement="flow40" id="BPMNEdge_flow40">
        <omgdi:waypoint x="245.0" y="551.0"></omgdi:waypoint>
        <omgdi:waypoint x="237.0" y="619.0"></omgdi:waypoint>
      </bpmndi:BPMNEdge>
      <bpmndi:BPMNEdge bpmnElement="flow49" id="BPMNEdge_flow49">
        <omgdi:waypoint x="1890.0" y="300.0"></omgdi:waypoint>
        <omgdi:waypoint x="1888.0" y="165.0"></omgdi:waypoint>
        <omgdi:waypoint x="1940.0" y="169.0"></omgdi:waypoint>
      </bpmndi:BPMNEdge>
      <bpmndi:BPMNEdge bpmnElement="flow50" id="BPMNEdge_flow50">
        <omgdi:waypoint x="1890.0" y="340.0"></omgdi:waypoint>
        <omgdi:waypoint x="1890.0" y="431.0"></omgdi:waypoint>
      </bpmndi:BPMNEdge>
      <bpmndi:BPMNEdge bpmnElement="flow52" id="BPMNEdge_flow52">
        <omgdi:waypoint x="1890.0" y="520.0"></omgdi:waypoint>
        <omgdi:waypoint x="1889.0" y="590.0"></omgdi:waypoint>
      </bpmndi:BPMNEdge>
      <bpmndi:BPMNEdge bpmnElement="flow54" id="BPMNEdge_flow54">
        <omgdi:waypoint x="1909.0" y="610.0"></omgdi:waypoint>
        <omgdi:waypoint x="1940.0" y="614.0"></omgdi:waypoint>
      </bpmndi:BPMNEdge>
      <bpmndi:BPMNEdge bpmnElement="flow56" id="BPMNEdge_flow56">
        <omgdi:waypoint x="1869.0" y="610.0"></omgdi:waypoint>
        <omgdi:waypoint x="485.0" y="608.0"></omgdi:waypoint>
        <omgdi:waypoint x="487.0" y="389.0"></omgdi:waypoint>
      </bpmndi:BPMNEdge>
      <bpmndi:BPMNEdge bpmnElement="flow59" id="BPMNEdge_flow59">
        <omgdi:waypoint x="2349.0" y="371.0"></omgdi:waypoint>
        <omgdi:waypoint x="2390.0" y="485.0"></omgdi:waypoint>
      </bpmndi:BPMNEdge>
      <bpmndi:BPMNEdge bpmnElement="flow60" id="BPMNEdge_flow60">
        <omgdi:waypoint x="2370.0" y="505.0"></omgdi:waypoint>
        <omgdi:waypoint x="2285.0" y="521.0"></omgdi:waypoint>
      </bpmndi:BPMNEdge>
      <bpmndi:BPMNEdge bpmnElement="flow61" id="BPMNEdge_flow61">
        <omgdi:waypoint x="2390.0" y="485.0"></omgdi:waypoint>
        <omgdi:waypoint x="2478.0" y="404.0"></omgdi:waypoint>
        <omgdi:waypoint x="2478.0" y="294.0"></omgdi:waypoint>
        <omgdi:waypoint x="2510.0" y="121.0"></omgdi:waypoint>
      </bpmndi:BPMNEdge>
      <bpmndi:BPMNEdge bpmnElement="flow62" id="BPMNEdge_flow62">
        <omgdi:waypoint x="2390.0" y="525.0"></omgdi:waypoint>
        <omgdi:waypoint x="2168.0" y="700.0"></omgdi:waypoint>
        <omgdi:waypoint x="422.0" y="701.0"></omgdi:waypoint>
        <omgdi:waypoint x="487.0" y="389.0"></omgdi:waypoint>
      </bpmndi:BPMNEdge>
      <bpmndi:BPMNEdge bpmnElement="flow66" id="BPMNEdge_flow66">
        <omgdi:waypoint x="2490.0" y="347.0"></omgdi:waypoint>
        <omgdi:waypoint x="2415.0" y="341.0"></omgdi:waypoint>
      </bpmndi:BPMNEdge>
      <bpmndi:BPMNEdge bpmnElement="flow67" id="BPMNEdge_flow67">
        <omgdi:waypoint x="2510.0" y="327.0"></omgdi:waypoint>
        <omgdi:waypoint x="2510.0" y="121.0"></omgdi:waypoint>
      </bpmndi:BPMNEdge>
      <bpmndi:BPMNEdge bpmnElement="flow75" id="BPMNEdge_flow75">
        <omgdi:waypoint x="1910.0" y="320.0"></omgdi:waypoint>
        <omgdi:waypoint x="2284.0" y="341.0"></omgdi:waypoint>
      </bpmndi:BPMNEdge>
      <bpmndi:BPMNEdge bpmnElement="flow77" id="BPMNEdge_flow77">
        <omgdi:waypoint x="2930.0" y="200.0"></omgdi:waypoint>
        <omgdi:waypoint x="2930.0" y="308.0"></omgdi:waypoint>
        <omgdi:waypoint x="3020.0" y="308.0"></omgdi:waypoint>
      </bpmndi:BPMNEdge>
      <bpmndi:BPMNEdge bpmnElement="flow78" id="BPMNEdge_flow78">
        <omgdi:waypoint x="2930.0" y="160.0"></omgdi:waypoint>
        <omgdi:waypoint x="2930.0" y="108.0"></omgdi:waypoint>
        <omgdi:waypoint x="3000.0" y="108.0"></omgdi:waypoint>
      </bpmndi:BPMNEdge>
      <bpmndi:BPMNEdge bpmnElement="flow79" id="BPMNEdge_flow79">
        <omgdi:waypoint x="3151.0" y="108.0"></omgdi:waypoint>
        <omgdi:waypoint x="3270.0" y="108.0"></omgdi:waypoint>
        <omgdi:waypoint x="3270.0" y="180.0"></omgdi:waypoint>
      </bpmndi:BPMNEdge>
      <bpmndi:BPMNEdge bpmnElement="flow80" id="BPMNEdge_flow80">
        <omgdi:waypoint x="3181.0" y="308.0"></omgdi:waypoint>
        <omgdi:waypoint x="3270.0" y="308.0"></omgdi:waypoint>
        <omgdi:waypoint x="3270.0" y="220.0"></omgdi:waypoint>
      </bpmndi:BPMNEdge>
      <bpmndi:BPMNEdge bpmnElement="flow86" id="BPMNEdge_flow86">
        <omgdi:waypoint x="1980.0" y="63.0"></omgdi:waypoint>
        <omgdi:waypoint x="2256.0" y="110.0"></omgdi:waypoint>
        <omgdi:waypoint x="2349.0" y="311.0"></omgdi:waypoint>
      </bpmndi:BPMNEdge>
      <bpmndi:BPMNEdge bpmnElement="flow87" id="BPMNEdge_flow87">
        <omgdi:waypoint x="2015.0" y="124.0"></omgdi:waypoint>
        <omgdi:waypoint x="1980.0" y="63.0"></omgdi:waypoint>
      </bpmndi:BPMNEdge>
      <bpmndi:BPMNEdge bpmnElement="flow88" id="BPMNEdge_flow88">
        <omgdi:waypoint x="1960.0" y="43.0"></omgdi:waypoint>
        <omgdi:waypoint x="513.0" y="41.0"></omgdi:waypoint>
        <omgdi:waypoint x="487.0" y="268.0"></omgdi:waypoint>
      </bpmndi:BPMNEdge>
      <bpmndi:BPMNEdge bpmnElement="flow89" id="BPMNEdge_flow89">
        <omgdi:waypoint x="2571.0" y="80.0"></omgdi:waypoint>
        <omgdi:waypoint x="2757.0" y="122.0"></omgdi:waypoint>
      </bpmndi:BPMNEdge>
      <bpmndi:BPMNEdge bpmnElement="flow90" id="BPMNEdge_flow90">
        <omgdi:waypoint x="2911.0" y="147.0"></omgdi:waypoint>
        <omgdi:waypoint x="2930.0" y="160.0"></omgdi:waypoint>
      </bpmndi:BPMNEdge>
      <bpmndi:BPMNEdge bpmnElement="flow91" id="BPMNEdge_flow91">
        <omgdi:waypoint x="2775.0" y="139.0"></omgdi:waypoint>
        <omgdi:waypoint x="2806.0" y="147.0"></omgdi:waypoint>
      </bpmndi:BPMNEdge>
      <bpmndi:BPMNEdge bpmnElement="flow92" id="BPMNEdge_flow92">
        <omgdi:waypoint x="3290.0" y="200.0"></omgdi:waypoint>
        <omgdi:waypoint x="3600.0" y="189.0"></omgdi:waypoint>
      </bpmndi:BPMNEdge>
      <bpmndi:BPMNEdge bpmnElement="flow101" id="BPMNEdge_flow101">
        <omgdi:waypoint x="1791.0" y="395.0"></omgdi:waypoint>
        <omgdi:waypoint x="1890.0" y="340.0"></omgdi:waypoint>
      </bpmndi:BPMNEdge>
      <bpmndi:BPMNEdge bpmnElement="flow106" id="BPMNEdge_flow106">
        <omgdi:waypoint x="3065.0" y="623.0"></omgdi:waypoint>
        <omgdi:waypoint x="3130.0" y="643.0"></omgdi:waypoint>
      </bpmndi:BPMNEdge>
      <bpmndi:BPMNEdge bpmnElement="flow107" id="BPMNEdge_flow107">
        <omgdi:waypoint x="2857.0" y="431.0"></omgdi:waypoint>
        <omgdi:waypoint x="2912.0" y="460.0"></omgdi:waypoint>
      </bpmndi:BPMNEdge>
      <bpmndi:BPMNEdge bpmnElement="flow109" id="BPMNEdge_flow109">
        <omgdi:waypoint x="2965.0" y="490.0"></omgdi:waypoint>
        <omgdi:waypoint x="3020.0" y="500.0"></omgdi:waypoint>
      </bpmndi:BPMNEdge>
      <bpmndi:BPMNEdge bpmnElement="flow110" id="BPMNEdge_flow110">
        <omgdi:waypoint x="3080.0" y="530.0"></omgdi:waypoint>
        <omgdi:waypoint x="3012.0" y="585.0"></omgdi:waypoint>
      </bpmndi:BPMNEdge>
      <bpmndi:BPMNEdge bpmnElement="flow104" id="BPMNEdge_flow104">
        <omgdi:waypoint x="2410.0" y="505.0"></omgdi:waypoint>
        <omgdi:waypoint x="2810.0" y="521.0"></omgdi:waypoint>
      </bpmndi:BPMNEdge>
      <bpmndi:BPMNEdge bpmnElement="flow108" id="BPMNEdge_flow108">
        <omgdi:waypoint x="2810.0" y="521.0"></omgdi:waypoint>
        <omgdi:waypoint x="2510.0" y="367.0"></omgdi:waypoint>
      </bpmndi:BPMNEdge>
      <bpmndi:BPMNEdge bpmnElement="flow111" id="BPMNEdge_flow111">
        <omgdi:waypoint x="3148.0" y="590.0"></omgdi:waypoint>
        <omgdi:waypoint x="3487.0" y="640.0"></omgdi:waypoint>
      </bpmndi:BPMNEdge>
    </bpmndi:BPMNPlane>
  </bpmndi:BPMNDiagram>
</definitions>