<?xml version="1.0" encoding="UTF-8"?>

<definitions xmlns="http://www.omg.org/spec/BPMN/20100524/MODEL" xmlns:xsi="http://www.w3.org/2001/XMLSchema-instance" xmlns:activiti="http://activiti.org/bpmn" xmlns:bpmndi="http://www.omg.org/spec/BPMN/20100524/DI" xmlns:omgdc="http://www.omg.org/spec/DD/20100524/DC" xmlns:omgdi="http://www.omg.org/spec/DD/20100524/DI" typeLanguage="http://www.w3.org/2001/XMLSchema" expressionLanguage="http://www.w3.org/1999/XPath" targetNamespace="http://www.activiti.org/test">
  <process id="JDLC" name="简单流程" activiti:bpmType="1214">
    <startEvent id="node2" name="开始"/>
    <endEvent id="node3" name="结束"/>
    <userTask id="node5" name="审批" activiti:user="jg_admin" activiti:roleIds="" activiti:formUrl="WFWFW" activiti:taskType="bpm_exa_approve">
      <extensionElements>
        <activiti:taskListener event="create" expression="${taskAssignHandler.createTaskListener(task)}"/>
        <activiti:taskListener event="assignment" expression="${taskAssignHandler.assignTaskListener(task)}"/>
        <activiti:taskListener event="complete" expression="${taskAssignHandler.completeTaskListener(task)}"/>
        <activiti:executionListener expression="${taskAssignHandler.executionStart(execution)}" event="start"/>
      </extensionElements>
    </userTask>
    <sequenceFlow id="flow1" name="" sourceRef="node2" targetRef="node5"/>
    <sequenceFlow id="flow4" name="" sourceRef="node5" targetRef="node3"/>
  </process>  
  <bpmndi:BPMNDiagram id="BPMNDiagram_JDLC">
    <bpmndi:BPMNPlane bpmnElement="JDLC" id="BPMNPlane_JDLC">
      <bpmndi:BPMNShape bpmnElement="node2" id="BPMNShape_node2">
        <omgdc:Bounds height="60" width="100" x="43" y="20"/>
      </bpmndi:BPMNShape>
      <bpmndi:BPMNShape bpmnElement="node3" id="BPMNShape_node3">
        <omgdc:Bounds height="60" width="100" x="330" y="24"/>
      </bpmndi:BPMNShape>
      <bpmndi:BPMNShape bpmnElement="node5" id="BPMNShape_node5">
        <omgdc:Bounds height="60" width="100" x="182" y="25"/>
      </bpmndi:BPMNShape>
      <bpmndi:BPMNEdge bpmnElement="flow1" id="BPMNEdge_flow1">
        <omgdi:waypoint x="93" y="50"/>
        <omgdi:waypoint x="232" y="55"/>
      </bpmndi:BPMNEdge>
      <bpmndi:BPMNEdge bpmnElement="flow4" id="BPMNEdge_flow4">
        <omgdi:waypoint x="232" y="55"/>
        <omgdi:waypoint x="380" y="54"/>
      </bpmndi:BPMNEdge> 
    </bpmndi:BPMNPlane>
  </bpmndi:BPMNDiagram>
</definitions>
