<?xml version="1.0" encoding="UTF-8"?>
<!-- origin at X=0.0 Y=0.0 -->
<bpmn2:definitions xmlns:xsi="http://www.w3.org/2001/XMLSchema-instance"
                   xmlns:bpmn2="http://www.omg.org/spec/BPMN/20100524/MODEL" 
                   xmlns:bpmndi="http://www.omg.org/spec/BPMN/20100524/DI" 
                   xmlns:dc="http://www.omg.org/spec/DD/20100524/DC" 
                   xmlns:di="http://www.omg.org/spec/DD/20100524/DI" 
                   xmlns:mm="http://org.eclipse.bpmn2.modeler.examples.customtask" 
                   xmlns:tl="http://www.w3.org/2001/XMLSchema" id="Definitions_1" exporter="org.eclipse.bpmn2.modeler.core" exporterVersion="1.3.0.Final-v20160602-2145-B47" 
                   targetNamespace="http://org.eclipse.bpmn2.modeler.examples.customtask">
  <bpmn2:process id="Order_process" name="Default Process" isExecutable="false">
    <bpmn2:startEvent id="StartEvent_1" name="Start">
      <bpmn2:outgoing>SequenceFlow_13</bpmn2:outgoing>
    </bpmn2:startEvent>
    <bpmn2:endEvent id="EndEvent_1" name="End">
      <bpmn2:incoming>SequenceFlow_10</bpmn2:incoming>
    </bpmn2:endEvent>
    <bpmn2:exclusiveGateway id="ExclusiveGateway_1" gatewayDirection="Diverging">
      <bpmn2:incoming>SequenceFlow_18</bpmn2:incoming>
      <bpmn2:outgoing>SequenceFlow_19</bpmn2:outgoing>
      <bpmn2:outgoing>SequenceFlow_20</bpmn2:outgoing>
    </bpmn2:exclusiveGateway>
    <bpmn2:parallelGateway id="ParallelGateway_1" gatewayDirection="Diverging">
      <bpmn2:incoming>SequenceFlow_21</bpmn2:incoming>
      <bpmn2:outgoing>SequenceFlow_22</bpmn2:outgoing>
      <bpmn2:outgoing>SequenceFlow_23</bpmn2:outgoing>
    </bpmn2:parallelGateway>
    <bpmn2:parallelGateway id="ParallelGateway_2" gatewayDirection="Converging">
      <bpmn2:incoming>SequenceFlow_24</bpmn2:incoming>
      <bpmn2:incoming>SequenceFlow_25</bpmn2:incoming>
      <bpmn2:outgoing>SequenceFlow_27</bpmn2:outgoing>
    </bpmn2:parallelGateway>
    <bpmn2:exclusiveGateway id="ExclusiveGateway_2" gatewayDirection="Converging">
      <bpmn2:incoming>SequenceFlow_26</bpmn2:incoming>
      <bpmn2:incoming>SequenceFlow_27</bpmn2:incoming>
      <bpmn2:outgoing>SequenceFlow_10</bpmn2:outgoing>
    </bpmn2:exclusiveGateway>
    <bpmn2:sequenceFlow id="SequenceFlow_10" sourceRef="ExclusiveGateway_2" targetRef="EndEvent_1"/>
    <bpmn2:task id="Task_10" mm:type="MyTask" name="Receive Request">
      <bpmn2:extensionElements>
        <mm:taskConfig>
          <mm:parameter xsi:type="mm:Parameter" name="txt_AnnotationEffect" value="exists(A,exists(B,exists(C,&amp;(object(D,A,request,countable,na,eq,1)-1/2,&amp;(object(D,B,operator,countable,na,eq,1)-1/7,predicate(D,C,accept,B,A)-1/4)))))&#xA;&#xA;"/>
          <mm:parameter xsi:type="mm:Parameter" name="txt_ImmediateEffect" value="A request is accepted by an operator."/>
        </mm:taskConfig>
      </bpmn2:extensionElements>
      <bpmn2:incoming>SequenceFlow_13</bpmn2:incoming>
      <bpmn2:outgoing>SequenceFlow_17</bpmn2:outgoing>
    </bpmn2:task>
    <bpmn2:sequenceFlow id="SequenceFlow_13" sourceRef="StartEvent_1" targetRef="Task_10"/>
    <bpmn2:task id="Task_11" mm:type="MyTask" name="Check Request">
      <bpmn2:extensionElements>
        <mm:taskConfig>
          <mm:parameter xsi:type="mm:Parameter" name="txt_AnnotationEffect" value="exists(A,exists(B,exists(C,&amp;(object(D,A,request,countable,na,eq,1)-1/3,&amp;(property(D,A,valid,pos)-1/2,&amp;(object(D,B,operator,countable,na,eq,1)-1/8,predicate(D,C,detect,B,A)-1/5))))))&#xA;&#xA;"/>
          <mm:parameter xsi:type="mm:Parameter" name="txt_ImmediateEffect" value="A valid request is detected by an operator."/>
        </mm:taskConfig>
      </bpmn2:extensionElements>
      <bpmn2:incoming>SequenceFlow_17</bpmn2:incoming>
      <bpmn2:outgoing>SequenceFlow_18</bpmn2:outgoing>
    </bpmn2:task>
    <bpmn2:sequenceFlow id="SequenceFlow_17" sourceRef="Task_10" targetRef="Task_11"/>
    <bpmn2:sequenceFlow id="SequenceFlow_18" sourceRef="Task_11" targetRef="ExclusiveGateway_1"/>
    <bpmn2:task id="Task_12" mm:type="MyTask" name="Reject Order">
      <bpmn2:extensionElements>
        <mm:taskConfig>
          <mm:parameter xsi:type="mm:Parameter" name="txt_AnnotationEffect" value="exists(A,exists(B,exists(C,&amp;(object(D,A,order,countable,na,eq,1)-1/2,&amp;(object(D,B,operator,countable,na,eq,1)-1/7,predicate(D,C,reject,B,A)-1/4)))))&#xD;&#xA;&#xD;&#xA;"/>
          <mm:parameter xsi:type="mm:Parameter" name="txt_ImmediateEffect" value="An order is rejected by an operator."/>
        </mm:taskConfig>
      </bpmn2:extensionElements>
      <bpmn2:incoming>SequenceFlow_19</bpmn2:incoming>
      <bpmn2:outgoing>SequenceFlow_26</bpmn2:outgoing>
    </bpmn2:task>
    <bpmn2:sequenceFlow id="SequenceFlow_19" sourceRef="ExclusiveGateway_1" targetRef="Task_12"/>
    <bpmn2:task id="Task_14" mm:type="MyTask" name="Receive Order">
      <bpmn2:extensionElements>
        <mm:taskConfig>
          <mm:parameter xsi:type="mm:Parameter" name="txt_AnnotationEffect" value="exists(A,exists(B,exists(C,&amp;(object(D,A,order,countable,na,eq,1)-1/2,&amp;(object(D,B,operator,countable,na,eq,1)-1/7,predicate(D,C,accept,B,A)-1/4)))))&#xA;&#xA;"/>
          <mm:parameter xsi:type="mm:Parameter" name="txt_ImmediateEffect" value="An order is accepted by an operator."/>
        </mm:taskConfig>
      </bpmn2:extensionElements>
      <bpmn2:incoming>SequenceFlow_20</bpmn2:incoming>
      <bpmn2:outgoing>SequenceFlow_21</bpmn2:outgoing>
    </bpmn2:task>
    <bpmn2:sequenceFlow id="SequenceFlow_20" sourceRef="ExclusiveGateway_1" targetRef="Task_14"/>
    <bpmn2:sequenceFlow id="SequenceFlow_21" sourceRef="Task_14" targetRef="ParallelGateway_1"/>
    <bpmn2:task id="Task_15" mm:type="MyTask" name="Send Invoice">
      <bpmn2:extensionElements>
        <mm:taskConfig>
          <mm:parameter xsi:type="mm:Parameter" name="txt_AnnotationEffect" value="exists(A,exists(B,exists(C,&amp;(object(D,A,invoice,countable,na,eq,1)-1/2,&amp;(object(D,B,customer,countable,na,eq,1)-1/7,predicate(D,C,accept,B,A)-1/4)))))&#xA;&#xA;"/>
          <mm:parameter xsi:type="mm:Parameter" name="txt_ImmediateEffect" value="An invoice is accepted by a customer."/>
        </mm:taskConfig>
      </bpmn2:extensionElements>
      <bpmn2:incoming>SequenceFlow_22</bpmn2:incoming>
      <bpmn2:outgoing>SequenceFlow_24</bpmn2:outgoing>
    </bpmn2:task>
    <bpmn2:task id="Task_16" mm:type="MyTask" name="Ship Order">
      <bpmn2:extensionElements>
        <mm:taskConfig>
          <mm:parameter xsi:type="mm:Parameter" name="txt_AnnotationEffect" value="exists(A,exists(B,exists(C,&amp;(object(D,A,order,countable,na,eq,1)-1/2,&amp;(object(D,B,customer,countable,na,eq,1)-1/7,predicate(D,C,accept,B,A)-1/4)))))&#xA;&#xA;"/>
          <mm:parameter xsi:type="mm:Parameter" name="txt_ImmediateEffect" value="An order is accepted by a customer."/>
        </mm:taskConfig>
      </bpmn2:extensionElements>
      <bpmn2:incoming>SequenceFlow_23</bpmn2:incoming>
      <bpmn2:outgoing>SequenceFlow_25</bpmn2:outgoing>
    </bpmn2:task>
    <bpmn2:sequenceFlow id="SequenceFlow_22" sourceRef="ParallelGateway_1" targetRef="Task_15"/>
    <bpmn2:sequenceFlow id="SequenceFlow_23" sourceRef="ParallelGateway_1" targetRef="Task_16"/>
    <bpmn2:sequenceFlow id="SequenceFlow_24" sourceRef="Task_15" targetRef="ParallelGateway_2"/>
    <bpmn2:sequenceFlow id="SequenceFlow_25" sourceRef="Task_16" targetRef="ParallelGateway_2"/>
    <bpmn2:sequenceFlow id="SequenceFlow_26" sourceRef="Task_12" targetRef="ExclusiveGateway_2"/>
    <bpmn2:sequenceFlow id="SequenceFlow_27" sourceRef="ParallelGateway_2" targetRef="ExclusiveGateway_2"/>
    <bpmn2:subProcess id="SubProcess_3" name="Sub Process 3"/>
    <bpmn2:task id="Task_1" mm:type="MyTask" name="Answer Customer Call">
      <bpmn2:extensionElements>
        <mm:taskConfig>
          <mm:parameter xsi:type="mm:Parameter" name="txt_ImmediateEffect" value="A valid request is detected by a operator."/>
        </mm:taskConfig>
      </bpmn2:extensionElements>
    </bpmn2:task>
    <bpmn2:task id="Task_2" mm:type="MyTask" name="Send Invoice">
      <bpmn2:extensionElements>
        <mm:taskConfig>
          <mm:parameter xsi:type="mm:Parameter" name="txt_ImmediateEffect" value="A request is received by an operator."/>
        </mm:taskConfig>
      </bpmn2:extensionElements>
    </bpmn2:task>
    <bpmn2:task id="Task_3" mm:type="MyTask" name="Receive Request">
      <bpmn2:extensionElements>
        <mm:taskConfig>
          <mm:parameter xsi:type="mm:Parameter" name="txt_ImmediateEffect" value="An invoice is accepted by a customer."/>
        </mm:taskConfig>
      </bpmn2:extensionElements>
    </bpmn2:task>
    <bpmn2:task id="Task_4" mm:type="MyTask" name="Send Invoice">
      <bpmn2:extensionElements>
        <mm:taskConfig>
          <mm:parameter xsi:type="mm:Parameter" name="txt_ImmediateEffect" value="A request is accepted by an operator."/>
        </mm:taskConfig>
      </bpmn2:extensionElements>
    </bpmn2:task>
    <bpmn2:task id="Task_5" mm:type="MyTask" name="Receive Request">
      <bpmn2:extensionElements>
        <mm:taskConfig>
          <mm:parameter xsi:type="mm:Parameter" name="txt_ImmediateEffect" value="A request is received by an operator."/>
        </mm:taskConfig>
      </bpmn2:extensionElements>
    </bpmn2:task>
    <bpmn2:task id="Task_6" mm:type="MyTask" name="Accept Request">
      <bpmn2:extensionElements>
        <mm:taskConfig>
          <mm:parameter xsi:type="mm:Parameter" name="txt_ImmediateEffect" value="A request is accepted by an operator."/>
        </mm:taskConfig>
      </bpmn2:extensionElements>
    </bpmn2:task>
    <bpmn2:task id="Task_7" mm:type="MyTask" name="Accept Request">
      <bpmn2:extensionElements>
        <mm:taskConfig>
          <mm:parameter xsi:type="mm:Parameter" name="txt_ImmediateEffect" value="A request is received by an operator."/>
        </mm:taskConfig>
      </bpmn2:extensionElements>
    </bpmn2:task>
    <bpmn2:task id="Task_8" mm:type="MyTask" name="Accept Request">
      <bpmn2:extensionElements>
        <mm:taskConfig>
          <mm:parameter xsi:type="mm:Parameter" name="txt_ImmediateEffect" value="An invoice is accepted by a customer."/>
        </mm:taskConfig>
      </bpmn2:extensionElements>
    </bpmn2:task>
  </bpmn2:process>
  <bpmndi:BPMNDiagram id="BPMNDiagram_1" name="Default Process Diagram">
    <bpmndi:BPMNPlane id="BPMNPlane_1" bpmnElement="Order_process">
      <bpmndi:BPMNShape id="BPMNShape_SubProcess_3" bpmnElement="SubProcess_3" isExpanded="true">
        <dc:Bounds height="50.0" width="110.0" x="765.0" y="287.0"/>
        <bpmndi:BPMNLabel id="BPMNLabel_5">
          <dc:Bounds height="15.0" width="81.0" x="771.0" y="290.0"/>
        </bpmndi:BPMNLabel>
      </bpmndi:BPMNShape>
      <bpmndi:BPMNShape id="BPMNShape_1" bpmnElement="StartEvent_1">
        <dc:Bounds height="36.0" width="36.0" x="60.0" y="40.0"/>
        <bpmndi:BPMNLabel id="BPMNLabel_1">
          <dc:Bounds height="15.0" width="25.0" x="65.0" y="76.0"/>
        </bpmndi:BPMNLabel>
      </bpmndi:BPMNShape>
      <bpmndi:BPMNShape id="BPMNShape_2" bpmnElement="EndEvent_1">
        <dc:Bounds height="36.0" width="36.0" x="577.0" y="260.0"/>
        <bpmndi:BPMNLabel id="BPMNLabel_2">
          <dc:Bounds height="15.0" width="22.0" x="584.0" y="296.0"/>
        </bpmndi:BPMNLabel>
      </bpmndi:BPMNShape>
      <bpmndi:BPMNShape id="BPMNShape_ExclusiveGateway_1" bpmnElement="ExclusiveGateway_1" isMarkerVisible="true">
        <dc:Bounds height="50.0" width="50.0" x="440.0" y="33.0"/>
        <bpmndi:BPMNLabel id="BPMNLabel_11"/>
      </bpmndi:BPMNShape>
      <bpmndi:BPMNShape id="BPMNShape_ParallelGateway_1" bpmnElement="ParallelGateway_1" isMarkerVisible="true">
        <dc:Bounds height="50.0" width="50.0" x="675.0" y="33.0"/>
        <bpmndi:BPMNLabel id="BPMNLabel_14"/>
      </bpmndi:BPMNShape>
      <bpmndi:BPMNShape id="BPMNShape_ParallelGateway_2" bpmnElement="ParallelGateway_2" isMarkerVisible="true">
        <dc:Bounds height="50.0" width="50.0" x="795.0" y="123.0"/>
        <bpmndi:BPMNLabel id="BPMNLabel_19"/>
      </bpmndi:BPMNShape>
      <bpmndi:BPMNShape id="BPMNShape_ExclusiveGateway_2" bpmnElement="ExclusiveGateway_2" isMarkerVisible="true">
        <dc:Bounds height="50.0" width="50.0" x="570.0" y="180.0"/>
        <bpmndi:BPMNLabel id="BPMNLabel_20"/>
      </bpmndi:BPMNShape>
      <bpmndi:BPMNShape id="BPMNShape_Task_10" bpmnElement="Task_10" isExpanded="true">
        <dc:Bounds height="50.0" width="110.0" x="137.0" y="33.0"/>
        <bpmndi:BPMNLabel id="BPMNLabel_33">
          <dc:Bounds height="15.0" width="94.0" x="145.0" y="50.0"/>
        </bpmndi:BPMNLabel>
      </bpmndi:BPMNShape>
      <bpmndi:BPMNShape id="BPMNShape_Task_11" bpmnElement="Task_11" isExpanded="true">
        <dc:Bounds height="50.0" width="110.0" x="290.0" y="33.0"/>
        <bpmndi:BPMNLabel id="BPMNLabel_35">
          <dc:Bounds height="15.0" width="85.0" x="302.0" y="50.0"/>
        </bpmndi:BPMNLabel>
      </bpmndi:BPMNShape>
      <bpmndi:BPMNShape id="BPMNShape_Task_12" bpmnElement="Task_12" isExpanded="true">
        <dc:Bounds height="50.0" width="110.0" x="410.0" y="123.0"/>
        <bpmndi:BPMNLabel id="BPMNLabel_38">
          <dc:Bounds height="15.0" width="69.0" x="430.0" y="140.0"/>
        </bpmndi:BPMNLabel>
      </bpmndi:BPMNShape>
      <bpmndi:BPMNShape id="BPMNShape_Task_14" bpmnElement="Task_14" isExpanded="true">
        <dc:Bounds height="50.0" width="110.0" x="540.0" y="33.0"/>
        <bpmndi:BPMNLabel id="BPMNLabel_40">
          <dc:Bounds height="15.0" width="78.0" x="556.0" y="50.0"/>
        </bpmndi:BPMNLabel>
      </bpmndi:BPMNShape>
      <bpmndi:BPMNShape id="BPMNShape_Task_15" bpmnElement="Task_15" isExpanded="true">
        <dc:Bounds height="50.0" width="110.0" x="765.0" y="33.0"/>
        <bpmndi:BPMNLabel id="BPMNLabel_43">
          <dc:Bounds height="15.0" width="70.0" x="785.0" y="50.0"/>
        </bpmndi:BPMNLabel>
      </bpmndi:BPMNShape>
      <bpmndi:BPMNShape id="BPMNShape_Task_16" bpmnElement="Task_16" isExpanded="true">
        <dc:Bounds height="50.0" width="110.0" x="645.0" y="123.0"/>
        <bpmndi:BPMNLabel id="BPMNLabel_44">
          <dc:Bounds height="15.0" width="59.0" x="670.0" y="140.0"/>
        </bpmndi:BPMNLabel>
      </bpmndi:BPMNShape>
      <bpmndi:BPMNShape id="BPMNShape_Task_1" bpmnElement="Task_1" isExpanded="true">
        <dc:Bounds height="50.0" width="110.0" x="945.0" y="125.0"/>
        <bpmndi:BPMNLabel id="BPMNLabel_3">
          <dc:Bounds height="30.0" width="108.0" x="946.0" y="135.0"/>
        </bpmndi:BPMNLabel>
      </bpmndi:BPMNShape>
      <bpmndi:BPMNShape id="BPMNShape_Task_2" bpmnElement="Task_2" isExpanded="true">
        <dc:Bounds height="50.0" width="110.0" x="260.0" y="175.0"/>
        <bpmndi:BPMNLabel id="BPMNLabel_4">
          <dc:Bounds height="15.0" width="70.0" x="280.0" y="192.0"/>
        </bpmndi:BPMNLabel>
      </bpmndi:BPMNShape>
      <bpmndi:BPMNShape id="BPMNShape_Task_3" bpmnElement="Task_3" isExpanded="true">
        <dc:Bounds height="50.0" width="110.0" x="137.0" y="229.0"/>
        <bpmndi:BPMNLabel id="BPMNLabel_6">
          <dc:Bounds height="15.0" width="94.0" x="145.0" y="246.0"/>
        </bpmndi:BPMNLabel>
      </bpmndi:BPMNShape>
      <bpmndi:BPMNShape id="BPMNShape_Task_4" bpmnElement="Task_4" isExpanded="true">
        <dc:Bounds height="50.0" width="110.0" x="137.0" y="287.0"/>
        <bpmndi:BPMNLabel id="BPMNLabel_7">
          <dc:Bounds height="15.0" width="70.0" x="157.0" y="304.0"/>
        </bpmndi:BPMNLabel>
      </bpmndi:BPMNShape>
      <bpmndi:BPMNShape id="BPMNShape_Task_5" bpmnElement="Task_5" isExpanded="true">
        <dc:Bounds height="50.0" width="110.0" x="137.0" y="174.0"/>
        <bpmndi:BPMNLabel id="BPMNLabel_8">
          <dc:Bounds height="15.0" width="94.0" x="145.0" y="191.0"/>
        </bpmndi:BPMNLabel>
      </bpmndi:BPMNShape>
      <bpmndi:BPMNShape id="BPMNShape_Task_6" bpmnElement="Task_6" isExpanded="true">
        <dc:Bounds height="50.0" width="110.0" x="137.0" y="115.0"/>
        <bpmndi:BPMNLabel id="BPMNLabel_9">
          <dc:Bounds height="15.0" width="86.0" x="149.0" y="132.0"/>
        </bpmndi:BPMNLabel>
      </bpmndi:BPMNShape>
      <bpmndi:BPMNShape id="BPMNShape_Task_7" bpmnElement="Task_7" isExpanded="true">
        <dc:Bounds height="50.0" width="110.0" x="260.0" y="229.0"/>
        <bpmndi:BPMNLabel id="BPMNLabel_10">
          <dc:Bounds height="15.0" width="86.0" x="272.0" y="246.0"/>
        </bpmndi:BPMNLabel>
      </bpmndi:BPMNShape>
      <bpmndi:BPMNShape id="BPMNShape_Task_8" bpmnElement="Task_8" isExpanded="true">
        <dc:Bounds height="50.0" width="110.0" x="260.0" y="287.0"/>
        <bpmndi:BPMNLabel id="BPMNLabel_12">
          <dc:Bounds height="15.0" width="86.0" x="272.0" y="304.0"/>
        </bpmndi:BPMNLabel>
      </bpmndi:BPMNShape>
      <bpmndi:BPMNEdge id="BPMNEdge_SequenceFlow_10" bpmnElement="SequenceFlow_10" sourceElement="BPMNShape_ExclusiveGateway_2" targetElement="BPMNShape_2">
        <di:waypoint xsi:type="dc:Point" x="595.0" y="230.0"/>
        <di:waypoint xsi:type="dc:Point" x="595.0" y="245.0"/>
        <di:waypoint xsi:type="dc:Point" x="595.0" y="260.0"/>
        <bpmndi:BPMNLabel id="BPMNLabel_21"/>
      </bpmndi:BPMNEdge>
      <bpmndi:BPMNEdge id="BPMNEdge_SequenceFlow_13" bpmnElement="SequenceFlow_13" sourceElement="BPMNShape_1" targetElement="BPMNShape_Task_10">
        <di:waypoint xsi:type="dc:Point" x="96.0" y="58.0"/>
        <di:waypoint xsi:type="dc:Point" x="116.0" y="58.0"/>
        <di:waypoint xsi:type="dc:Point" x="137.0" y="58.0"/>
        <bpmndi:BPMNLabel id="BPMNLabel_34"/>
      </bpmndi:BPMNEdge>
      <bpmndi:BPMNEdge id="BPMNEdge_SequenceFlow_17" bpmnElement="SequenceFlow_17" sourceElement="BPMNShape_Task_10" targetElement="BPMNShape_Task_11">
        <di:waypoint xsi:type="dc:Point" x="247.0" y="58.0"/>
        <di:waypoint xsi:type="dc:Point" x="268.0" y="58.0"/>
        <di:waypoint xsi:type="dc:Point" x="290.0" y="58.0"/>
        <bpmndi:BPMNLabel id="BPMNLabel_36"/>
      </bpmndi:BPMNEdge>
      <bpmndi:BPMNEdge id="BPMNEdge_SequenceFlow_18" bpmnElement="SequenceFlow_18" sourceElement="BPMNShape_Task_11" targetElement="BPMNShape_ExclusiveGateway_1">
        <di:waypoint xsi:type="dc:Point" x="400.0" y="58.0"/>
        <di:waypoint xsi:type="dc:Point" x="420.0" y="58.0"/>
        <di:waypoint xsi:type="dc:Point" x="440.0" y="58.0"/>
        <bpmndi:BPMNLabel id="BPMNLabel_37"/>
      </bpmndi:BPMNEdge>
      <bpmndi:BPMNEdge id="BPMNEdge_SequenceFlow_19" bpmnElement="SequenceFlow_19" sourceElement="BPMNShape_ExclusiveGateway_1" targetElement="BPMNShape_Task_12">
        <di:waypoint xsi:type="dc:Point" x="465.0" y="83.0"/>
        <di:waypoint xsi:type="dc:Point" x="465.0" y="103.0"/>
        <di:waypoint xsi:type="dc:Point" x="465.0" y="123.0"/>
        <bpmndi:BPMNLabel id="BPMNLabel_39"/>
      </bpmndi:BPMNEdge>
      <bpmndi:BPMNEdge id="BPMNEdge_SequenceFlow_20" bpmnElement="SequenceFlow_20" sourceElement="BPMNShape_ExclusiveGateway_1" targetElement="BPMNShape_Task_14">
        <di:waypoint xsi:type="dc:Point" x="490.0" y="58.0"/>
        <di:waypoint xsi:type="dc:Point" x="515.0" y="58.0"/>
        <di:waypoint xsi:type="dc:Point" x="540.0" y="58.0"/>
        <bpmndi:BPMNLabel id="BPMNLabel_41"/>
      </bpmndi:BPMNEdge>
      <bpmndi:BPMNEdge id="BPMNEdge_SequenceFlow_21" bpmnElement="SequenceFlow_21" sourceElement="BPMNShape_Task_14" targetElement="BPMNShape_ParallelGateway_1">
        <di:waypoint xsi:type="dc:Point" x="650.0" y="58.0"/>
        <di:waypoint xsi:type="dc:Point" x="662.0" y="58.0"/>
        <di:waypoint xsi:type="dc:Point" x="675.0" y="58.0"/>
        <bpmndi:BPMNLabel id="BPMNLabel_42"/>
      </bpmndi:BPMNEdge>
      <bpmndi:BPMNEdge id="BPMNEdge_SequenceFlow_22" bpmnElement="SequenceFlow_22" sourceElement="BPMNShape_ParallelGateway_1" targetElement="BPMNShape_Task_15">
        <di:waypoint xsi:type="dc:Point" x="725.0" y="58.0"/>
        <di:waypoint xsi:type="dc:Point" x="745.0" y="58.0"/>
        <di:waypoint xsi:type="dc:Point" x="765.0" y="58.0"/>
        <bpmndi:BPMNLabel id="BPMNLabel_45"/>
      </bpmndi:BPMNEdge>
      <bpmndi:BPMNEdge id="BPMNEdge_SequenceFlow_23" bpmnElement="SequenceFlow_23" sourceElement="BPMNShape_ParallelGateway_1" targetElement="BPMNShape_Task_16">
        <di:waypoint xsi:type="dc:Point" x="700.0" y="83.0"/>
        <di:waypoint xsi:type="dc:Point" x="700.0" y="103.0"/>
        <di:waypoint xsi:type="dc:Point" x="700.0" y="123.0"/>
        <bpmndi:BPMNLabel id="BPMNLabel_46"/>
      </bpmndi:BPMNEdge>
      <bpmndi:BPMNEdge id="BPMNEdge_SequenceFlow_24" bpmnElement="SequenceFlow_24" sourceElement="BPMNShape_Task_15" targetElement="BPMNShape_ParallelGateway_2">
        <di:waypoint xsi:type="dc:Point" x="820.0" y="83.0"/>
        <di:waypoint xsi:type="dc:Point" x="820.0" y="103.0"/>
        <di:waypoint xsi:type="dc:Point" x="820.0" y="123.0"/>
        <bpmndi:BPMNLabel id="BPMNLabel_47"/>
      </bpmndi:BPMNEdge>
      <bpmndi:BPMNEdge id="BPMNEdge_SequenceFlow_25" bpmnElement="SequenceFlow_25" sourceElement="BPMNShape_Task_16" targetElement="BPMNShape_ParallelGateway_2">
        <di:waypoint xsi:type="dc:Point" x="755.0" y="148.0"/>
        <di:waypoint xsi:type="dc:Point" x="775.0" y="148.0"/>
        <di:waypoint xsi:type="dc:Point" x="795.0" y="148.0"/>
        <bpmndi:BPMNLabel id="BPMNLabel_48"/>
      </bpmndi:BPMNEdge>
      <bpmndi:BPMNEdge id="BPMNEdge_SequenceFlow_26" bpmnElement="SequenceFlow_26" sourceElement="BPMNShape_Task_12" targetElement="BPMNShape_ExclusiveGateway_2">
        <di:waypoint xsi:type="dc:Point" x="465.0" y="173.0"/>
        <di:waypoint xsi:type="dc:Point" x="465.0" y="205.0"/>
        <di:waypoint xsi:type="dc:Point" x="570.0" y="205.0"/>
        <bpmndi:BPMNLabel id="BPMNLabel_49"/>
      </bpmndi:BPMNEdge>
      <bpmndi:BPMNEdge id="BPMNEdge_SequenceFlow_27" bpmnElement="SequenceFlow_27" sourceElement="BPMNShape_ParallelGateway_2" targetElement="BPMNShape_ExclusiveGateway_2">
        <di:waypoint xsi:type="dc:Point" x="820.0" y="173.0"/>
        <di:waypoint xsi:type="dc:Point" x="820.0" y="205.0"/>
        <di:waypoint xsi:type="dc:Point" x="620.0" y="205.0"/>
        <bpmndi:BPMNLabel id="BPMNLabel_50"/>
      </bpmndi:BPMNEdge>
    </bpmndi:BPMNPlane>
  </bpmndi:BPMNDiagram>
</bpmn2:definitions>