<definitions id="definitions" targetNamespace="http://activiti.org/bpmn20"
	xmlns:activiti="http://activiti.org/bpmn" xmlns="http://www.omg.org/spec/BPMN/20100524/MODEL">
	<process id="autorizarHoraExtra" name="Processo de autorização de hora extra">

		<startEvent id="start" />

		<sequenceFlow id='flow1' sourceRef='start' targetRef='solicitarADirecao' />

		<userTask id="solicitarADirecao" name="Solicitar as horas extras à direção">
			<documentation>
				Explique a necessidade de realizar horas extras e especifique os dias e quantidade de horas.
			</documentation>
			<potentialOwner>
				<resourceAssignmentExpression>
					<formalExpression>servidor</formalExpression>
				</resourceAssignmentExpression>
			</potentialOwner>
		</userTask>

		<sequenceFlow id='flow2' sourceRef='solicitarADirecao' targetRef='analisarSolicitacao' />

		<userTask id="analisarSolicitacao" name="Analisar solicitação de horas extras">
			<documentation>
				Analise a solicitação de horas extras, de acordo com os critérios em XXXX, e registra a decisão quanto a autorização ou não.
			</documentation>
			<potentialOwner>
				<resourceAssignmentExpression>
					<formalExpression>direção</formalExpression>
				</resourceAssignmentExpression>
			</potentialOwner>
		</userTask>

		<sequenceFlow id='flow3' sourceRef='analisarSolicitacao' targetRef='end' />

		<endEvent id="end" />

	</process>
</definitions>