<?xml version="1.0" encoding="UTF-8"?>
<definitions xmlns="http://www.omg.org/spec/BPMN/20100524/MODEL"
             xmlns:xsi="http://www.w3.org/2001/XMLSchema-instance"
             xmlns:xsd="http://www.w3.org/2001/XMLSchema"
             xmlns:activiti="http://activiti.org/bpmn"
             xmlns:bpmndi="http://www.omg.org/spec/BPMN/20100524/DI"
             xmlns:omgdc="http://www.omg.org/spec/DD/20100524/DC"
             xmlns:omgdi="http://www.omg.org/spec/DD/20100524/DI"
             typeLanguage="http://www.w3.org/2001/XMLSchema"
             expressionLanguage="http://www.w3.org/1999/XPath"
             targetNamespace="http://www.activiti.org/test">
    <process id="leaveOrder" name="请假流程" isExecutable="true">
        <startEvent id="startevent1" name="Start"></startEvent>
        <userTask id="usertask1" name="新建请假流程"></userTask>
        <userTask id="usertask2" name="部门经理审批"></userTask>
        <exclusiveGateway id="exclusivegateway1" name="Exclusive Gateway"></exclusiveGateway>
        <userTask id="usertask3" name="总经理审批"></userTask>
        <endEvent id="endevent1" name="End"></endEvent>
        <sequenceFlow id="flow1" sourceRef="startevent1" targetRef="usertask1"></sequenceFlow>
        <sequenceFlow id="flow2" sourceRef="usertask1" targetRef="usertask2"></sequenceFlow>
        <sequenceFlow id="flow3" sourceRef="usertask2" targetRef="exclusivegateway1"></sequenceFlow>
        <sequenceFlow id="flow4" sourceRef="exclusivegateway1" targetRef="endevent1">
            <conditionExpression xsi:type="tFormalExpression"><![CDATA[${leaveDay<5}]]></conditionExpression>
        </sequenceFlow>
        <sequenceFlow id="flow5" sourceRef="exclusivegateway1" targetRef="usertask3">
            <conditionExpression xsi:type="tFormalExpression"><![CDATA[${leaveDay>=5}]]></conditionExpression>
        </sequenceFlow>
        <sequenceFlow id="flow6" sourceRef="usertask3" targetRef="endevent1"></sequenceFlow>
    </process>
    <bpmndi:BPMNDiagram id="BPMNDiagram_leaveOrder">
        <bpmndi:BPMNPlane bpmnElement="leaveOrder" id="BPMNPlane_leaveOrder">
            <bpmndi:BPMNShape bpmnElement="startevent1" id="BPMNShape_startevent1">
                <omgdc:Bounds height="35.0" width="35.0" x="140.0" y="140.0"></omgdc:Bounds>
            </bpmndi:BPMNShape>
            <bpmndi:BPMNShape bpmnElement="usertask1" id="BPMNShape_usertask1">
                <omgdc:Bounds height="55.0" width="105.0" x="230.0" y="130.0"></omgdc:Bounds>
            </bpmndi:BPMNShape>
            <bpmndi:BPMNShape bpmnElement="usertask2" id="BPMNShape_usertask2">
                <omgdc:Bounds height="55.0" width="105.0" x="390.0" y="130.0"></omgdc:Bounds>
            </bpmndi:BPMNShape>
            <bpmndi:BPMNShape bpmnElement="exclusivegateway1" id="BPMNShape_exclusivegateway1">
                <omgdc:Bounds height="40.0" width="40.0" x="550.0" y="137.0"></omgdc:Bounds>
            </bpmndi:BPMNShape>
            <bpmndi:BPMNShape bpmnElement="usertask3" id="BPMNShape_usertask3">
                <omgdc:Bounds height="55.0" width="105.0" x="619.0" y="210.0"></omgdc:Bounds>
            </bpmndi:BPMNShape>
            <bpmndi:BPMNShape bpmnElement="endevent1" id="BPMNShape_endevent1">
                <omgdc:Bounds height="35.0" width="35.0" x="800.0" y="140.0"></omgdc:Bounds>
            </bpmndi:BPMNShape>
            <bpmndi:BPMNEdge bpmnElement="flow1" id="BPMNEdge_flow1">
                <omgdi:waypoint x="175.0" y="157.0"></omgdi:waypoint>
                <omgdi:waypoint x="230.0" y="157.0"></omgdi:waypoint>
            </bpmndi:BPMNEdge>
            <bpmndi:BPMNEdge bpmnElement="flow2" id="BPMNEdge_flow2">
                <omgdi:waypoint x="335.0" y="157.0"></omgdi:waypoint>
                <omgdi:waypoint x="390.0" y="157.0"></omgdi:waypoint>
            </bpmndi:BPMNEdge>
            <bpmndi:BPMNEdge bpmnElement="flow3" id="BPMNEdge_flow3">
                <omgdi:waypoint x="495.0" y="157.0"></omgdi:waypoint>
                <omgdi:waypoint x="550.0" y="157.0"></omgdi:waypoint>
            </bpmndi:BPMNEdge>
            <bpmndi:BPMNEdge bpmnElement="flow4" id="BPMNEdge_flow4">
                <omgdi:waypoint x="590.0" y="157.0"></omgdi:waypoint>
                <omgdi:waypoint x="800.0" y="157.0"></omgdi:waypoint>
            </bpmndi:BPMNEdge>
            <bpmndi:BPMNEdge bpmnElement="flow5" id="BPMNEdge_flow5">
                <omgdi:waypoint x="570.0" y="177.0"></omgdi:waypoint>
                <omgdi:waypoint x="570.0" y="237.0"></omgdi:waypoint>
                <omgdi:waypoint x="619.0" y="237.0"></omgdi:waypoint>
            </bpmndi:BPMNEdge>
            <bpmndi:BPMNEdge bpmnElement="flow6" id="BPMNEdge_flow6">
                <omgdi:waypoint x="724.0" y="237.0"></omgdi:waypoint>
                <omgdi:waypoint x="817.0" y="237.0"></omgdi:waypoint>
                <omgdi:waypoint x="817.0" y="175.0"></omgdi:waypoint>
            </bpmndi:BPMNEdge>
        </bpmndi:BPMNPlane>
    </bpmndi:BPMNDiagram>

</definitions>