<?xml version="1.0" encoding="UTF-8"?>

<definitions xmlns="http://www.omg.org/spec/BPMN/20100524/MODEL" xmlns:xsi="http://www.w3.org/2001/XMLSchema-instance" xmlns:activiti="http://activiti.org/bpmn" xmlns:bpmndi="http://www.omg.org/spec/BPMN/20100524/DI" xmlns:omgdc="http://www.omg.org/spec/DD/20100524/DC" xmlns:omgdi="http://www.omg.org/spec/DD/20100524/DI" typeLanguage="http://www.w3.org/2001/XMLSchema" expressionLanguage="http://www.w3.org/1999/XPath" targetNamespace="http://www.activiti.org/test">
  <process id="WPLY" name="物品领用申请" activiti:bpmType="2">
    <endEvent id="node7" name="结束"/>
    <startEvent id="node8" name="开始"/>
    <userTask id="node9" name="申请" activiti:user="" activiti:roleIds="" activiti:formUrl="www.google.com" activiti:taskType="bpm_apply" activiti:param="">
      <extensionElements>
        <activiti:taskListener event="create" expression="${taskAssignHandler.createTaskListener(task)}"/>
        <activiti:taskListener event="assignment" expression="${taskAssignHandler.assignTaskListener(task)}"/>
        <activiti:taskListener event="complete" expression="${taskAssignHandler.completeTaskListener(task)}"/>
        <activiti:executionListener expression="${taskAssignHandler.executionStart(execution)}" event="start"/>
      </extensionElements>
    </userTask>
    <exclusiveGateway id="node10" name="判断"/>
    <userTask id="node11" name="b审批" activiti:user="wujialing" activiti:roleIds="" activiti:formUrl="www.google.com" activiti:taskType="bpm_exa_approve" activiti:param="">
      <extensionElements>
        <activiti:taskListener event="create" expression="${taskAssignHandler.createTaskListener(task)}"/>
        <activiti:taskListener event="assignment" expression="${taskAssignHandler.assignTaskListener(task)}"/>
        <activiti:taskListener event="complete" expression="${taskAssignHandler.completeTaskListener(task)}"/>
        <activiti:executionListener expression="${taskAssignHandler.executionStart(execution)}" event="start"/>
      </extensionElements>
    </userTask>
    <userTask id="node12" name="a审批" activiti:user="hedong" activiti:roleIds="" activiti:formUrl="www.google.com" activiti:taskType="bpm_exa_approve" activiti:param="">
      <extensionElements>
        <activiti:taskListener event="create" expression="${taskAssignHandler.createTaskListener(task)}"/>
        <activiti:taskListener event="assignment" expression="${taskAssignHandler.assignTaskListener(task)}"/>
        <activiti:taskListener event="complete" expression="${taskAssignHandler.completeTaskListener(task)}"/>
        <activiti:executionListener expression="${taskAssignHandler.executionStart(execution)}" event="start"/>
      </extensionElements>
    </userTask>
    <sequenceFlow id="flow1" name="" sourceRef="node10" targetRef="node12">
      <conditionExpression xsi:type="tFormalExpression"><![CDATA[${day>3}]]></conditionExpression>
    </sequenceFlow>
    <sequenceFlow id="flow2" name="" sourceRef="node9" targetRef="node10"/>
    <sequenceFlow id="flow3" name="" sourceRef="node8" targetRef="node9"/>
    <sequenceFlow id="flow4" name="" sourceRef="node12" targetRef="node7"/>
    <sequenceFlow id="flow5" name="" sourceRef="node10" targetRef="node11">
      <conditionExpression xsi:type="tFormalExpression"><![CDATA[${day<=3}]]></conditionExpression>
    </sequenceFlow>
    <sequenceFlow id="flow6" name="" sourceRef="node11" targetRef="node7"/>
  </process>  
  <bpmndi:BPMNDiagram id="BPMNDiagram_WPLY">
    <bpmndi:BPMNPlane bpmnElement="WPLY" id="BPMNPlane_WPLY">
      <bpmndi:BPMNShape bpmnElement="node7" id="BPMNShape_node7">
        <omgdc:Bounds height="60" width="100" x="487" y="162"/>
      </bpmndi:BPMNShape>
      <bpmndi:BPMNShape bpmnElement="node8" id="BPMNShape_node8">
        <omgdc:Bounds height="60" width="100" x="33" y="22"/>
      </bpmndi:BPMNShape>
      <bpmndi:BPMNShape bpmnElement="node9" id="BPMNShape_node9">
        <omgdc:Bounds height="60" width="100" x="177" y="22"/>
      </bpmndi:BPMNShape>
      <bpmndi:BPMNShape bpmnElement="node10" id="BPMNShape_node10">
        <omgdc:Bounds height="60" width="100" x="332" y="22"/>
      </bpmndi:BPMNShape>
      <bpmndi:BPMNShape bpmnElement="node11" id="BPMNShape_node11">
        <omgdc:Bounds height="60" width="100" x="332" y="162"/>
      </bpmndi:BPMNShape>
      <bpmndi:BPMNShape bpmnElement="node12" id="BPMNShape_node12">
        <omgdc:Bounds height="60" width="100" x="487" y="22"/>
      </bpmndi:BPMNShape>
      <bpmndi:BPMNEdge bpmnElement="flow1" id="BPMNEdge_flow1">
        <omgdi:waypoint x="382" y="52"/>
        <omgdi:waypoint x="537" y="52"/>
      </bpmndi:BPMNEdge>
      <bpmndi:BPMNEdge bpmnElement="flow2" id="BPMNEdge_flow2">
        <omgdi:waypoint x="227" y="52"/>
        <omgdi:waypoint x="382" y="52"/>
      </bpmndi:BPMNEdge>
      <bpmndi:BPMNEdge bpmnElement="flow3" id="BPMNEdge_flow3">
        <omgdi:waypoint x="83" y="52"/>
        <omgdi:waypoint x="227" y="52"/>
      </bpmndi:BPMNEdge>
      <bpmndi:BPMNEdge bpmnElement="flow4" id="BPMNEdge_flow4">
        <omgdi:waypoint x="537" y="52"/>
        <omgdi:waypoint x="537" y="192"/>
      </bpmndi:BPMNEdge>
      <bpmndi:BPMNEdge bpmnElement="flow5" id="BPMNEdge_flow5">
        <omgdi:waypoint x="382" y="52"/>
        <omgdi:waypoint x="382" y="192"/>
      </bpmndi:BPMNEdge>
      <bpmndi:BPMNEdge bpmnElement="flow6" id="BPMNEdge_flow6">
        <omgdi:waypoint x="382" y="192"/>
        <omgdi:waypoint x="537" y="192"/>
      </bpmndi:BPMNEdge> 
    </bpmndi:BPMNPlane>
  </bpmndi:BPMNDiagram>
</definitions>
