<?xml version="1.0" encoding="UTF-8"?>
<definitions xmlns="http://www.omg.org/spec/BPMN/20100524/MODEL" xmlns:bpmndi="http://www.omg.org/spec/BPMN/20100524/DI" xmlns:omgdc="http://www.omg.org/spec/DD/20100524/DC" xmlns:omgdi="http://www.omg.org/spec/DD/20100524/DI" xmlns:signavio="http://www.signavio.com" xmlns:xsi="http://www.w3.org/2001/XMLSchema-instance" exporter="Signavio Process Editor, http://www.signavio.com" exporterVersion="" expressionLanguage="http://www.w3.org/1999/XPath" id="sid-657605c1-4d23-455b-9644-ee70e28e67da" targetNamespace="http://www.signavio.com/bpmn20" typeLanguage="http://www.w3.org/2001/XMLSchema" xsi:schemaLocation="http://www.omg.org/spec/BPMN/20100524/MODEL http://www.omg.org/spec/BPMN/2.0/20100501/BPMN20.xsd">
   <process id="sid-9ff37910-5038-4471-991d-8c2765be9df0" isExecutable="true">
      <startEvent id="sid-41DFE9FF-5008-4889-8FCF-674C2DB82A7F" name="Receive loan request">
         <extensionElements>
            <signavio:signavioMetaData metaKey="bgcolor" metaValue="#ffffff"/>
         </extensionElements>
         <outgoing>sid-F2E10D77-A9B6-4350-BC92-418FF42AB6ED</outgoing>
      </startEvent>
      <scriptTask completionQuantity="1" id="sid-7D7A778D-CAFC-43D4-9B2A-56956BCFA29F" isForCompensation="false" name="Check credit" scriptFormat="" startQuantity="1">
         <extensionElements>
            <signavio:signavioMetaData metaKey="bgcolor" metaValue="#ffffcc"/>
         </extensionElements>
         <incoming>sid-F2E10D77-A9B6-4350-BC92-418FF42AB6ED</incoming>
         <outgoing>sid-1A602660-CE7F-4298-98F0-DA038A2C8700</outgoing>
         <script/>
      </scriptTask>
      <serviceTask completionQuantity="1" id="sid-05FC2FCD-3395-4446-BAA4-0CCFC7AF2D74" implementation="webService" isForCompensation="false" name="Create application" startQuantity="1">
         <extensionElements>
            <signavio:signavioMetaData metaKey="bgcolor" metaValue="#ffffcc"/>
         </extensionElements>
         <incoming>sid-1A602660-CE7F-4298-98F0-DA038A2C8700</incoming>
         <outgoing>sid-56FE7175-61CB-4404-911F-C17B21D73298</outgoing>
      </serviceTask>
      <sequenceFlow id="sid-F2E10D77-A9B6-4350-BC92-418FF42AB6ED" name="" sourceRef="sid-41DFE9FF-5008-4889-8FCF-674C2DB82A7F" targetRef="sid-7D7A778D-CAFC-43D4-9B2A-56956BCFA29F"/>
      <sequenceFlow id="sid-1A602660-CE7F-4298-98F0-DA038A2C8700" name="" sourceRef="sid-7D7A778D-CAFC-43D4-9B2A-56956BCFA29F" targetRef="sid-05FC2FCD-3395-4446-BAA4-0CCFC7AF2D74"/>
      <sequenceFlow id="sid-56FE7175-61CB-4404-911F-C17B21D73298" name="" sourceRef="sid-05FC2FCD-3395-4446-BAA4-0CCFC7AF2D74"/>
   </process>
   <process id="sid-4fe5a8ce-e4fe-47b5-8d89-a7b8d706a39d" isExecutable="false">
      <userTask completionQuantity="1" id="sid-B4D307AE-ED60-42AA-A274-87F39940A545" implementation="webService" isForCompensation="false" name="Evaluate loan request" startQuantity="1">
         <extensionElements>
            <signavio:signavioMetaData metaKey="bgcolor" metaValue="#ffffcc"/>
         </extensionElements>
         <outgoing>sid-27F0472C-DB83-4FEA-AADF-33CEB95B70B8</outgoing>
      </userTask>
      <exclusiveGateway gatewayDirection="Diverging" id="sid-020F0837-939B-490D-8613-AE5952093847" name="">
         <extensionElements>
            <signavio:signavioMetaData metaKey="bgcolor" metaValue="#ffffff"/>
         </extensionElements>
         <incoming>sid-27F0472C-DB83-4FEA-AADF-33CEB95B70B8</incoming>
         <outgoing>sid-4C6EA5D7-013F-420B-9DFB-FC92AF205FD9</outgoing>
         <outgoing>sid-F6484E66-A075-4364-BFEE-35AC9CE53B52</outgoing>
      </exclusiveGateway>
      <userTask completionQuantity="1" id="sid-8CAE1CEB-2700-42D5-A5AC-0DB6FA7F2356" implementation="webService" isForCompensation="false" name="Process request" startQuantity="1">
         <extensionElements>
            <signavio:signavioMetaData metaKey="bgcolor" metaValue="#ffffcc"/>
         </extensionElements>
         <incoming>sid-4C6EA5D7-013F-420B-9DFB-FC92AF205FD9</incoming>
         <outgoing>sid-8EEC7AA5-19A6-46D1-97AC-7C5609FCA377</outgoing>
      </userTask>
      <endEvent id="sid-CCF91DBC-0B52-4801-9846-6F519E4F044B" name="">
         <extensionElements>
            <signavio:signavioMetaData metaKey="bgcolor" metaValue="#ffffff"/>
         </extensionElements>
         <incoming>sid-30592A62-4C4F-4D3C-AF1A-8785027E1FFF</incoming>
         <incoming>sid-8EEC7AA5-19A6-46D1-97AC-7C5609FCA377</incoming>
      </endEvent>
      <serviceTask completionQuantity="1" id="sid-6E4CB473-83C8-477C-B76D-EF7E26EC1C70" implementation="webService" isForCompensation="false" name="Inform customer of denial" startQuantity="1">
         <extensionElements>
            <signavio:signavioMetaData metaKey="bgcolor" metaValue="#ffffcc"/>
         </extensionElements>
         <incoming>sid-F6484E66-A075-4364-BFEE-35AC9CE53B52</incoming>
         <outgoing>sid-30592A62-4C4F-4D3C-AF1A-8785027E1FFF</outgoing>
      </serviceTask>
      <sequenceFlow id="sid-27F0472C-DB83-4FEA-AADF-33CEB95B70B8" name="" sourceRef="sid-B4D307AE-ED60-42AA-A274-87F39940A545" targetRef="sid-020F0837-939B-490D-8613-AE5952093847"/>
      <sequenceFlow id="sid-8EEC7AA5-19A6-46D1-97AC-7C5609FCA377" name="" sourceRef="sid-8CAE1CEB-2700-42D5-A5AC-0DB6FA7F2356" targetRef="sid-CCF91DBC-0B52-4801-9846-6F519E4F044B"/>
      <sequenceFlow id="sid-30592A62-4C4F-4D3C-AF1A-8785027E1FFF" name="" sourceRef="sid-6E4CB473-83C8-477C-B76D-EF7E26EC1C70" targetRef="sid-CCF91DBC-0B52-4801-9846-6F519E4F044B"/>
      <sequenceFlow id="sid-4C6EA5D7-013F-420B-9DFB-FC92AF205FD9" name="Approved" sourceRef="sid-020F0837-939B-490D-8613-AE5952093847" targetRef="sid-8CAE1CEB-2700-42D5-A5AC-0DB6FA7F2356"/>
      <sequenceFlow id="sid-F6484E66-A075-4364-BFEE-35AC9CE53B52" name="Not approved" sourceRef="sid-020F0837-939B-490D-8613-AE5952093847" targetRef="sid-6E4CB473-83C8-477C-B76D-EF7E26EC1C70"/>
   </process>
   <process id="sid-62b3e620-59b7-4887-8cf4-4e31fb140a22" isExecutable="false">
      <userTask completionQuantity="1" id="sid-5387249D-49D0-4C80-A572-A7A6EED199B4" implementation="webService" isForCompensation="false" name="Evaluate request by manager" startQuantity="1">
         <extensionElements>
            <signavio:signavioMetaData metaKey="bgcolor" metaValue="#ffffcc"/>
         </extensionElements>
         <outgoing>sid-C850A945-5F13-46EA-BB6F-62D108AABC9D</outgoing>
      </userTask>
      <sequenceFlow id="sid-C850A945-5F13-46EA-BB6F-62D108AABC9D" name="" sourceRef="sid-5387249D-49D0-4C80-A572-A7A6EED199B4"/>
   </process>
   <process id="sid-ddb2eacf-f1a7-47cc-8e71-7f66e02469e2" isExecutable="false">
      <intermediateCatchEvent id="sid-6421380A-19C1-4A22-97BA-C89A3B818371" name="">
         <extensionElements>
            <signavio:signavioMetaData metaKey="bgcolor" metaValue="#ffffff"/>
         </extensionElements>
         <outgoing>sid-9548E94B-12B6-43C2-8C5F-38ADACC944E1</outgoing>
         <timerEventDefinition id="sid-ad99bdc0-0811-478c-aa67-38b59089da77"/>
      </intermediateCatchEvent>
      <sequenceFlow id="sid-9548E94B-12B6-43C2-8C5F-38ADACC944E1" name="" sourceRef="sid-6421380A-19C1-4A22-97BA-C89A3B818371"/>
   </process>
   <bpmndi:BPMNDiagram id="sid-23b4bb73-ad7c-44d2-8022-4e0a61c0a0ae">
      <bpmndi:BPMNPlane bpmnElement="sid-ddb2eacf-f1a7-47cc-8e71-7f66e02469e2" id="sid-4f899505-7608-439a-ad5f-db61d1826954">
         <bpmndi:BPMNShape bpmnElement="sid-41DFE9FF-5008-4889-8FCF-674C2DB82A7F" id="sid-41DFE9FF-5008-4889-8FCF-674C2DB82A7F_gui">
            <omgdc:Bounds height="30.0" width="30.0" x="75.0" y="295.0"/>
         </bpmndi:BPMNShape>
         <bpmndi:BPMNShape bpmnElement="sid-7D7A778D-CAFC-43D4-9B2A-56956BCFA29F" id="sid-7D7A778D-CAFC-43D4-9B2A-56956BCFA29F_gui">
            <omgdc:Bounds height="80.0" width="100.0" x="165.0" y="270.0"/>
         </bpmndi:BPMNShape>
         <bpmndi:BPMNShape bpmnElement="sid-05FC2FCD-3395-4446-BAA4-0CCFC7AF2D74" id="sid-05FC2FCD-3395-4446-BAA4-0CCFC7AF2D74_gui">
            <omgdc:Bounds height="80.0" width="100.0" x="315.0" y="270.0"/>
         </bpmndi:BPMNShape>
         <bpmndi:BPMNShape bpmnElement="sid-B4D307AE-ED60-42AA-A274-87F39940A545" id="sid-B4D307AE-ED60-42AA-A274-87F39940A545_gui">
            <omgdc:Bounds height="80.0" width="100.0" x="465.0" y="270.0"/>
         </bpmndi:BPMNShape>
         <bpmndi:BPMNShape bpmnElement="sid-020F0837-939B-490D-8613-AE5952093847" id="sid-020F0837-939B-490D-8613-AE5952093847_gui" isMarkerVisible="true">
            <omgdc:Bounds height="40.0" width="40.0" x="645.0" y="290.0"/>
         </bpmndi:BPMNShape>
         <bpmndi:BPMNShape bpmnElement="sid-8CAE1CEB-2700-42D5-A5AC-0DB6FA7F2356" id="sid-8CAE1CEB-2700-42D5-A5AC-0DB6FA7F2356_gui">
            <omgdc:Bounds height="80.0" width="100.0" x="750.0" y="360.0"/>
         </bpmndi:BPMNShape>
         <bpmndi:BPMNShape bpmnElement="sid-CCF91DBC-0B52-4801-9846-6F519E4F044B" id="sid-CCF91DBC-0B52-4801-9846-6F519E4F044B_gui">
            <omgdc:Bounds height="28.0" width="28.0" x="899.9999804930258" y="299.99999349767523"/>
         </bpmndi:BPMNShape>
         <bpmndi:BPMNShape bpmnElement="sid-6E4CB473-83C8-477C-B76D-EF7E26EC1C70" id="sid-6E4CB473-83C8-477C-B76D-EF7E26EC1C70_gui">
            <omgdc:Bounds height="79.99999999999997" width="100.0" x="749.9999837441882" y="177.27272343044447"/>
         </bpmndi:BPMNShape>
         <bpmndi:BPMNShape bpmnElement="sid-5387249D-49D0-4C80-A572-A7A6EED199B4" id="sid-5387249D-49D0-4C80-A572-A7A6EED199B4_gui">
            <omgdc:Bounds height="80.0" width="100.0" x="465.0" y="120.0"/>
         </bpmndi:BPMNShape>
         <bpmndi:BPMNShape bpmnElement="sid-6421380A-19C1-4A22-97BA-C89A3B818371" id="sid-6421380A-19C1-4A22-97BA-C89A3B818371_gui">
            <omgdc:Bounds height="30.0" width="30.0" x="500.0" y="254.83158719997397"/>
         </bpmndi:BPMNShape>
         <bpmndi:BPMNEdge bpmnElement="sid-30592A62-4C4F-4D3C-AF1A-8785027E1FFF" id="sid-30592A62-4C4F-4D3C-AF1A-8785027E1FFF_gui">
            <omgdi:waypoint x="849.0" y="217.0"/>
            <omgdi:waypoint x="913.9999804930258" y="217.27272343044447"/>
            <omgdi:waypoint x="913.0" y="299.0"/>
         </bpmndi:BPMNEdge>
         <bpmndi:BPMNEdge bpmnElement="sid-1A602660-CE7F-4298-98F0-DA038A2C8700" id="sid-1A602660-CE7F-4298-98F0-DA038A2C8700_gui">
            <omgdi:waypoint x="265.0" y="310.0"/>
            <omgdi:waypoint x="315.0" y="310.0"/>
         </bpmndi:BPMNEdge>
         <bpmndi:BPMNEdge bpmnElement="sid-8EEC7AA5-19A6-46D1-97AC-7C5609FCA377" id="sid-8EEC7AA5-19A6-46D1-97AC-7C5609FCA377_gui">
            <omgdi:waypoint x="850.0" y="400.0"/>
            <omgdi:waypoint x="913.9999804930258" y="400.0"/>
            <omgdi:waypoint x="913.0" y="327.0"/>
         </bpmndi:BPMNEdge>
         <bpmndi:BPMNEdge bpmnElement="sid-4C6EA5D7-013F-420B-9DFB-FC92AF205FD9" id="sid-4C6EA5D7-013F-420B-9DFB-FC92AF205FD9_gui">
            <omgdi:waypoint x="665.0" y="330.0"/>
            <omgdi:waypoint x="665.5" y="400.0"/>
            <omgdi:waypoint x="750.0" y="400.0"/>
         </bpmndi:BPMNEdge>
         <bpmndi:BPMNEdge bpmnElement="sid-9548E94B-12B6-43C2-8C5F-38ADACC944E1" id="sid-9548E94B-12B6-43C2-8C5F-38ADACC944E1_gui">
            <omgdi:waypoint x="517.0" y="254.0"/>
            <omgdi:waypoint x="517.5" y="202.0"/>
         </bpmndi:BPMNEdge>
         <bpmndi:BPMNEdge bpmnElement="sid-C850A945-5F13-46EA-BB6F-62D108AABC9D" id="sid-C850A945-5F13-46EA-BB6F-62D108AABC9D_gui">
            <omgdi:waypoint x="565.0" y="160.0"/>
            <omgdi:waypoint x="611.5" y="160.0"/>
            <omgdi:waypoint x="611.5" y="300.25"/>
            <omgdi:waypoint x="653.0909091106131" y="300.25"/>
         </bpmndi:BPMNEdge>
         <bpmndi:BPMNEdge bpmnElement="sid-56FE7175-61CB-4404-911F-C17B21D73298" id="sid-56FE7175-61CB-4404-911F-C17B21D73298_gui">
            <omgdi:waypoint x="415.0" y="310.0"/>
            <omgdi:waypoint x="463.0" y="310.0"/>
         </bpmndi:BPMNEdge>
         <bpmndi:BPMNEdge bpmnElement="sid-F6484E66-A075-4364-BFEE-35AC9CE53B52" id="sid-F6484E66-A075-4364-BFEE-35AC9CE53B52_gui">
            <omgdi:waypoint x="665.0" y="290.0"/>
            <omgdi:waypoint x="665.5" y="217.27272343044444"/>
            <omgdi:waypoint x="749.0" y="217.0"/>
         </bpmndi:BPMNEdge>
         <bpmndi:BPMNEdge bpmnElement="sid-F2E10D77-A9B6-4350-BC92-418FF42AB6ED" id="sid-F2E10D77-A9B6-4350-BC92-418FF42AB6ED_gui">
            <omgdi:waypoint x="105.0" y="310.0"/>
            <omgdi:waypoint x="165.0" y="310.0"/>
         </bpmndi:BPMNEdge>
         <bpmndi:BPMNEdge bpmnElement="sid-27F0472C-DB83-4FEA-AADF-33CEB95B70B8" id="sid-27F0472C-DB83-4FEA-AADF-33CEB95B70B8_gui">
            <omgdi:waypoint x="565.0" y="310.0"/>
            <omgdi:waypoint x="645.0" y="310.0"/>
         </bpmndi:BPMNEdge>
      </bpmndi:BPMNPlane>
   </bpmndi:BPMNDiagram>
</definitions>
