<definitions xmlns="http://www.omg.org/spec/BPMN/20100524/MODEL" xmlns:activiti="http://activiti.org/bpmn" targetNamespace="http://www.bpmnwithactiviti.org/errorjava">

	<process id="salesOpportunityJava" name="Sales opportunity java example">
		<startEvent id="theStart">
			<extensionElements>
				<activiti:formProperty id="product" name="Product" type="string" required="true"></activiti:formProperty>
				<activiti:formProperty id="quantity" name="Quantity" type="long" required="true"></activiti:formProperty>
				<activiti:formProperty id="description" name="Description" type="string" required="true"></activiti:formProperty>
				<activiti:formProperty id="customerNumber" name="Customer number (0 if not known)" type="long" required="true"></activiti:formProperty>
			</extensionElements>
		</startEvent>
		<sequenceFlow sourceRef="theStart" targetRef="customerNumberProvided" />
		<exclusiveGateway id="customerNumberProvided" />
		<sequenceFlow sourceRef="customerNumberProvided" targetRef="AdditionalCustomerInfoTask">
			<conditionExpression>${customerNumber == 0}</conditionExpression>
		</sequenceFlow>
		<userTask id="AdditionalCustomerInfoTask" name="Provide additional customer info" activiti:candidateGroups="sales">
			<documentation>Additional info need for sales opportunity for product ${product}</documentation>
			<extensionElements>
				<activiti:formProperty id="customerName" name="Customer name" type="string" required="true"></activiti:formProperty>
				<activiti:formProperty id="contactPerson" name="Contactperson" type="string" required="true"></activiti:formProperty>
				<activiti:formProperty id="customerAddress" name="Customer address" type="string" required="true"></activiti:formProperty>
			</extensionElements>
		</userTask>
		<sequenceFlow sourceRef="AdditionalCustomerInfoTask" targetRef="toRetrieve" />
		<exclusiveGateway id="toRetrieve" />
		<sequenceFlow sourceRef="customerNumberProvided" targetRef="toRetrieve">
			<conditionExpression>${customerNumber > 0}</conditionExpression>
		</sequenceFlow>
		<sequenceFlow id="retrieveflow" sourceRef="toRetrieve" targetRef="RetrieveCustomerTask" />
		<serviceTask id="RetrieveCustomerTask" activiti:class="org.bpmnwithactiviti.chapter7.errorjava.RetrieveCustomerTask" />
		<sequenceFlow id="customerNotFound" sourceRef="RetrieveCustomerTask" targetRef="HandleCustomerNotFoundTask" />
		<userTask id="HandleCustomerNotFoundTask" name="Handle customer not found" activiti:candidateGroups="sales">
			<documentation>Customer could not be found for opportunity: product=${product}, description=${description}</documentation>
			<extensionElements>
				<activiti:formProperty id="customerAddedNumber" name="Customer number" type="long" expression="#{customer.customerId}"
					required="true"></activiti:formProperty>
			</extensionElements>
		</userTask>
		<sequenceFlow sourceRef="HandleCustomerNotFoundTask" targetRef="StoreOpportunityTask" />
		<serviceTask id="StoreOpportunityTask" activiti:class="org.bpmnwithactiviti.chapter7.errorjava.StoreOpportunityTask" />
		<sequenceFlow id="customerFound" sourceRef="RetrieveCustomerTask" targetRef="StoreOpportunityTask" />
		<sequenceFlow sourceRef="StoreOpportunityTask" targetRef="theEnd" />
		<endEvent id="theEnd" />
	</process>
</definitions>