<?xml version="1.0" encoding="UTF-8"?>
<definitions xmlns="http://www.omg.org/spec/BPMN/20100524/MODEL" xmlns:xsi="http://www.w3.org/2001/XMLSchema-instance" xmlns:xsd="http://www.w3.org/2001/XMLSchema" xmlns:activiti="http://activiti.org/bpmn" xmlns:bpmndi="http://www.omg.org/spec/BPMN/20100524/DI" xmlns:omgdc="http://www.omg.org/spec/DD/20100524/DC" xmlns:omgdi="http://www.omg.org/spec/DD/20100524/DI" typeLanguage="http://www.w3.org/2001/XMLSchema" expressionLanguage="http://www.w3.org/1999/XPath" targetNamespace="http://www.activiti.org/test">
  <process id="ramec-sluzap-parallel" name="Служебная записка" isExecutable="true">
    <startEvent id="alfrescoStartevent1" name="Создание служебной записки" activiti:formKey="ramecwf:submitMultiAssigneeTaskSluZap"></startEvent>
    <serviceTask id="alfrescoScripttask1" name="Подготовка списка" activiti:class="org.alfresco.repo.workflow.activiti.script.AlfrescoScriptDelegate">
      <documentation>Разбираем введённые группы по пользователям, добавляем индивидуальных исполнителей, формируем общий список.</documentation>
      <extensionElements>
        <activiti:field name="script">
          <activiti:string><![CDATA[var grps = execution.getVariable("ramecwf_groupAssignees");
var ppl = execution.getVariable("ramecwf_assignees");

var usrs = new java.util.ArrayList();

if (ppl) {
  ppl = ppl.toArray();
  var newppl = new java.util.ArrayList();
  for each (var u2 in ppl) {
    if (!u2.properties) {
      /* Если нам пришли nodeRef вместо нодов */
      u2 = search.findNode(u2);
      if (!u2) { continue; /* игнорируем, если это был даже не nodeRef, а неведомая фигня */ }
    }
    newppl.add(u2);
    usrs.add(u2.properties.userName);
  }
  ppl = newppl;
}
else {
  ppl = new java.util.ArrayList();
}
if (grps) {
  grps = grps.toArray();
  for each (var gr1 in grps) {
    if (!gr1.properties) {
      /* Если нам пришли nodeRef вместо нодов */
      gr1 = search.findNode(gr1);
      if (!gr1) { continue; /* игнорируем, если это был даже не nodeRef, а неведомая фигня */ }
    }
    for each (var u1 in groups.getGroupForFullAuthorityName(gr1.properties["cm:authorityName"]).allUsers) {
      if (!ppl.contains(u1.person.nodeRef.toString())) {
        ppl.add(u1.person.nodeRef.toString());
        usrs.add(u1.userName);
      }
    }
  }
}

execution.setVariable("ramecwf_assignees", new java.util.ArrayList());
execution.setVariable("ramecwf_groupAssignees", new java.util.ArrayList());
execution.setVariable("users2assign", usrs);
execution.setVariable("usersCount", usrs.size());]]></activiti:string>
        </activiti:field>
      </extensionElements>
    </serviceTask>
    <sequenceFlow id="flow1" sourceRef="alfrescoStartevent1" targetRef="alfrescoScripttask1"></sequenceFlow>
    <userTask id="alfrescoUsertask1" name="Служебная записка" activiti:assignee="${user2assign}" activiti:formKey="ramecwf:controlMultiAssigneeTaskSluZap">
      <documentation>Работа со служебной запиской, изменение состава материалов, отправка.</documentation>
      <extensionElements>
        <activiti:taskListener event="create" class="org.alfresco.repo.workflow.activiti.tasklistener.ScriptTaskListener">
          <activiti:field name="script">
            <activiti:string><![CDATA[if (typeof bpm_workflowDueDate != 'undefined') task.dueDate = bpm_workflowDueDate;
if (typeof bpm_workflowPriority != 'undefined') task.priority = bpm_workflowPriority;

task.setVariable('ramecwf_summaryHistory', execution.getVariable('ramecwf_summaryHistory'));
task.setVariable('ramecwf_summary', '');

var grpId = workflowinstanceid;
var toUserMail = task.getVariable('user2assign');
if (toUserMail) {
  toUserMail = people.getPerson(toUserMail);

  if (toUserMail) {
    var auth = groups.getGroup(grpId);
    /* Добавляем активити-группу, если её ещё нет */
    if (!auth) { auth = groups.createRootGroup(grpId, grpId); }
    /* Добавляем пользователя этой задачи в активити-группу */
    if (auth && !auth.allUsers.filter(function (elt) { return elt.userName.equals(toUserMail.properties.userName); }).length) {
      auth.addAuthority(toUserMail.properties.userName);
    }
    /* Даём права активити-группе на файлы, где группа ещё не прописана в правах */
    var grpName = 'GROUP_' + grpId;
    for each (var f1 in bpm_package.childAssociations['bpm:packageContains']) {
      if (f1.permissions.indexOf(';' + grpName + ';') == -1) {
        f1.setPermission('Consumer', grpName);
      }
    }
  }
}

var mail = actions.create('mail');
if (mail) {
  var prevUserName = execution.getVariable("prevUserName");
  var prevUser = prevUserName ? people.getPerson(prevUserName) : null;
  var fromUser = prevUser ? prevUser : initiator;
  var fromUserMail = fromUser.properties.email;
  if (toUserMail) {
    toUserMail = toUserMail.properties.email;
  }
  if (fromUserMail && toUserMail) {
    mail.parameters.to = toUserMail;
    mail.parameters.subject = 'Служебная записка: ' + task.description;
    mail.parameters.from = fromUserMail;
    mail.parameters.template = search.findNode('workspace://SpacesStore/wf-email-html-ftl');

    var templateArgs = new Array();
    templateArgs['workflowTitle'] = 'Служебная записка';
    templateArgs['workflowDueDate'] = task.dueDate;
    templateArgs['workflowPriority'] = task.priority;
    templateArgs['workflowPooled'] = false;
    templateArgs['workflowDescription'] = task.description;
    templateArgs['workflowId'] = 'activiti$' + task.id; /* Можно добавить '&referrer=tasks&myTasksLinkBack=true', но это ничего не меняет функционально */

    var templateModel = new Array();
    templateModel['args'] = templateArgs;

    mail.parameters.template_model = templateModel;
    mail.execute(bpm_package);
  }
}]]></activiti:string>
          </activiti:field>
          <activiti:field name="runAs">
            <activiti:string>admin</activiti:string>
          </activiti:field>
        </activiti:taskListener>
        <activiti:taskListener event="complete" class="org.alfresco.repo.workflow.activiti.tasklistener.ScriptTaskListener">
          <activiti:field name="script">
            <activiti:string><![CDATA[
execution.setVariable("prevUserName", task.assignee);

var sHist = execution.getVariable('ramecwf_summaryHistory');
var sLocal = task.getVariableLocal('ramecwf_summary');

var taskDueDate = task.getVariableLocal('ramecwf_dueDate');
if (taskDueDate) execution.setVariable('bpm_workflowDueDate', taskDueDate);

function formatISO(dt) {
  var yy = dt.getYear() + 1900;
  yy = yy + '-';
  var mm = (dt.getMonth() + 1).toString();
  mm = (mm < 10 ? '0' + mm : mm) + '-';
  var dd = dt.getDate().toString();
  dd = (dd < 10 ? '0' + dd : dd);
  return(yy + mm + dd);
}

function personFullName(pers) {
  if (!pers.properties) {
  pers = people.getPerson(pers);
  }
  if (!pers.properties) { return pers; }
  var fname = pers.properties.lastName;
  if (fname) { fname = fname + ' '; }
  var f = pers.properties.firstName;
  if (f) { fname = fname + f; }
  return fname;
}

if (sLocal) {
  var fullName = personFullName(task.assignee);
  if (fullName) { sLocal = '[' + fullName + ']: ' + sLocal; }
  if (taskDueDate) { sLocal = sLocal + ', выполнить к: ' + formatISO(taskDueDate); }
}

sHist = ((sHist && sHist.length) ? sHist + '\n' : '') + (sLocal ? sLocal : '');
execution.setVariable('ramecwf_summaryHistory', sHist);
execution.setVariable('ramecwf_summary', '');

var a1 = task.getVariableLocal("ramecwf_assignees");
if (a1) {
  var a2 = new java.util.ArrayList();
  /* Присваиваем строковый nodeRef вместо нодов, которые не могут сериализоваться нормально */
  for each (var a3 in a1.toArray()) { a2.add(a3.nodeRef.toString()); }
  execution.setVariable("ramecwf_assignees", a2);
}
var g1 = task.getVariableLocal("ramecwf_groupAssignees");
if (g1) {
  var g2 = new java.util.ArrayList();
  /* Присваиваем строковый nodeRef вместо нодов, которые не могут сериализоваться нормально */
  for each (var g3 in g1.toArray()) { g2.add(g3.nodeRef.toString()); }
  execution.setVariable("ramecwf_groupAssignees", g2);
}]]></activiti:string>
          </activiti:field>
        </activiti:taskListener>
      </extensionElements>
      <multiInstanceLoopCharacteristics isSequential="false" activiti:collection="${users2assign}" activiti:elementVariable="user2assign">
        <completionCondition>${nrOfCompletedInstances &gt; 0}</completionCondition>
      </multiInstanceLoopCharacteristics>
    </userTask>
    <sequenceFlow id="flow2" sourceRef="alfrescoScripttask1" targetRef="exclusivegateway1"></sequenceFlow>
    <endEvent id="endevent1" name="End"></endEvent>
    <exclusiveGateway id="exclusivegateway1" name="Exclusive Gateway"></exclusiveGateway>
    <sequenceFlow id="flow3" sourceRef="exclusivegateway1" targetRef="alfrescoUsertask1">
      <conditionExpression xsi:type="tFormalExpression"><![CDATA[${usersCount > 0}]]></conditionExpression>
    </sequenceFlow>
    <sequenceFlow id="flow4" name="Исполнители не назначены" sourceRef="exclusivegateway1" targetRef="endevent1">
      <conditionExpression xsi:type="tFormalExpression"><![CDATA[${usersCount <= 0}]]></conditionExpression>
    </sequenceFlow>
    <sequenceFlow id="flow5" sourceRef="alfrescoUsertask1" targetRef="alfrescoScripttask1"></sequenceFlow>
  </process>
  <bpmndi:BPMNDiagram id="BPMNDiagram_ramec-sluzap-parallel">
    <bpmndi:BPMNPlane bpmnElement="ramec-sluzap-parallel" id="BPMNPlane_ramec-sluzap-parallel">
      <bpmndi:BPMNShape bpmnElement="alfrescoStartevent1" id="BPMNShape_alfrescoStartevent1">
        <omgdc:Bounds height="35.0" width="35.0" x="90.0" y="150.0"></omgdc:Bounds>
      </bpmndi:BPMNShape>
      <bpmndi:BPMNShape bpmnElement="alfrescoScripttask1" id="BPMNShape_alfrescoScripttask1">
        <omgdc:Bounds height="55.0" width="105.0" x="200.0" y="140.0"></omgdc:Bounds>
      </bpmndi:BPMNShape>
      <bpmndi:BPMNShape bpmnElement="alfrescoUsertask1" id="BPMNShape_alfrescoUsertask1">
        <omgdc:Bounds height="55.0" width="105.0" x="520.0" y="140.0"></omgdc:Bounds>
      </bpmndi:BPMNShape>
      <bpmndi:BPMNShape bpmnElement="endevent1" id="BPMNShape_endevent1">
        <omgdc:Bounds height="35.0" width="35.0" x="393.0" y="260.0"></omgdc:Bounds>
      </bpmndi:BPMNShape>
      <bpmndi:BPMNShape bpmnElement="exclusivegateway1" id="BPMNShape_exclusivegateway1">
        <omgdc:Bounds height="40.0" width="40.0" x="390.0" y="147.0"></omgdc:Bounds>
      </bpmndi:BPMNShape>
      <bpmndi:BPMNEdge bpmnElement="flow1" id="BPMNEdge_flow1">
        <omgdi:waypoint x="125.0" y="167.0"></omgdi:waypoint>
        <omgdi:waypoint x="200.0" y="167.0"></omgdi:waypoint>
      </bpmndi:BPMNEdge>
      <bpmndi:BPMNEdge bpmnElement="flow2" id="BPMNEdge_flow2">
        <omgdi:waypoint x="305.0" y="167.0"></omgdi:waypoint>
        <omgdi:waypoint x="390.0" y="167.0"></omgdi:waypoint>
      </bpmndi:BPMNEdge>
      <bpmndi:BPMNEdge bpmnElement="flow3" id="BPMNEdge_flow3">
        <omgdi:waypoint x="430.0" y="167.0"></omgdi:waypoint>
        <omgdi:waypoint x="520.0" y="167.0"></omgdi:waypoint>
      </bpmndi:BPMNEdge>
      <bpmndi:BPMNEdge bpmnElement="flow4" id="BPMNEdge_flow4">
        <omgdi:waypoint x="410.0" y="187.0"></omgdi:waypoint>
        <omgdi:waypoint x="410.0" y="260.0"></omgdi:waypoint>
        <bpmndi:BPMNLabel>
          <omgdc:Bounds height="36.0" width="100.0" x="421.0" y="209.0"></omgdc:Bounds>
        </bpmndi:BPMNLabel>
      </bpmndi:BPMNEdge>
      <bpmndi:BPMNEdge bpmnElement="flow5" id="BPMNEdge_flow5">
        <omgdi:waypoint x="572.0" y="140.0"></omgdi:waypoint>
        <omgdi:waypoint x="572.0" y="79.0"></omgdi:waypoint>
        <omgdi:waypoint x="252.0" y="79.0"></omgdi:waypoint>
        <omgdi:waypoint x="252.0" y="140.0"></omgdi:waypoint>
      </bpmndi:BPMNEdge>
    </bpmndi:BPMNPlane>
  </bpmndi:BPMNDiagram>
</definitions>