<?xml version="1.0" encoding="UTF-8"?>

<definitions id="definitions"
             xmlns="http://www.omg.org/spec/BPMN/20100524/MODEL"
             xmlns:activiti="http://activiti.org/bpmn"
             targetNamespace="Examples" xmlns:xsi="http://www.w3.org/2001/XMLSchema-instance"
             xsi:schemaLocation="
             http://www.omg.org/spec/BPMN/20100524/MODEL http://local.openicf.forgerock.org/BPMN20.xsd">
    <process id="contractorOnboarding" name="Contractor onboarding process">
        <startEvent id="start" activiti:initiator="startUserId" >
            <extensionElements>
                <activiti:formProperty id="userName"
                           name="Username"
                           required="true"
                           type="string" />
                <activiti:formProperty id="givenName"
                           name="First Name"
                           required="true"
                           type="string" />
                <activiti:formProperty id="sn"
                           name="Last Name"
                           required="true"
                           type="string" />
                <activiti:formProperty id="department"
                           name="Department"
                           type="string" />
                <activiti:formProperty id="jobTitle"
                           name="Job Title"
                           type="string" />
                <activiti:formProperty id="telephoneNumber"
                           name="Phone Number"
                           required="true"
                           type="string" />
                <activiti:formProperty id="mail"
                           name="Email"
                           required="true"
                           type="string" />
                <activiti:formProperty id="startDate"
                           name="Start Date"
                           required="true"
                           type="string" />
                <activiti:formProperty id="endDate"
                           name="End Date"
                           type="string" />
                <activiti:formProperty id="password"
                           name="Password"
                           required="true"
                           type="string" />
                <activiti:formProperty id="description"
                           name="Description"
                           required="true"
                           type="string" />
                <activiti:formProperty id="provisionToXML"
                           name="Create in XMLFile"
                           type="boolean" />
                
                <activiti:formProperty id="_formGenerationTemplate" type="string" default="
&lt;style&gt;
#processDetails fieldset {
       margin-top: 0;
}
#processDetails .group-field {
       float: left !important;
       width: 100%;
}
#processDetails .field label {
       text-align: left;
}
#processDetails .field input,#processDetails .field select {
       clear: both;
}
#processDetails .field .validation-message {
       clear: none !important;
       margin-left: 20px !important;
       float: left !important;
}
&lt;/style&gt;

    &lt;h2 class=&quot;header&quot;&gt;Contractor Details&lt;/h2&gt;

        &lt;fieldset&gt;
            &lt;div class=&quot;fields&quot;&gt;
                &lt;div class=&quot;field&quot;&gt;
                    &lt;label&gt;{{t &quot;common.user.username&quot;}}&lt;/label&gt; 
                    &lt;input type=&quot;text&quot; name=&quot;userName&quot; data-validation-dependents=&quot;password&quot;/&gt; 
                    &lt;span class=&quot;error&quot;&gt;x&lt;/span&gt;
                    &lt;div class=&quot;validation-message&quot;&gt;&lt;/div&gt;
                &lt;/div&gt;

                &lt;div class=&quot;field&quot;&gt;
                    &lt;label&gt;{{t &quot;common.user.emailAddress&quot;}}&lt;/label&gt; 
                    &lt;input type=&quot;text&quot; name=&quot;mail&quot; /&gt; 
                    &lt;span class=&quot;error&quot;&gt;x&lt;/span&gt;
                    &lt;div class=&quot;validation-message&quot;&gt;&lt;/div&gt;
                &lt;/div&gt;

                &lt;div class=&quot;field&quot;&gt;
                    &lt;label&gt;{{t &quot;common.user.givenName&quot;}}&lt;/label&gt; 
                    &lt;input type=&quot;text&quot; name=&quot;givenName&quot; data-validation-dependents=&quot;password&quot;/&gt; 
                    &lt;span class=&quot;error&quot;&gt;x&lt;/span&gt;
                    &lt;div class=&quot;validation-message&quot;&gt;&lt;/div&gt;
                &lt;/div&gt;

                &lt;div class=&quot;field&quot;&gt;
                    &lt;label&gt;{{t &quot;common.user.familyName&quot;}}&lt;/label&gt; 
                    &lt;input type=&quot;text&quot; name=&quot;sn&quot; data-validation-dependents=&quot;password&quot;/&gt; 
                    &lt;span class=&quot;error&quot;&gt;x&lt;/span&gt;
                    &lt;div class=&quot;validation-message&quot;&gt;&lt;/div&gt;
                &lt;/div&gt;
                
                &lt;div class=&quot;field&quot;&gt;
                    &lt;label&gt;{{t &quot;common.user.phoneNumber&quot;}}&lt;/label&gt; 
                    &lt;input type=&quot;text&quot; name=&quot;telephoneNumber&quot; /&gt; 
                    &lt;span class=&quot;error&quot;&gt;x&lt;/span&gt;
                    &lt;div class=&quot;validation-message&quot;&gt;&lt;/div&gt;
                &lt;/div&gt;

                &lt;div class=&quot;group-field&quot;&gt;
                    &lt;div class=&quot;group-field-inputs&quot;&gt;
                        &lt;div class=&quot;field&quot;&gt;
                            &lt;label&gt;{{t &quot;common.user.password&quot;}}&lt;/label&gt; 
                            &lt;input type=&quot;password&quot; name=&quot;password&quot; data-validation-dependents=&quot;passwordConfirm&quot;/&gt;
                            &lt;span class=&quot;error&quot;&gt;x&lt;/span&gt;
                        &lt;/div&gt;

                        &lt;div class=&quot;field&quot;&gt;
                            &lt;label&gt;{{t &quot;common.user.confirmPassword&quot;}}&lt;/label&gt; 
                            &lt;input type=&quot;password&quot; name=&quot;passwordConfirm&quot; data-validator=&quot;passwordConfirm&quot; data-validator-event=&quot;keyup change&quot; /&gt;
                            &lt;span class=&quot;error&quot;&gt;x&lt;/span&gt;
                        &lt;/div&gt;
                    &lt;/div&gt;
                    &lt;div class=&quot;group-field-errors validationRules&quot; data-for-validator=&quot;password passwordConfirm&quot;&gt;

                        &lt;div class=&quot;field-rule&quot;&gt;
                            &lt;span class=&quot;error&quot;&gt;x&lt;/span&gt; 
                            &lt;span data-for-validator=&quot;passwordConfirm&quot;&gt;{{t &quot;common.form.validation.confirmationMatchesPassword&quot;}}&lt;/span&gt;
                        &lt;/div&gt;
                    &lt;/div&gt;
                &lt;/div&gt;

                
                &lt;div class=&quot;field&quot;&gt;
                    &lt;label&gt;Provision to XML&lt;/label&gt; 
                    &lt;select name=&quot;provisionToXML&quot;&gt;
                         &lt;option value=&quot;1&quot;&gt;Yes&lt;/option&gt;
                         &lt;option value=&quot;0&quot;&gt;No&lt;/option&gt;
                    &lt;/select&gt;
                &lt;/div&gt;

                &lt;div class=&quot;field&quot;&gt;
                    &lt;label&gt;Department&lt;/label&gt; 
                    &lt;input type=&quot;text&quot; name=&quot;department&quot; /&gt; 
                &lt;/div&gt;
                &lt;div class=&quot;field&quot;&gt;
                    &lt;label&gt;Job Title&lt;/label&gt; 
                    &lt;input type=&quot;text&quot; name=&quot;jobTitle&quot; /&gt; 
                &lt;/div&gt;
                &lt;div class=&quot;field&quot;&gt;
                    &lt;label&gt;Description&lt;/label&gt; 
                    &lt;input type=&quot;text&quot; name=&quot;description&quot; /&gt; 
                &lt;/div&gt;
                &lt;div class=&quot;field&quot;&gt;
                    &lt;label&gt;Start Date&lt;/label&gt; 
                    &lt;input type=&quot;text&quot; name=&quot;startDate&quot; /&gt; 
                &lt;/div&gt;
                &lt;div class=&quot;field&quot;&gt;
                    &lt;label&gt;End Date&lt;/label&gt; 
                    &lt;input type=&quot;text&quot; name=&quot;endDate&quot; /&gt; 
                &lt;/div&gt;

            &lt;/div&gt;
            
        &lt;/fieldset&gt;

&lt;script&gt;
require(&quot;org/forgerock/commons/ui/common/main/ValidatorsManager&quot; )
  .bindValidators($(&apos;#processDetails form&apos; ), &quot;managed/user/*&quot; );
&lt;/script&gt;

                " />
            </extensionElements>
        </startEvent>
        
        <sequenceFlow sourceRef="start" targetRef="requestMadeGateway"/>
        
        <exclusiveGateway id="requestMadeGateway" name="Request Made"></exclusiveGateway>
        
        <scriptTask id="decisionPrep" name="Prepare Task" scriptFormat="groovy">
          <script><![CDATA[ 
            decisionOptions = [ 'accept' : 'common.form.accept' , 'reject' : 'common.form.reject', '__null' : '  ']
            
            readStartUserFromRepoParams = [_queryId:'for-userName',uid:startUserId]
            startUserFromRepo = openidm.query('managed/user', readStartUserFromRepoParams)
            execution.setVariable("startUserFromRepo", startUserFromRepo)
            execution.setVariable("decisionOptions", decisionOptions)
          ]]></script>
        </scriptTask>
        <userTask id="decideApprovalTask" name="Contractor Approval" activiti:candidateGroups="manager">
          <extensionElements>
            <activiti:formProperty id="decision" name="Decision" type="enum" required="true">
              <activiti:value id="accept" name="Accept"></activiti:value>
              <activiti:value id="reject" name="Reject"></activiti:value>
            </activiti:formProperty>
            <activiti:formProperty id="_formGenerationTemplate" type="string" default="
&lt;style&gt;
#taskDetails fieldset {
       margin-top: 0;
}
#taskDetails .group-field {
       float: left !important;
       width: 100%;
}
#taskDetails .field label {
       text-align: left;
}
#taskDetails .field input,#taskDetails .field select {
       clear: both;
}
#taskDetails .field .validation-message {
       clear: none !important;
       margin-left: 20px !important;
       float: left !important;
}
&lt;/style&gt;

    &lt;h2 class=&quot;header&quot;&gt;Contractor Details&lt;/h2&gt;

        &lt;fieldset&gt;
            &lt;div class=&quot;fields&quot;&gt;
                &lt;div class=&quot;field&quot;&gt;
                    &lt;label&gt;{{t &quot;common.user.username&quot;}}&lt;/label&gt; 
                    &lt;input type=&quot;text&quot; name=&quot;userName&quot; value=&quot;{{variables.userName}}&quot; data-validation-dependents=&quot;password&quot;/&gt; 
                    &lt;span class=&quot;error&quot;&gt;x&lt;/span&gt;
                    &lt;div class=&quot;validation-message&quot;&gt;&lt;/div&gt;
                &lt;/div&gt;

                &lt;div class=&quot;field&quot;&gt;
                    &lt;label&gt;{{t &quot;common.user.emailAddress&quot;}}&lt;/label&gt; 
                    &lt;input type=&quot;text&quot; name=&quot;mail&quot; value=&quot;{{variables.mail}}&quot; /&gt; 
                    &lt;span class=&quot;error&quot;&gt;x&lt;/span&gt;
                    &lt;div class=&quot;validation-message&quot;&gt;&lt;/div&gt;
                &lt;/div&gt;

                &lt;div class=&quot;field&quot;&gt;
                    &lt;label&gt;{{t &quot;common.user.givenName&quot;}}&lt;/label&gt; 
                    &lt;input type=&quot;text&quot; name=&quot;givenName&quot; value=&quot;{{variables.givenName}}&quot; data-validation-dependents=&quot;password&quot;/&gt; 
                    &lt;span class=&quot;error&quot;&gt;x&lt;/span&gt;
                    &lt;div class=&quot;validation-message&quot;&gt;&lt;/div&gt;
                &lt;/div&gt;

                &lt;div class=&quot;field&quot;&gt;
                    &lt;label&gt;{{t &quot;common.user.familyName&quot;}}&lt;/label&gt; 
                    &lt;input type=&quot;text&quot; name=&quot;sn&quot; value=&quot;{{variables.sn}}&quot; data-validation-dependents=&quot;password&quot;/&gt; 
                    &lt;span class=&quot;error&quot;&gt;x&lt;/span&gt;
                    &lt;div class=&quot;validation-message&quot;&gt;&lt;/div&gt;
                &lt;/div&gt;
                
                &lt;div class=&quot;field&quot;&gt;
                    &lt;label&gt;{{t &quot;common.user.phoneNumber&quot;}}&lt;/label&gt; 
                    &lt;input type=&quot;text&quot; name=&quot;telephoneNumber&quot; value=&quot;{{variables.telephoneNumber}}&quot; /&gt; 
                    &lt;span class=&quot;error&quot;&gt;x&lt;/span&gt;
                    &lt;div class=&quot;validation-message&quot;&gt;&lt;/div&gt;
                &lt;/div&gt;

                &lt;div class=&quot;group-field&quot;&gt;
                    &lt;div class=&quot;group-field-inputs&quot;&gt;
                        &lt;div class=&quot;field&quot;&gt;
                            &lt;label&gt;{{t &quot;common.user.password&quot;}}&lt;/label&gt; 
                            &lt;input type=&quot;password&quot; name=&quot;password&quot; value=&quot;{{variables.password}}&quot; data-validation-dependents=&quot;passwordConfirm&quot;/&gt;
                            &lt;span class=&quot;error&quot;&gt;x&lt;/span&gt;
                        &lt;/div&gt;

                        &lt;div class=&quot;field&quot;&gt;
                            &lt;label&gt;{{t &quot;common.user.confirmPassword&quot;}}&lt;/label&gt; 
                            &lt;input type=&quot;password&quot; name=&quot;passwordConfirm&quot; value=&quot;{{variables.password}}&quot; data-validator=&quot;passwordConfirm&quot; data-validator-event=&quot;keyup change&quot; /&gt;
                            &lt;span class=&quot;error&quot;&gt;x&lt;/span&gt;
                        &lt;/div&gt;
                    &lt;/div&gt;
                    
                {{#if assignee}}
                    &lt;div class=&quot;group-field-errors validationRules&quot; data-for-validator=&quot;password passwordConfirm&quot;&gt;

                        &lt;div class=&quot;field-rule&quot;&gt;
                            &lt;span class=&quot;error&quot;&gt;x&lt;/span&gt; 
                            &lt;span data-for-validator=&quot;passwordConfirm&quot;&gt;{{t &quot;common.form.validation.confirmationMatchesPassword&quot;}}&lt;/span&gt;
                        &lt;/div&gt;
                    &lt;/div&gt;
                {{/if}}
                    
                &lt;/div&gt;

                
                &lt;div class=&quot;field&quot;&gt;
                    &lt;label&gt;Provision to XML&lt;/label&gt; 
                    &lt;select name=&quot;provisionToXML&quot;&gt;
                         &lt;option value=&quot;1&quot;&gt;Yes&lt;/option&gt;
                         &lt;option value=&quot;0&quot;&gt;No&lt;/option&gt;
                    &lt;/select&gt;
                &lt;/div&gt;

                &lt;div class=&quot;field&quot;&gt;
                    &lt;label&gt;Department&lt;/label&gt; 
                    &lt;input type=&quot;text&quot; name=&quot;department&quot; value=&quot;{{variables.department}}&quot; /&gt; 
                &lt;/div&gt;
                &lt;div class=&quot;field&quot;&gt;
                    &lt;label&gt;Job Title&lt;/label&gt; 
                    &lt;input type=&quot;text&quot; name=&quot;jobTitle&quot; value=&quot;{{variables.jobTitle}}&quot; /&gt; 
                &lt;/div&gt;
                &lt;div class=&quot;field&quot;&gt;
                    &lt;label&gt;Description&lt;/label&gt; 
                    &lt;input type=&quot;text&quot; name=&quot;description&quot; value=&quot;{{variables.description}}&quot; /&gt; 
                &lt;/div&gt;
                &lt;div class=&quot;field&quot;&gt;
                    &lt;label&gt;Start Date&lt;/label&gt; 
                    &lt;input type=&quot;text&quot; name=&quot;startDate&quot; value=&quot;{{variables.startDate}}&quot; /&gt; 
                &lt;/div&gt;
                &lt;div class=&quot;field&quot;&gt;
                    &lt;label&gt;End Date&lt;/label&gt; 
                    &lt;input type=&quot;text&quot; name=&quot;endDate&quot; value=&quot;{{variables.endDate}}&quot; /&gt; 
                &lt;/div&gt;


                &lt;div class=&quot;field&quot;&gt;  
                    &lt;label class=&quot;light&quot;&gt;{{t &quot;common.form.decision&quot;}}&lt;/label&gt; 
                    {{select  variables.decisionOptions &quot;decision&quot; &quot;0&quot; &quot;&quot;  &quot; data-validator='required' &quot;}}
        
                    &lt;span class=&quot;ok&quot; style=&quot;&quot;&gt;✔&lt;/span&gt;
                    &lt;div class=&quot;validation-message&quot;&gt;&lt;/div&gt; 
                &lt;/div&gt;
                
                
            &lt;/div&gt;
            
        &lt;/fieldset&gt;

&lt;script&gt;
$(&apos;#taskDetails form select[name=provisionToXML]&apos;).val(&quot;{{variables.provisionToXML}}&quot;);
{{#if assignee}}
(function () {
  var v = require(&quot;org/forgerock/commons/ui/common/main/ValidatorsManager&quot; );
  v.bindValidators($(&apos;#taskDetails form&apos; ), &quot;managed/user/*&quot;, function () {
      v.validateAllFields($(&apos;#taskDetails form&apos;));
  });
}());
{{/if}}
&lt;/script&gt;
    
    
            "></activiti:formProperty>
          </extensionElements>
        </userTask>
        <sequenceFlow sourceRef="requestMadeGateway" targetRef="decisionPrep"/>
        <sequenceFlow sourceRef="decisionPrep" targetRef="decideApprovalTask"/>

        <scriptTask id="createManagedUser" scriptFormat="groovy">
            <script>
                user = [userName:userName, givenName:givenName, sn:sn,
                manager:startUserId, department:department, jobTitle:jobTitle, telephoneNumber:telephoneNumber, 
                mail:mail, startDate:startDate, endDate:endDate, password:password, description:description,
                provisionToXML:provisionToXML]

                openidm.create('managed/user',null, user)
                
                readNewUserFromRepoParams = [_queryId:'for-userName',uid:userName]
                execution.setVariable("readNewUserFromRepoParams", readNewUserFromRepoParams)
            </script>
        </scriptTask>
        
        
        <exclusiveGateway id="decisionMadeGateway" name="Decision Made"></exclusiveGateway>
        <sequenceFlow sourceRef="decideApprovalTask" targetRef="decisionMadeGateway"></sequenceFlow>
        <sequenceFlow sourceRef="decisionMadeGateway" targetRef="createManagedUser">
          <conditionExpression xsi:type="tFormalExpression"><![CDATA[ ${decision=='accept'} ]]></conditionExpression>
        </sequenceFlow>
        <sequenceFlow sourceRef="decisionMadeGateway" targetRef="sendDenyNotification">
          <conditionExpression xsi:type="tFormalExpression"><![CDATA[ ${decision=='reject'} ]]></conditionExpression>
        </sequenceFlow>

        <sequenceFlow sourceRef="createManagedUser" targetRef="serviceTask"/>
        <serviceTask id="serviceTask" activiti:expression="${openidm.query('managed/user', readNewUserFromRepoParams)}"
                     activiti:resultVariableName="newUserFromRepo"/>
        <sequenceFlow sourceRef="serviceTask" targetRef="sendAcceptNotification"/>

        <scriptTask id="sendAcceptNotification" scriptFormat="groovy">
            <script>
                java.text.SimpleDateFormat formatUTC = new java.text.SimpleDateFormat("yyyy-MM-dd'T'HH:mm:ss.S'Z'");     
                formatUTC.setTimeZone(TimeZone.getTimeZone("UTC"));     
                requestDate = formatUTC.format(new Date());
                
                def newRequesterNotification = [
                                        "receiverId": startUserFromRepo.result[0]._id,
                                        "requesterId" : "",
                                        "requester" : "",
                                        "createDate" : requestDate,
                                        "notificationType" : "info",
                                        "notificationSubtype" : "",
                                        "message" : "The requested user " + userName + " was successfully created"
                                ];
                def newContractorNotification = [
                                        "receiverId": newUserFromRepo.result[0]._id,
                                        "requesterId" : "",
                                        "requester" : "",
                                        "createDate" : requestDate,
                                        "notificationType" : "info",
                                        "notificationSubtype" : "",
                                        "message" : "Welcome! Your work days are from " + startDate + " to " + endDate
                                ];
                openidm.create("repo/ui/notification/", null, newRequesterNotification)
                openidm.create("repo/ui/notification/", null, newContractorNotification)
            </script>
        </scriptTask>
        <sequenceFlow sourceRef="sendAcceptNotification" targetRef="end"/>
        
        <scriptTask id="sendDenyNotification" scriptFormat="groovy">
            <script>
                java.text.SimpleDateFormat formatUTC = new java.text.SimpleDateFormat("yyyy-MM-dd'T'HH:mm:ss.S'Z'");     
                formatUTC.setTimeZone(TimeZone.getTimeZone("UTC"));     
                requestDate = formatUTC.format(new Date());
                
                def newRequesterNotification = [
                                        "receiverId": startUserFromRepo.result[0]._id,
                                        "requesterId" : "",
                                        "requester" : "",
                                        "createDate" : requestDate,
                                        "notificationType" : "warning",
                                        "notificationSubtype" : "",
                                        "message" : "Your request to create user " + userName + " was denied."
                                ];
                openidm.create("repo/ui/notification/", null, newRequesterNotification)
                
            </script>
        </scriptTask>
        <sequenceFlow sourceRef="sendDenyNotification" targetRef="end"/>
        
        
        
        <endEvent id="end"/>

    </process>

</definitions>
