<?xml version="1.0" encoding="UTF-8"?>
<definitions xmlns="http://www.omg.org/spec/BPMN/20100524/MODEL" xmlns:xsi="http://www.w3.org/2001/XMLSchema-instance" xmlns:activiti="http://activiti.org/bpmn" xmlns:bpmndi="http://www.omg.org/spec/BPMN/20100524/DI" xmlns:omgdc="http://www.omg.org/spec/DD/20100524/DC" xmlns:omgdi="http://www.omg.org/spec/DD/20100524/DI" typeLanguage="http://www.w3.org/2001/XMLSchema" expressionLanguage="http://www.w3.org/1999/XPath" targetNamespace="http://www.bc.com/workflow">
  <process id="SimpleProcess" name="简易测试流程">
    <startEvent id="startevent1" name="Start">
      <extensionElements>
        <activiti:formProperty id="subject" name="标题" type="string" expression="2012"></activiti:formProperty>
      </extensionElements>
    </startEvent>
    <userTask id="usertask1" name="提出申请" activiti:assignee="dragon"></userTask>
    <endEvent id="endevent1" name="End"></endEvent>
    <userTask id="usertask2" name="审核通过" activiti:candidateGroups="chaojiguanligang"></userTask>
    <sequenceFlow id="flow3" name="" sourceRef="usertask2" targetRef="endevent1"></sequenceFlow>
    <sequenceFlow id="flow2" name="" sourceRef="usertask1" targetRef="usertask2"></sequenceFlow>
    <sequenceFlow id="flow1" name="" sourceRef="startevent1" targetRef="usertask1"></sequenceFlow>
  </process>
  <bpmndi:BPMNDiagram id="BPMNDiagram_SimpleProcess">
    <bpmndi:BPMNPlane bpmnElement="SimpleProcess" id="BPMNPlane_SimpleProcess">
      <bpmndi:BPMNShape bpmnElement="startevent1" id="BPMNShape_startevent1">
        <omgdc:Bounds height="35" width="35" x="20" y="30"></omgdc:Bounds>
      </bpmndi:BPMNShape>
      <bpmndi:BPMNShape bpmnElement="usertask1" id="BPMNShape_usertask1">
        <omgdc:Bounds height="55" width="105" x="120" y="20"></omgdc:Bounds>
      </bpmndi:BPMNShape>
      <bpmndi:BPMNShape bpmnElement="endevent1" id="BPMNShape_endevent1">
        <omgdc:Bounds height="35" width="35" x="308" y="240"></omgdc:Bounds>
      </bpmndi:BPMNShape>
      <bpmndi:BPMNShape bpmnElement="usertask2" id="BPMNShape_usertask2">
        <omgdc:Bounds height="55" width="111" x="270" y="130"></omgdc:Bounds>
      </bpmndi:BPMNShape>
      <bpmndi:BPMNEdge bpmnElement="flow3" id="BPMNEdge_flow3">
        <omgdi:waypoint x="325" y="185"></omgdi:waypoint>
        <omgdi:waypoint x="325" y="240"></omgdi:waypoint>
      </bpmndi:BPMNEdge>
      <bpmndi:BPMNEdge bpmnElement="flow2" id="BPMNEdge_flow2">
        <omgdi:waypoint x="172" y="75"></omgdi:waypoint>
        <omgdi:waypoint x="172" y="157"></omgdi:waypoint>
        <omgdi:waypoint x="270" y="157"></omgdi:waypoint>
      </bpmndi:BPMNEdge>
      <bpmndi:BPMNEdge bpmnElement="flow1" id="BPMNEdge_flow1">
        <omgdi:waypoint x="55" y="47"></omgdi:waypoint>
        <omgdi:waypoint x="120" y="47"></omgdi:waypoint>
      </bpmndi:BPMNEdge>
    </bpmndi:BPMNPlane>
  </bpmndi:BPMNDiagram>
</definitions>