<?xml version="1.0" encoding="UTF-8"?>
<definitions xmlns="http://www.omg.org/spec/BPMN/20100524/MODEL" xmlns:xsi="http://www.w3.org/2001/XMLSchema-instance" xmlns:activiti="http://activiti.org/bpmn" xmlns:bpmndi="http://www.omg.org/spec/BPMN/20100524/DI" xmlns:omgdc="http://www.omg.org/spec/DD/20100524/DC" xmlns:omgdi="http://www.omg.org/spec/DD/20100524/DI" typeLanguage="http://www.w3.org/2001/XMLSchema" expressionLanguage="http://www.w3.org/1999/XPath" targetNamespace="http://www.bc.com/workflow">
  <process id="AskForAccountProcess" name="帐号申请流程">
    <startEvent id="startevent1" name="Start" activiti:initiator="initiator"></startEvent>
    <userTask id="usertask2" name="人事审核" activiti:assignee="dragon"></userTask>
    <endEvent id="endevent1" name="End"></endEvent>
    <userTask id="usertask3" name="开通账号" activiti:assignee="admin"></userTask>
    <exclusiveGateway id="exclusivegateway1" name="Exclusive Gateway" default="flow_disagree"></exclusiveGateway>
    <userTask id="usertask1" name="填写帐号信息" activiti:assignee="${initiator}" activiti:formKey="cn/bc/workflow/examples/account/askfor/AccountRequestInfo.form">
      <documentation>请填写你要申请的帐号和姓名信息</documentation>
      <extensionElements>
        <activiti:formProperty id="code" name="帐号" type="string" variable="code" required="true" readable="true" writable="true"></activiti:formProperty>
        <activiti:formProperty id="name" name="姓名" type="string" required="true" readable="true" writable="true"></activiti:formProperty>
        <activiti:formProperty id="description" name="备注" type="string" default="test" required="false" readable="true" writable="true"></activiti:formProperty>
      </extensionElements>
    </userTask>
    <sequenceFlow id="flow5" name="" sourceRef="usertask3" targetRef="endevent1"></sequenceFlow>
    <sequenceFlow id="flow3" name="" sourceRef="usertask2" targetRef="exclusivegateway1"></sequenceFlow>
    <sequenceFlow id="flow1" name="" sourceRef="startevent1" targetRef="usertask1"></sequenceFlow>
    <sequenceFlow id="flow_agree" name="同意" sourceRef="exclusivegateway1" targetRef="usertask3">
      <conditionExpression xsi:type="tFormalExpression"><![CDATA[${agree}]]></conditionExpression>
    </sequenceFlow>
    <sequenceFlow id="flow_disagree" name="不同意" sourceRef="exclusivegateway1" targetRef="endevent1"></sequenceFlow>
    <sequenceFlow id="flow2" name="" sourceRef="usertask1" targetRef="usertask2"></sequenceFlow>
  </process>
  <bpmndi:BPMNDiagram id="BPMNDiagram_AskForAccountProcess">
    <bpmndi:BPMNPlane bpmnElement="AskForAccountProcess" id="BPMNPlane_AskForAccountProcess">
      <bpmndi:BPMNShape bpmnElement="startevent1" id="BPMNShape_startevent1">
        <omgdc:Bounds height="35" width="35" x="40" y="50"></omgdc:Bounds>
      </bpmndi:BPMNShape>
      <bpmndi:BPMNShape bpmnElement="usertask2" id="BPMNShape_usertask2">
        <omgdc:Bounds height="55" width="105" x="280" y="40"></omgdc:Bounds>
      </bpmndi:BPMNShape>
      <bpmndi:BPMNShape bpmnElement="endevent1" id="BPMNShape_endevent1">
        <omgdc:Bounds height="35" width="35" x="588" y="150"></omgdc:Bounds>
      </bpmndi:BPMNShape>
      <bpmndi:BPMNShape bpmnElement="usertask3" id="BPMNShape_usertask3">
        <omgdc:Bounds height="55" width="131" x="540" y="40"></omgdc:Bounds>
      </bpmndi:BPMNShape>
      <bpmndi:BPMNShape bpmnElement="exclusivegateway1" id="BPMNShape_exclusivegateway1">
        <omgdc:Bounds height="40" width="40" x="440" y="47"></omgdc:Bounds>
      </bpmndi:BPMNShape>
      <bpmndi:BPMNShape bpmnElement="usertask1" id="BPMNShape_usertask1">
        <omgdc:Bounds height="55" width="105" x="120" y="40"></omgdc:Bounds>
      </bpmndi:BPMNShape>
      <bpmndi:BPMNEdge bpmnElement="flow5" id="BPMNEdge_flow5">
        <omgdi:waypoint x="605" y="95"></omgdi:waypoint>
        <omgdi:waypoint x="605" y="150"></omgdi:waypoint>
      </bpmndi:BPMNEdge>
      <bpmndi:BPMNEdge bpmnElement="flow3" id="BPMNEdge_flow3">
        <omgdi:waypoint x="385" y="67"></omgdi:waypoint>
        <omgdi:waypoint x="440" y="67"></omgdi:waypoint>
      </bpmndi:BPMNEdge>
      <bpmndi:BPMNEdge bpmnElement="flow1" id="BPMNEdge_flow1">
        <omgdi:waypoint x="75" y="67"></omgdi:waypoint>
        <omgdi:waypoint x="120" y="67"></omgdi:waypoint>
      </bpmndi:BPMNEdge>
      <bpmndi:BPMNEdge bpmnElement="flow_agree" id="BPMNEdge_flow_agree">
        <omgdi:waypoint x="480" y="67"></omgdi:waypoint>
        <omgdi:waypoint x="540" y="67"></omgdi:waypoint>
        <bpmndi:BPMNLabel>
          <omgdc:Bounds height="14" width="100" x="-20" y="-17"></omgdc:Bounds>
        </bpmndi:BPMNLabel>
      </bpmndi:BPMNEdge>
      <bpmndi:BPMNEdge bpmnElement="flow_disagree" id="BPMNEdge_flow_disagree">
        <omgdi:waypoint x="460" y="87"></omgdi:waypoint>
        <omgdi:waypoint x="460" y="167"></omgdi:waypoint>
        <omgdi:waypoint x="588" y="167"></omgdi:waypoint>
        <bpmndi:BPMNLabel>
          <omgdc:Bounds height="14" width="100" x="-4" y="-17"></omgdc:Bounds>
        </bpmndi:BPMNLabel>
      </bpmndi:BPMNEdge>
      <bpmndi:BPMNEdge bpmnElement="flow2" id="BPMNEdge_flow2">
        <omgdi:waypoint x="225" y="67"></omgdi:waypoint>
        <omgdi:waypoint x="280" y="67"></omgdi:waypoint>
      </bpmndi:BPMNEdge>
    </bpmndi:BPMNPlane>
  </bpmndi:BPMNDiagram>
</definitions>