<?xml version="1.0" encoding="UTF-8"?>

<definitions xmlns="http://www.omg.org/spec/BPMN/20100524/MODEL" xmlns:xsi="http://www.w3.org/2001/XMLSchema-instance" xmlns:activiti="http://activiti.org/bpmn" xmlns:bpmndi="http://www.omg.org/spec/BPMN/20100524/DI" xmlns:omgdc="http://www.omg.org/spec/DD/20100524/DC" xmlns:omgdi="http://www.omg.org/spec/DD/20100524/DI" typeLanguage="http://www.w3.org/2001/XMLSchema" expressionLanguage="http://www.w3.org/1999/XPath" targetNamespace="http://www.activiti.org/test">
  <process id="BMQJ" name="部门内部请假流程" activiti:bpmType="1">
    <endEvent id="node3" name="结束"/>
    <startEvent id="node4" name="开始"/>
    <userTask id="node5" name="审批" activiti:user="hedong" activiti:roleIds="" activiti:formUrl="www.baidu.com" activiti:taskType="bpm_exa_approve" activiti:param="">
      <extensionElements>
        <activiti:taskListener event="create" expression="${taskAssignHandler.createTaskListener(task)}"/>
        <activiti:taskListener event="assignment" expression="${taskAssignHandler.assignTaskListener(task)}"/>
        <activiti:taskListener event="complete" expression="${taskAssignHandler.completeTaskListener(task)}"/>
        <activiti:executionListener expression="${taskAssignHandler.executionStart(execution)}" event="start"/>
      </extensionElements>
    </userTask>
    <sequenceFlow id="flow1" name="" sourceRef="node4" targetRef="node5"/>
    <sequenceFlow id="flow2" name="" sourceRef="node5" targetRef="node3"/>
  </process>  
  <bpmndi:BPMNDiagram id="BPMNDiagram_BMQJ">
    <bpmndi:BPMNPlane bpmnElement="BMQJ" id="BPMNPlane_BMQJ">
      <bpmndi:BPMNShape bpmnElement="node3" id="BPMNShape_node3">
        <omgdc:Bounds height="60" width="100" x="354" y="27"/>
      </bpmndi:BPMNShape>
      <bpmndi:BPMNShape bpmnElement="node4" id="BPMNShape_node4">
        <omgdc:Bounds height="60" width="100" x="36" y="26"/>
      </bpmndi:BPMNShape>
      <bpmndi:BPMNShape bpmnElement="node5" id="BPMNShape_node5">
        <omgdc:Bounds height="60" width="100" x="198" y="27"/>
      </bpmndi:BPMNShape>
      <bpmndi:BPMNEdge bpmnElement="flow1" id="BPMNEdge_flow1">
        <omgdi:waypoint x="86" y="56"/>
        <omgdi:waypoint x="248" y="57"/>
      </bpmndi:BPMNEdge>
      <bpmndi:BPMNEdge bpmnElement="flow2" id="BPMNEdge_flow2">
        <omgdi:waypoint x="248" y="57"/>
        <omgdi:waypoint x="404" y="57"/>
      </bpmndi:BPMNEdge> 
    </bpmndi:BPMNPlane>
  </bpmndi:BPMNDiagram>
</definitions>
