<?xml version="1.0" encoding="UTF-8"?>
<mxGraphModel dx="794" dy="532" grid="1" gridSize="10" guides="1" tooltips="1" connect="1" fold="0" page="1" pageScale="1" pageWidth="710" pageHeight="420" style="default-style2" math="0"><root><mxCell id="e65a11cc877655f-0"/><mxCell id="e65a11cc877655f-1" parent="e65a11cc877655f-0"/><mxCell id="e65a11cc877655f-3" value="Configuración del sistema" style="swimlane;html=1;horizontal=0;startSize=20" vertex="1" parent="e65a11cc877655f-1"><mxGeometry x="10" y="10" width="690" height="200" as="geometry"/></mxCell><mxCell id="e65a11cc877655f-5" value="Selección de opciones de preprocesamiento NLP" style="shape=ext;rounded=1;html=1;whiteSpace=wrap;" vertex="1" parent="e65a11cc877655f-3"><mxGeometry x="50" y="70" width="140" height="60" as="geometry"/></mxCell><mxCell id="e65a11cc877655f-12" value="" style="shape=mxgraph.bpmn.shape;html=1;verticalLabelPosition=bottom;verticalAlign=top;perimeter=ellipsePerimeter;outline=standard;symbol=general;" vertex="1" parent="e65a11cc877655f-3"><mxGeometry x="105" y="15" width="30" height="30" as="geometry"/></mxCell><mxCell id="e65a11cc877655f-13" value="" style="endArrow=block;endFill=1;endSize=6;html=1;" edge="1" parent="e65a11cc877655f-3" source="e65a11cc877655f-12" target="e65a11cc877655f-5"><mxGeometry relative="1" as="geometry"><mxPoint x="130" y="30" as="sourcePoint"/><mxPoint x="230" y="30" as="targetPoint"/></mxGeometry></mxCell><mxCell id="e65a11cc877655f-14" value="Selección de opciones de extracción de características" style="shape=ext;rounded=1;html=1;whiteSpace=wrap;" vertex="1" parent="e65a11cc877655f-3"><mxGeometry x="220" y="70" width="130" height="60" as="geometry"/></mxCell><mxCell id="e65a11cc877655f-21" value="Selección de opciones de aprendizaje" style="shape=ext;rounded=1;html=1;whiteSpace=wrap;" vertex="1" parent="e65a11cc877655f-3"><mxGeometry x="360" y="70" width="140" height="60" as="geometry"/></mxCell><mxCell id="e65a11cc877655f-4" value="Procesamiento" style="swimlane;html=1;horizontal=0;startSize=20" vertex="1" parent="e65a11cc877655f-1"><mxGeometry x="10" y="210" width="690" height="200" as="geometry"/></mxCell><mxCell id="e65a11cc877655f-6" value="Base de Entramiento" style="shape=note;whiteSpace=wrap;size=16;html=1;" vertex="1" parent="e65a11cc877655f-4"><mxGeometry x="80" y="-20" width="80" height="60" as="geometry"/></mxCell><mxCell id="e65a11cc877655f-7" value="" style="html=1;shape=singleArrow;arrowWidth=0.4;arrowSize=0.4;" vertex="1" parent="e65a11cc877655f-6"><mxGeometry width="14" height="14" relative="1" as="geometry"><mxPoint x="2" y="2" as="offset"/></mxGeometry></mxCell><mxCell id="e65a11cc877655f-8" value="" style="html=1;whiteSpace=wrap;shape=parallelMarker;" vertex="1" parent="e65a11cc877655f-6"><mxGeometry x="0.5" y="1" width="14" height="14" relative="1" as="geometry"><mxPoint x="-7" y="-14" as="offset"/></mxGeometry></mxCell><mxCell id="e65a11cc877655f-9" value="Aplicar tareas de preprocesamiento" style="shape=ext;rounded=1;html=1;whiteSpace=wrap;" vertex="1" parent="e65a11cc877655f-4"><mxGeometry x="65" y="80" width="110" height="60" as="geometry"/></mxCell><mxCell id="e65a11cc877655f-11" value="" style="endArrow=block;endFill=1;endSize=6;html=1;" edge="1" parent="e65a11cc877655f-4" source="e65a11cc877655f-6" target="e65a11cc877655f-9"><mxGeometry relative="1" as="geometry"><mxPoint x="-20" y="-210" as="sourcePoint"/><mxPoint x="80" y="-210" as="targetPoint"/></mxGeometry></mxCell><mxCell id="e65a11cc877655f-16" value="Vectorización" style="shape=ext;rounded=1;html=1;whiteSpace=wrap;" vertex="1" parent="e65a11cc877655f-4"><mxGeometry x="280" y="80" width="120" height="60" as="geometry"/></mxCell><mxCell id="e65a11cc877655f-23" value="Entrenamiento" style="shape=ext;rounded=1;html=1;whiteSpace=wrap;" vertex="1" parent="e65a11cc877655f-4"><mxGeometry x="440" y="80" width="100" height="60" as="geometry"/></mxCell><mxCell id="e65a11cc877655f-28" value="Base de conocimiento" style="shape=note;whiteSpace=wrap;size=16;html=1;" vertex="1" parent="e65a11cc877655f-4"><mxGeometry x="590" y="70" width="80" height="80" as="geometry"/></mxCell><mxCell id="e65a11cc877655f-29" value="" style="html=1;shape=singleArrow;arrowWidth=0.4;arrowSize=0.4;" vertex="1" parent="e65a11cc877655f-28"><mxGeometry width="14" height="14" relative="1" as="geometry"><mxPoint x="2" y="2" as="offset"/></mxGeometry></mxCell><mxCell id="e65a11cc877655f-30" value="" style="html=1;whiteSpace=wrap;shape=parallelMarker;" vertex="1" parent="e65a11cc877655f-28"><mxGeometry x="0.5" y="1" width="14" height="14" relative="1" as="geometry"><mxPoint x="-7" y="-14" as="offset"/></mxGeometry></mxCell><mxCell id="e65a11cc877655f-31" value="" style="endArrow=block;endFill=1;endSize=6;html=1;" edge="1" parent="e65a11cc877655f-4" source="e65a11cc877655f-23" target="e65a11cc877655f-28"><mxGeometry relative="1" as="geometry"><mxPoint x="490" y="110" as="sourcePoint"/><mxPoint x="590" y="110" as="targetPoint"/></mxGeometry></mxCell><mxCell id="e65a11cc877655f-35" value="" style="shape=mxgraph.bpmn.shape;html=1;verticalLabelPosition=bottom;verticalAlign=top;perimeter=ellipsePerimeter;outline=end;symbol=general;" vertex="1" parent="e65a11cc877655f-4"><mxGeometry x="615" y="10" width="30" height="30" as="geometry"/></mxCell><mxCell id="e65a11cc877655f-36" value="" style="endArrow=block;endFill=1;endSize=6;html=1;" edge="1" parent="e65a11cc877655f-4" source="e65a11cc877655f-28" target="e65a11cc877655f-35"><mxGeometry relative="1" as="geometry"><mxPoint x="630" y="110" as="sourcePoint"/><mxPoint x="730" y="110" as="targetPoint"/></mxGeometry></mxCell><mxCell id="e65a11cc877655f-10" value="" style="endArrow=block;endFill=1;endSize=6;html=1;" edge="1" parent="e65a11cc877655f-1" source="e65a11cc877655f-5" target="e65a11cc877655f-6"><mxGeometry relative="1" as="geometry"><mxPoint x="-10" y="10" as="sourcePoint"/><mxPoint x="90" y="10" as="targetPoint"/></mxGeometry></mxCell><mxCell id="e65a11cc877655f-15" value="" style="endArrow=block;endFill=1;endSize=6;html=1;entryX=0.25;entryY=1" edge="1" parent="e65a11cc877655f-1" source="e65a11cc877655f-9" target="e65a11cc877655f-14"><mxGeometry relative="1" as="geometry"><mxPoint x="140" y="310" as="sourcePoint"/><mxPoint x="240" y="310" as="targetPoint"/><Array as="points"><mxPoint x="263" y="320"/></Array></mxGeometry></mxCell><mxCell id="e65a11cc877655f-17" value="" style="endArrow=block;endFill=1;endSize=6;html=1;exitX=0.75;exitY=1;entryX=0.317;entryY=0;entryPerimeter=0" edge="1" parent="e65a11cc877655f-1" source="e65a11cc877655f-14" target="e65a11cc877655f-16"><mxGeometry relative="1" as="geometry"><mxPoint x="310" y="110" as="sourcePoint"/><mxPoint x="410" y="110" as="targetPoint"/></mxGeometry></mxCell><mxCell id="e65a11cc877655f-22" value="" style="endArrow=block;endFill=1;endSize=6;html=1;exitX=0.833;exitY=0;exitPerimeter=0;entryX=0.143;entryY=1;entryPerimeter=0" edge="1" parent="e65a11cc877655f-1" source="e65a11cc877655f-16" target="e65a11cc877655f-21"><mxGeometry relative="1" as="geometry"><mxPoint x="390" y="310" as="sourcePoint"/><mxPoint x="390" y="150" as="targetPoint"/></mxGeometry></mxCell><mxCell id="e65a11cc877655f-24" value="" style="endArrow=block;endFill=1;endSize=6;html=1;exitX=0.75;exitY=1;entryX=0.25;entryY=0" edge="1" parent="e65a11cc877655f-1" source="e65a11cc877655f-21" target="e65a11cc877655f-23"><mxGeometry relative="1" as="geometry"><mxPoint x="470" y="130" as="sourcePoint"/><mxPoint x="570" y="130" as="targetPoint"/></mxGeometry></mxCell></root></mxGraphModel>