{
	"title":"Choreography",
	"title_de":"Choreographie",
	"namespace":"http://oryx-editor.org/stencilsets/extensions/bpmn2.0choreography#",
	"description":"Adds support for Choreography-Diagrams to BPMN 2.0",
	"extends":"http://b3mn.org/stencilset/bpmn2.0#",
	"propertyPackages" : [
	],
	"stencils":[
		{
			"type" : "node",
			"id" : "ChoreographyTask",
			"title" : "Choreography Task",
			"title_de" : "Choreographie-Aufgabe",
			"groups" : ["Choreography"],
			"groups_de" : ["Choreographie"],
            "position" : -4,
			"description" : "A choreography task represents an interaction, which is a coherent set (1 or more) of message exchanges between two or more participants. The white participant initiates the interaction.",
			"description_de" : "Eine Choreographie-Aufgabe repräsentiert eine Interaktion (Nachrichtenaustausch) zwischen zwei oder mehr Beteiligten. Der weiß gekennzeichnete Beteiligte initiiert die Interaktion.",
			"view" : "../../extensions/bpmn2.0choreography/view/choreography.task.svg",
			"icon" : "../../extensions/bpmn2.0choreography/icons/choreography.task.png",
			"layout":[{"type":"layout.bpmn2_0.choreography.task"}],
			"properties" : [
				{
					"id":"name",
					"type":"String",
					"title":"Name",
					"value":"",
					"description":"The descriptive name of the choreography task.",
					"description_de":"Bezeichnung des Choreographie-Tasks.",
					"readonly":false,
					"optional":true,
					"length":"",
					"wrapLines" : true,
					"refToView":"text_name"	
				},
				{
					"id":"documentation",
					"type":"Text",
					"title":"Documentation",
					"title_de":"Dokumentation",
					"value":"",
					"description":"This attribute is used to annotate the BPMN element, such as descriptions and other documentation.",
					"description_de":"Der Modellierer kann weiteren Text zur Dokumentation des BPMN-Elementes einfügen.",
					"readonly":false,
					"optional":true,
					"length":"",
					"wrapLines":true,
					"popular":true
				},
				{
					"id":"loopType",
					"type":"Choice",
					"title":"Loop type",
					"title_de":"Schleifentyp",
					"value":"None",
					"description":"",
					"readonly":false,
					"optional":false,
					"refToView":"",
					"items": [
						{
							"id":"c1",
							"title":"None",
							"title_de":"Keine Schleife",
							"value":"None"
						},
						{
							"id":"c2",
							"title":"Standard",
							"title_de":"Standard",
							"value":"Standard",
							"icon" : "/activity/list/looptype.standard.png",
							"refToView":"loop"
						},
						{
							"id":"c3",
							"title":"MI Parallel",
							"title_de":"MI parallel",
							"value":"MultiInstance",
							"icon" : "/activity/list/mi.parallel.png",
							"refToView":"mi"
						},
						{
							"id":"c4",
							"title":"MI Sequential",
							"title_de":"MI sequentialisiert",
							"value":"Sequential",
							"icon" : "activity/list/mi.sequential.png",
							"refToView":"sequential"
						}
					]
				},
				{
					"id":"callAcitivity",
					"type":"Boolean",
					"title":"Is a call activity",
					"title_de":"Ist eine Aufruf-Aktivität",
					"value":0,
					"description":"A call activity is a wrapper for a globally defined subprocess that is reused in the current process.",
					"description_de":"Eine Aufruf-Aktivität repräsentiert einen global definierten Teilprozess oder eine global definierte Aufgabe, der bzw. die im aktuellen Prozess verwendet wird.",
					"readonly":false,
					"optional":"true",
					"refToView":"callActivity"
				},
				{
					"id":"bgColor",
					"type":"Color",
					"title":"Background color",
					"title_de":"Hintergrundfarbe",
					"value":"#ffffff",
					"description":"Change the background color for a visual differentiation.",
					"description_de":"Verändern Sie die Hintergrundfarbe für eine visuelle Unterscheidung.",
					"readonly":false,
					"optional":false,
					"refToView": "fill_el",
					"fill":true,
					"stroke":false
				},
				{
					"id":"bordercolor",
					"type":"Color",
					"title":"Border color",
					"title_de":"Rahmenfarbe",
					"value":"#000000",
					"description":"Change the border color for a visual differentiation.",
					"description_de":"Ändern Sie die Rahmenfarbe für eine visuelle Unterscheidung.",
					"readonly":false,
					"optional":false,
					"refToView":["bg_frame", "callActivity", "loop_path", "mi_path", "mi_sequential_path"],
					"fill":false,
					"stroke":true
				},
				{
					"id" : "messageFlow",
					"type" : "String",
					"title" : "Message Flow",
					"title_de" : "Nachrichtenfluss",
					"value" : "",
					"description" : "A Message Flow represents the transmission of a Message between Collaboration Participants.",
					"description_de" : "Ein Nachrichtenfluss beschreibt den Austausch einer Nachricht unter mehreren Kollaborationsteilnehmern.",
					"readonly" : false,
					"optional" : false
				}
			],
			"roles" : [
				"all",
				"ChoreographyMorph",
				"ChoreographyElement",
				"choreography_sequence_start",
				"choreography_sequence_end",
				"choreography_messageflow_start",
				"choreography_messageflow_end"
			]
		},
		{
			"type" : "node",
			"id" : "ChoreographySubprocessCollapsed",
			"title" : "Choreography Subprocess (collapsed)",
			"title_de" : "Choreographie-Unterprozess (zugeklappt)",
			"groups" : ["Choreography"],
			"groups_de" : ["Choreographie"],
            "position" : -3,
			"description" : "A Choreography Subprocess contains a refined choreography with several interactions. Another diagram can be linked via the + symbol. The white participant initiates the interaction.",
			"description_de" : "Ein Choreographie-Unterprozess enthält eine verfeinerte Choreographie mit mehreren Interaktionen zwischen Kommunikationspartnern. Ein weiteres Diagramm kann mit dem + Symbol verknüpft werden. Der weiß gekennzeichnete Beteiligte initiiert die Interaktion.",
			"view" : "../../extensions/bpmn2.0choreography/view/choreography.subprocess.collapsed.svg",
			"icon" : "../../extensions/bpmn2.0choreography/icons/choreography.subprocess.collapsed.png",
			"layout":[
				{"type":"layout.bpmn2_0.choreography.task"},
				{"type":"layout.bpmn2_0.choreography.subprocess.collapsed"}],
			"properties" : [
				{
					"id":"name",
					"type":"String",
					"title":"Name",
					"value":"",
					"description":"The descriptive name of the choreography task.",
					"description_de":"Bezeichnung der Choreographie-Aktivität.",
					"readonly":false,
					"optional":true,
					"length":"",
					"wrapLines" : true,
					"refToView":"text_name"	
				},
				{
					"id":"documentation",
					"type":"Text",
					"title":"Documentation",
					"title_de":"Dokumentation",
					"value":"",
					"description":"This attribute is used to annotate the BPMN element, such as descriptions and other documentation.",
					"description_de":"Der Modellierer kann weiteren Text zur Dokumentation des BPMN-Elementes einfügen.",
					"readonly":false,
					"optional":true,
					"length":"",
					"wrapLines":true,
					"popular":true
				},
				{
					"id":"loopType",
					"type":"Choice",
					"title":"Loop type",
					"title_de":"Schleifentyp",
					"value":"None",
					"description":"A choreography activity may be performed once or may be repeated. The loop type attribute will determine the appropriate marker for the choreography activity.",
					"description_de":"Eine Choreographie-Aktivität kann ein- oder mehrfach ausgeführt werden. Der Schleifentyp gibt an, ob die Instanzen parallel oder sequentiell ausgeführt werden un dob es eine bestimmte Anzahl der Instanzen gibt.",
					"readonly":false,
					"optional":false,
					"refToView":"",
					"items": [
						{
							"id":"c1",
							"title":"None",
							"title_de":"Keine Schleife",
							"value":"None"
						},
						{
							"id":"c2",
							"title":"Standard",
							"title_de":"Standard",
							"value":"Standard",
							"icon" : "/activity/list/looptype.standard.png",
							"refToView":"loop"
						},
						{
							"id":"c3",
							"title":"MI Parallel",
							"title_de":"MI parallel",
							"value":"MultiInstance",
							"icon" : "/activity/list/mi.parallel.png",
							"refToView":"mi"
						},
						{
							"id":"c4",
							"title":"MI Sequential",
							"title_de":"MI sequentialisiert",
							"value":"sequential",
							"icon" : "activity/list/mi.sequential.png",
							"refToView":"sequential"
						}
					]
				},
				{
					"id":"callAcitivity",
					"type":"Boolean",
					"title":"Is a call activity",
					"title_de":"Ist eine Aufruf-Aktivität",
					"value":0,
					"description":"A call activity is a wrapper for a globally defined subprorocess that is reused in the current process.",
					"description_de":"Eine Aufruf-Aktivität repräsentiert einen global definierten Teilprozess oder eine global definierte Aufgabe, der bzw. die im aktuellen Prozess verwendet wird.",
					"readonly":false,
					"optional":"true",
					"refToView":"callActivity"
				},
				{
					"id":"bgColor",
					"type":"Color",
					"title":"Background color",
					"title_de":"Hintergrundfarbe",
					"value":"#ffffff",
					"description":"Change the background color for a visual differentiation.",
					"description_de":"Verändern Sie die Hintergrundfarbe für eine visuelle Unterscheidung.",
					"readonly":false,
					"optional":false,
					"refToView": "fill_el",
					"fill":true,
					"stroke":false
				},
				{
					"id":"bordercolor",
					"type":"Color",
					"title":"Border color",
					"title_de":"Rahmenfarbe",
					"value":"#000000",
					"description":"Change the border color for a visual differentiation.",
					"description_de":"Ändern Sie die Rahmenfarbe für eine visuelle Unterscheidung.",
					"readonly":false,
					"optional":false,
					"refToView":["bg_frame", "callActivity", "plus_marker_border", "plus_marker", "loop_path", "mi_path", "mi_sequential_path"],
					"fill":false,
					"stroke":true
				},
				{
					"id":"entry",
					"type":"DiagramLink",
					"title":"Subprocess reference",
					"title_de":"Subprozess-Referenz",
					"value":"",
					"description":"Define a link to a new created or already existing diagram that describes the subprocess.",
					"description_de":"Erstellt einen Link zu einem neuen oder bereits existierenden Diagramm, das den Unterprozess beschreibt.",
					"readonly":false,
					"optional":false,
					"refToView" : "u"
				},
				{
					"id" : "messageFlow",
					"type" : "String",
					"title" : "Message Flow",
					"title_de" : "Nachrichtenfluss",
					"value" : "",
					"description":"Message flow symbolizes information flow across organizational boundaries. Message flow can be attached to pools, activities or message events. The order of message exchanges can be specified by combining message flow and sequence flow.",
					"description_de":"Nachrichtenflüsse symbolisieren Informationen, die über organisatorische Grenzen hinweg fließen. Nachrichtenflüsse können an Pools, AktivitÃ¤ten oder Nachrichten-Ereignissen angeheftet sein. Die Abfolge des Nachrichtenaustauschs kann durch das Kombinieren von Nachrichtenfluss und Sequenzfluss spezifiziert werden.",
					"readonly" : false,
					"optional" : false
				}
			],
			"roles" : [
				"all",
				"ChoreographyMorph",
				"ChoreographyElement",
				"choreography_sequence_start",
				"choreography_sequence_end",
				"choreography_messageflow_start",
				"choreography_messageflow_end"
			]
		},
		{
			"type" : "node",
			"id" : "ChoreographySubprocessExpanded",
			"title" : "Choreography Subprocess (expanded)",
			"title_de" : "Choreographie-Unterprozess (aufgeklappt)",
			"groups" : ["Choreography"],
			"groups_de" : ["Choreographie"],
            "position" : -2,
			"description" : "A choreography subprocess contains a refined choreography with several interactions. An expanded subprocess contains a valid BPMN diagram. The white participant initiates the interaction.",
			"description_de" : "Ein Choreographie-Unterprozess enthält eine verfeinerte Choreographie mit mehreren Interaktionen zwischen Kommunikationspartnern. Ein aufgeklappter Unterprozess enthält in sich ein eigenes BPMN-Diagramm, welches direkt innerhalb modelliert wird. Der weiß gekennzeichnete Beteiligte initiiert die Interaktion.",
			"view" : "../../extensions/bpmn2.0choreography/view/choreography.subprocess.expanded.svg",
			"icon" : "../../extensions/bpmn2.0choreography/icons/choreography.subprocess.expanded.png",
			"layout":[
				{"type":"layout.bpmn2_0.choreography.task"},
				{"type":"layout.bpmn2_0.choreography.subprocess.expanded"},
				{"type" : "layout.bpmn2_0.subprocess"}],
			"properties" : [
				{
					"id":"name",
					"type":"String",
					"title":"Name",
					"value":"",
					"description":"The descriptive name of the choreography task.",
					"description_de":"Bezeichnung der Choreographie-Aktivität.",
					"readonly":false,
					"optional":true,
					"length":"",
					"wrapLines" : true,
					"refToView":"text_name"	
				},
				{
					"id":"documentation",
					"type":"Text",
					"title":"Documentation",
					"title_de":"Dokumentation",
					"value":"",
					"description":"This attribute is used to annotate the BPMN element, such as descriptions and other documentation.",
					"description_de":"Der Modellierer kann weiteren Text zur Dokumentation des BPMN-Elementes einfügen.",
					"readonly":false,
					"optional":true,
					"length":"",
					"wrapLines":true,
					"popular":true
				},
				{
					"id":"loopType",
					"type":"Choice",
					"title":"Loop type",
					"title_de":"Schleifentyp",
					"value":"None",
					"description":"A choreography subprocess MAY be performed once or may be repeated. The loop type attribute will determine the appropriate marker for the choreography subprocess.",
					"description_de":"Ein Choreograpihe-Unterprozess kann ein- oder mehrfach ausgeführt werden. Der Schleifentyp gibt an, ob die Instanzen parallel oder sequentiell ausgeführt werden un dob es eine bestimmte Anzahl der Instanzen gibt.",
					"readonly":false,
					"optional":false,
					"refToView":"",
					"items": [
						{
							"id":"c1",
							"title":"None",
							"title_de":"Keine Schleife",
							"value":"None"
						},
						{
							"id":"c2",
							"title":"Standard",
							"title_de":"Standard",
							"value":"Standard",
							"icon" : "/activity/list/looptype.standard.png",
							"refToView":"loop"
						},
						{
							"id":"c3",
							"title":"MI Parallel",
							"title_de":"MI parallel",
							"value":"MultiInstance",
							"icon" : "/activity/list/mi.parallel.png",
							"refToView":"mi"
						},
						{
							"id":"c4",
							"title":"MI Sequential",
							"title_de":"MI sequentialisiert",
							"value":"sequential",
							"icon" : "activity/list/mi.sequential.png",
							"refToView":"sequential"
						}
					]
				},
				{
					"id":"callAcitivity",
					"type":"Boolean",
					"title":"Is a call-activity",
					"title_de":"Ist eine Aufruf-Aktivität",
					"value":0,
					"description":"A call activity is a wrapper for a globally defined subprocess that is reused in the current process.",
					"description_de":"Eine Aufruf-Aktivität repräsentiert einen global definierten Teilprozess oder eine global definierte Aufgabe, der bzw. die im aktuellen Prozess verwendet wird.",
					"readonly":false,
					"optional":"true",
					"refToView":"callActivity"
				},
				{
					"id":"bgColor",
					"type":"Color",
					"title":"Background color",
					"title_de":"Hintergrundfarbe",
					"value":"#ffffff",
					"description":"Change the background color for a visual differentiation.",
					"description_de":"Verändern Sie die Hintergrundfarbe für eine visuelle Unterscheidung.",
					"readonly":false,
					"optional":false,
					"refToView": "fill_el",
					"fill":true,
					"stroke":false
				},
				{
					"id":"bordercolor",
					"type":"Color",
					"title":"Border color",
					"title_de":"Rahmenfarbe",
					"value":"#000000",
					"description":"Change the border color for a visual differentiation.",
					"description_de":"Ändern Sie die Rahmenfarbe für eine visuelle Unterscheidung.",
					"readonly":false,
					"optional":false,
					"refToView":["bg_frame", "callActivity", "loop_path", "mi_path", "mi_sequential_path"],
					"fill":false,
					"stroke":true
				},
				{
					"id" : "messageFlow",
					"type" : "String",
					"title" : "Message Flow",
					"title_de" : "Nachrichtenfluss",
					"value" : "",
					"description":"Message flow symbolizes information flow across organizational boundaries. Message flow can be attached to pools, activities or message events. The order of message exchanges can be specified by combining message flow and sequence flow.",
					"description_de":"Nachrichtenflüsse symbolisieren Informationen, die über organisatorische Grenzen hinweg fließen. Nachrichtenflüsse können an Pools, Aktivitäten oder Nachrichten-Ereignissen angeheftet sein. Die Abfolge des Nachrichtenaustauschs kann durch das Kombinieren von Nachrichtenfluss und Sequenzfluss spezifiziert werden.",
					"readonly" : false,
					"optional" : false
				}
			],
			"roles" : [
				"all",
				"ChoreographyMorph",
				"ChoreographyElement",
				"choreography_sequence_start",
				"choreography_sequence_end",
				"choreography_messageflow_start",
				"choreography_messageflow_end"
			]
		},
		{
			"type" : "node",
			"id" : "ChoreographyParticipant",
			"title" : "Participant",
			"title_de" : "Teilnehmer",
			"groups" : ["Choreography"],
			"groups_de" : ["Choreographie"],
            "position" : -1,
			"description" : "A choreography activity represents interactions between multiple participants. An interaction can take place between many participants. This modeling element can be embedded into other choreography activities.",
			"description_de" : "Eine Choreographie-Aktivität beschreibt die Interaktionen zwischen mehreren Teilnehmer. Die Interaktion kann zwischen beliebig vielen Teilnehmern erfolgen. Dieses Element kann in bestehende Choreographie-Aktivitäten eingebettet werden.",
			"view" : "../../extensions/bpmn2.0choreography/view/choreography.participant.svg",
			"icon" : "../../extensions/bpmn2.0choreography/icons/choreography.participant.png",
			"properties" : [
				{
					"id":"name",
					"type":"String",
					"title":"Name",
					"value":"",
					"description":"The descriptive name of the BPMN element.",
					"description_de":"Bezeichnung des BPMN-Elementes.",
					"readonly":false,
					"optional":true,
					"length":"",
					"wrapLines" : false,
					"refToView":"text_name"	
				},
				{
					"id":"documentation",
					"type":"Text",
					"title":"Documentation",
					"title_de":"Dokumentation",
					"value":"",
					"description":"This attribute is used to annotate the BPMN element, such as descriptions and other documentation.",
					"description_de":"Der Modellierer kann weiteren Text zur Dokumentation des BPMN-Elementes einfügen.",
					"readonly":false,
					"optional":true,
					"length":"",
					"wrapLines":true,
					"popular":true
				},
				{
					"id" : "initiating",
					"type" : "Boolean",
					"title" : "Initiating",
					"title_de" : "Initiierend",
					"description" : "Determine whether the current participant is the initiator of the activity.",
					"description_de":"Legt fest, ob der aktuell ausgewählte Teilnehmer der Initiator der Aktivität ist.",
					"value" : false,
					"readonly" : false,
					"popular" : true,
					"optional" : true
				},
				{
					"id" : "multiple_instance",
					"type" : "Boolean",
					"title" : "Is multi instance participant",
					"title_de" : "Ist Mehrfach-Beteiligung",
					"value" : false,
					"description" : "Is used to define the multiplicity of a participant.",
					"description_de" : "Legt fest, ob der Teilnehmer mehrfach beteiligt ist (Multi Instance).",
					"readonly" : false,
					"optional" : true,
					"refToView" : "mi"
				},
				{
					"id" : "minimum",
					"type" : "Integer",
					"title" : "Minimum",
					"title_de" : "Minimal-Anzahl",
					"value" : 2,
					"description" : "The minimum attribute defines the minimum number of participants that must be involved in the collaboration.",
					"description_de" : "Legt die minimale Anzahl der Beteiligten an dieser Kollaboration fest.",
					"readonly" : false,
					"optional" : true
				},
				{
					"id" : "maximum",
					"type" : "Integer",
					"title" : "Maximum",
					"title_de" : "Maximal-Anzahl",
					"value" : 2,
					"description" : "The maximum attribute defines the maximum number of participants that may be involved in the collaboration.",
					"description_de" : "Legt die maximale Anzahl der Beteiligten fest, die an dieser Kollaboration teilnehmen.",
					"readonly" : false,
					"optional" : true
				},
				{
					"id":"corners",
					"type":"Choice",
					"title":"Corners",
					"value":"None",
					"description":"Defines which corners of the participant rectangle should be rounded. For internal use only.",
					"description_de":"",
					"visible":false,
					"readonly":false,
					"optional":false,
					"items": [
						{
							"id":"c1",
							"title":"Top",
							"value":"Top",
							"refToView":"roundedOnTop"
						},
						{
							"id":"c2",
							"title":"Bottom",
							"value":"Bottom",
							"refToView":"roundedOnBottom"
						},
						{
							"id":"c3",
							"title":"None",
							"value":"None",
							"refToView": [
								"roundedOnBottom",
								"roundedOnTop"
							]
						}
					]	
				},
				{
					"id":"color",
					"type":"Color",
					"title":"Participant color",
					"title_de":"Teilnehmerfarbe",
					"value":"#c6c6c6",
					"description":"Change the background color for a visual differentiation.",
					"description_de":"Verändern Sie die Hintergrundfarbe für eine visuelle Unterscheidung.",
					"readonly":false,
					"optional":false,
					"visible":false,
					"refToView": [
						"roundedOnTop",
						"fill_el",
						"fill_el_top"
					],
					"fill":true,
					"stroke":false
				},
				{
					"id":"bordercolor",
					"type":"Color",
					"title":"Border color",
					"title_de":"Rahmenfarbe",
					"value":"#000000",
					"description":"Change the border color for a visual differentiation.",
					"description_de":"Ändern Sie die Rahmenfarbe für eine visuelle Unterscheidung.",
					"readonly":false,
					"optional":false,
					"refToView":["roundedOnTop", "roundedOnBottom", "roundedBgRect"],
					"fill":false,
					"stroke":true
				}	
			],
			"roles" : [
				"ChoreographyElement"
			]
		}
	],
	"properties":[],
	"rules": {
		"connectionRules": [],
        "cardinalityRules": [],
		"containmentRules": []
	},
	"removestencils": [
		"Task",
		"CollapsedSubprocess",
		"Subprocess",
		"CollapsedEventSubprocess",
		"EventSubprocess",
		"Pool",
		"Lane",
		"CollapsedPool",
		"processparticipant",
		"StartEscalationEvent",
		"StartCompensationEvent",
		"MessageFlow",
		"Association_Bidirectional",
		"IntermediateSignalEventThrowing",
		"IntermediateMultipleEventThrowing",
		"IntermediateCompensationEventThrowing",
		"IntermediateMessageEventThrowing",
		"DataStore",
		"DataObject",
		"StartMessageEvent",
		"StartErrorEvent",
		"EndMessageEvent",
		"EndErrorEvent",
		"EndEscalationEvent",
		"EndCancelEvent",
		"EndCompensationEvent",
		"EndSignalEvent",
		"EndMultipleEvent"
	],
	"removeproperties": []
}
