<?xml version="1.0" encoding="UTF-8"?>
<definitions xmlns="http://www.omg.org/spec/BPMN/20100524/MODEL" xmlns:xsi="http://www.w3.org/2001/XMLSchema-instance" xmlns:xsd="http://www.w3.org/2001/XMLSchema" xmlns:activiti="http://activiti.org/bpmn" xmlns:bpmndi="http://www.omg.org/spec/BPMN/20100524/DI" xmlns:omgdc="http://www.omg.org/spec/DD/20100524/DC" xmlns:omgdi="http://www.omg.org/spec/DD/20100524/DI" typeLanguage="http://www.w3.org/2001/XMLSchema" expressionLanguage="http://www.w3.org/1999/XPath" targetNamespace="Examples" xsi:schemaLocation="http://www.omg.org/spec/BPMN/20100524/MODEL                http://www.omg.org/spec/BPMN/2.0/20100501/BPMN20.xsd">
  <process id="rongdu.forLeave" name="融都请假流程" isExecutable="true">
    <startEvent id="startEvent1" name="Start"></startEvent>
    <userTask id="forLeave_submit" name="请假申请"></userTask>
    <userTask id="superior_manager" name="上级领导审批"></userTask>
    <userTask id="hr_manager" name="人事经理审批"></userTask>
    <userTask id="president" name="总裁审批"></userTask>
    <userTask id="CEO" name="CEO审批"></userTask>
    <userTask id="hr" name="考勤"></userTask>
    <userTask id="pigeonhole" name="归档"></userTask>
    <endEvent id="endEvent1" name="End"></endEvent>
    <exclusiveGateway id="ex2" name="上级审批互斥途径"></exclusiveGateway>
    <exclusiveGateway id="ex3" name="总裁审批互斥途径"></exclusiveGateway>
    <exclusiveGateway id="ex4" name="CEO审批互斥途径"></exclusiveGateway>
    <exclusiveGateway id="ex6" name="人事经理审批互斥途径"></exclusiveGateway>
    <exclusiveGateway id="ex7" name="考勤互斥途径"></exclusiveGateway>
    <sequenceFlow id="flow0" sourceRef="startEvent1" targetRef="forLeave_submit"></sequenceFlow>
    <sequenceFlow id="flow1" sourceRef="forLeave_submit" targetRef="superior_manager"></sequenceFlow>
    <sequenceFlow id="flow1.1" name="上级互斥节点" sourceRef="superior_manager" targetRef="ex2"></sequenceFlow>
    <sequenceFlow id="flow1.2" name="一天内并且通过" sourceRef="ex2" targetRef="hr">
      <documentation>pass1</documentation>
      <conditionExpression xsi:type="tFormalExpression"><![CDATA[${comment == "pass" && day <= 1}]]></conditionExpression>
    </sequenceFlow>
    <sequenceFlow id="flow1.3" name="1~3/3~5以内通过 " sourceRef="ex2" targetRef="hr_manager">
      <documentation>pass2</documentation>
      <conditionExpression xsi:type="tFormalExpression"><![CDATA[${comment == "pass" && day > 1 && day <= 5}]]></conditionExpression>
    </sequenceFlow>
    <sequenceFlow id="flow1.4" name="5天以上通过 " sourceRef="ex2" targetRef="president">
      <documentation>pass3</documentation>
      <conditionExpression xsi:type="tFormalExpression"><![CDATA[${comment == "pass" && day > 5}]]></conditionExpression>
    </sequenceFlow>
    <sequenceFlow id="flow1.9" name="退回" sourceRef="ex2" targetRef="forLeave_submit">
      <documentation>untread</documentation>
      <conditionExpression xsi:type="tFormalExpression"><![CDATA[${comment == "untread"}]]></conditionExpression>
    </sequenceFlow>
    <sequenceFlow id="flow6" sourceRef="hr_manager" targetRef="ex6"></sequenceFlow>
    <sequenceFlow id="flow6.1" name="人事经理审批通过" sourceRef="ex6" targetRef="hr">
      <documentation>pass</documentation>
      <conditionExpression xsi:type="tFormalExpression"><![CDATA[${comment=="pass"}]]></conditionExpression>
    </sequenceFlow>
    <sequenceFlow id="flow6.9" name="人事经理审退回" sourceRef="ex6" targetRef="forLeave_submit">
      <documentation>untread</documentation>
      <conditionExpression xsi:type="tFormalExpression"><![CDATA[${comment=="untread"}]]></conditionExpression>
    </sequenceFlow>
    <sequenceFlow id="flow3" sourceRef="president" targetRef="ex3"></sequenceFlow>
    <sequenceFlow id="flow3.1" name="总裁审批通过" sourceRef="ex3" targetRef="CEO">
      <documentation>pass</documentation>
      <conditionExpression xsi:type="tFormalExpression"><![CDATA[${comment == "pass"}]]></conditionExpression>
    </sequenceFlow>
    <sequenceFlow id="flow3.9" name="总裁审批退回" sourceRef="ex3" targetRef="forLeave_submit">
      <documentation>untread</documentation>
      <conditionExpression xsi:type="tFormalExpression"><![CDATA[${comment=="untread"}]]></conditionExpression>
    </sequenceFlow>
    <sequenceFlow id="flow4" sourceRef="CEO" targetRef="ex4"></sequenceFlow>
    <sequenceFlow id="flow4.1" name="CEO审批通过" sourceRef="ex4" targetRef="hr_manager">
      <documentation>pass</documentation>
      <conditionExpression xsi:type="tFormalExpression"><![CDATA[${comment == "pass"}]]></conditionExpression>
    </sequenceFlow>
    <sequenceFlow id="flow4.9" name="CEO审批退回" sourceRef="ex4" targetRef="forLeave_submit">
      <documentation>untread</documentation>
      <conditionExpression xsi:type="tFormalExpression"><![CDATA[${comment=="untread"}]]></conditionExpression>
    </sequenceFlow>
    <sequenceFlow id="flow7" sourceRef="hr" targetRef="ex7"></sequenceFlow>
    <sequenceFlow id="flow7.1" name="考勤通过" sourceRef="ex7" targetRef="pigeonhole">
      <documentation>pass</documentation>
      <conditionExpression xsi:type="tFormalExpression"><![CDATA[${comment == "pass"}]]></conditionExpression>
    </sequenceFlow>
    <sequenceFlow id="flow7.9" name="考勤退回" sourceRef="ex7" targetRef="forLeave_submit">
      <documentation>untread</documentation>
      <conditionExpression xsi:type="tFormalExpression"><![CDATA[${comment == "untread"}]]></conditionExpression>
    </sequenceFlow>
    <sequenceFlow id="flow0.9" name="归档后结束" sourceRef="pigeonhole" targetRef="endEvent1"></sequenceFlow>
  </process>
  <bpmndi:BPMNDiagram id="BPMNDiagram_rongdu.forLeave">
    <bpmndi:BPMNPlane bpmnElement="rongdu.forLeave" id="BPMNPlane_rongdu.forLeave">
      <bpmndi:BPMNShape bpmnElement="startEvent1" id="BPMNShape_startEvent1">
        <omgdc:Bounds height="35.0" width="35.0" x="33.0" y="180.0"></omgdc:Bounds>
      </bpmndi:BPMNShape>
      <bpmndi:BPMNShape bpmnElement="forLeave_submit" id="BPMNShape_forLeave_submit">
        <omgdc:Bounds height="60.0" width="100.0" x="1.0" y="301.0"></omgdc:Bounds>
      </bpmndi:BPMNShape>
      <bpmndi:BPMNShape bpmnElement="superior_manager" id="BPMNShape_superior_manager">
        <omgdc:Bounds height="60.0" width="100.0" x="190.0" y="301.0"></omgdc:Bounds>
      </bpmndi:BPMNShape>
      <bpmndi:BPMNShape bpmnElement="hr_manager" id="BPMNShape_hr_manager">
        <omgdc:Bounds height="60.0" width="100.0" x="972.0" y="300.0"></omgdc:Bounds>
      </bpmndi:BPMNShape>
      <bpmndi:BPMNShape bpmnElement="president" id="BPMNShape_president">
        <omgdc:Bounds height="60.0" width="100.0" x="480.0" y="300.0"></omgdc:Bounds>
      </bpmndi:BPMNShape>
      <bpmndi:BPMNShape bpmnElement="CEO" id="BPMNShape_CEO">
        <omgdc:Bounds height="60.0" width="100.0" x="732.0" y="300.0"></omgdc:Bounds>
      </bpmndi:BPMNShape>
      <bpmndi:BPMNShape bpmnElement="hr" id="BPMNShape_hr">
        <omgdc:Bounds height="60.0" width="100.0" x="1243.0" y="301.0"></omgdc:Bounds>
      </bpmndi:BPMNShape>
      <bpmndi:BPMNShape bpmnElement="pigeonhole" id="BPMNShape_pigeonhole">
        <omgdc:Bounds height="60.0" width="100.0" x="1540.0" y="301.0"></omgdc:Bounds>
      </bpmndi:BPMNShape>
      <bpmndi:BPMNShape bpmnElement="endEvent1" id="BPMNShape_endEvent1">
        <omgdc:Bounds height="35.0" width="35.0" x="1572.0" y="180.0"></omgdc:Bounds>
      </bpmndi:BPMNShape>
      <bpmndi:BPMNShape bpmnElement="ex2" id="BPMNShape_ex2">
        <omgdc:Bounds height="40.0" width="40.0" x="370.0" y="310.0"></omgdc:Bounds>
      </bpmndi:BPMNShape>
      <bpmndi:BPMNShape bpmnElement="ex3" id="BPMNShape_ex3">
        <omgdc:Bounds height="40.0" width="40.0" x="600.0" y="310.0"></omgdc:Bounds>
      </bpmndi:BPMNShape>
      <bpmndi:BPMNShape bpmnElement="ex4" id="BPMNShape_ex4">
        <omgdc:Bounds height="40.0" width="40.0" x="860.0" y="310.0"></omgdc:Bounds>
      </bpmndi:BPMNShape>
      <bpmndi:BPMNShape bpmnElement="ex6" id="BPMNShape_ex6">
        <omgdc:Bounds height="40.0" width="40.0" x="1100.0" y="310.0"></omgdc:Bounds>
      </bpmndi:BPMNShape>
      <bpmndi:BPMNShape bpmnElement="ex7" id="BPMNShape_ex7">
        <omgdc:Bounds height="40.0" width="40.0" x="1429.0" y="310.0"></omgdc:Bounds>
      </bpmndi:BPMNShape>
      <bpmndi:BPMNEdge bpmnElement="flow0" id="BPMNEdge_flow0">
        <omgdi:waypoint x="50.0" y="215.0"></omgdi:waypoint>
        <omgdi:waypoint x="51.0" y="301.0"></omgdi:waypoint>
      </bpmndi:BPMNEdge>
      <bpmndi:BPMNEdge bpmnElement="flow1" id="BPMNEdge_flow1">
        <omgdi:waypoint x="101.0" y="331.0"></omgdi:waypoint>
        <omgdi:waypoint x="190.0" y="331.0"></omgdi:waypoint>
      </bpmndi:BPMNEdge>
      <bpmndi:BPMNEdge bpmnElement="flow1.1" id="BPMNEdge_flow1.1">
        <omgdi:waypoint x="290.0" y="331.0"></omgdi:waypoint>
        <omgdi:waypoint x="370.0" y="330.0"></omgdi:waypoint>
        <bpmndi:BPMNLabel>
          <omgdc:Bounds height="14.0" width="100.0" x="290.0" y="331.0"></omgdc:Bounds>
        </bpmndi:BPMNLabel>
      </bpmndi:BPMNEdge>
      <bpmndi:BPMNEdge bpmnElement="flow1.2" id="BPMNEdge_flow1.2">
        <omgdi:waypoint x="390.0" y="310.0"></omgdi:waypoint>
        <omgdi:waypoint x="390.0" y="20.0"></omgdi:waypoint>
        <omgdi:waypoint x="1292.0" y="20.0"></omgdi:waypoint>
        <omgdi:waypoint x="1293.0" y="301.0"></omgdi:waypoint>
        <bpmndi:BPMNLabel>
          <omgdc:Bounds height="14.0" width="100.0" x="342.0" y="257.0"></omgdc:Bounds>
        </bpmndi:BPMNLabel>
      </bpmndi:BPMNEdge>
      <bpmndi:BPMNEdge bpmnElement="flow1.3" id="BPMNEdge_flow1.3">
        <omgdi:waypoint x="390.0" y="310.0"></omgdi:waypoint>
        <omgdi:waypoint x="432.0" y="93.0"></omgdi:waypoint>
        <omgdi:waypoint x="1021.0" y="93.0"></omgdi:waypoint>
        <omgdi:waypoint x="1022.0" y="300.0"></omgdi:waypoint>
        <bpmndi:BPMNLabel>
          <omgdc:Bounds height="14.0" width="100.0" x="427.0" y="91.0"></omgdc:Bounds>
        </bpmndi:BPMNLabel>
      </bpmndi:BPMNEdge>
      <bpmndi:BPMNEdge bpmnElement="flow1.4" id="BPMNEdge_flow1.4">
        <omgdi:waypoint x="410.0" y="330.0"></omgdi:waypoint>
        <omgdi:waypoint x="474.0" y="329.0"></omgdi:waypoint>
        <omgdi:waypoint x="474.0" y="329.0"></omgdi:waypoint>
        <omgdi:waypoint x="480.0" y="330.0"></omgdi:waypoint>
        <bpmndi:BPMNLabel>
          <omgdc:Bounds height="14.0" width="100.0" x="410.0" y="330.0"></omgdc:Bounds>
        </bpmndi:BPMNLabel>
      </bpmndi:BPMNEdge>
      <bpmndi:BPMNEdge bpmnElement="flow1.9" id="BPMNEdge_flow1.9">
        <omgdi:waypoint x="390.0" y="350.0"></omgdi:waypoint>
        <omgdi:waypoint x="389.0" y="394.0"></omgdi:waypoint>
        <omgdi:waypoint x="135.0" y="394.0"></omgdi:waypoint>
        <omgdi:waypoint x="51.0" y="361.0"></omgdi:waypoint>
        <bpmndi:BPMNLabel>
          <omgdc:Bounds height="14.0" width="100.0" x="343.0" y="371.0"></omgdc:Bounds>
        </bpmndi:BPMNLabel>
      </bpmndi:BPMNEdge>
      <bpmndi:BPMNEdge bpmnElement="flow6" id="BPMNEdge_flow6">
        <omgdi:waypoint x="1072.0" y="330.0"></omgdi:waypoint>
        <omgdi:waypoint x="1100.0" y="330.0"></omgdi:waypoint>
      </bpmndi:BPMNEdge>
      <bpmndi:BPMNEdge bpmnElement="flow6.1" id="BPMNEdge_flow6.1">
        <omgdi:waypoint x="1140.0" y="330.0"></omgdi:waypoint>
        <omgdi:waypoint x="1243.0" y="331.0"></omgdi:waypoint>
        <bpmndi:BPMNLabel>
          <omgdc:Bounds height="42.0" width="100.0" x="1140.0" y="330.0"></omgdc:Bounds>
        </bpmndi:BPMNLabel>
      </bpmndi:BPMNEdge>
      <bpmndi:BPMNEdge bpmnElement="flow6.9" id="BPMNEdge_flow6.9">
        <omgdi:waypoint x="1120.0" y="350.0"></omgdi:waypoint>
        <omgdi:waypoint x="1119.0" y="438.0"></omgdi:waypoint>
        <omgdi:waypoint x="103.0" y="438.0"></omgdi:waypoint>
        <omgdi:waypoint x="51.0" y="361.0"></omgdi:waypoint>
        <bpmndi:BPMNLabel>
          <omgdc:Bounds height="14.0" width="100.0" x="1072.0" y="359.0"></omgdc:Bounds>
        </bpmndi:BPMNLabel>
      </bpmndi:BPMNEdge>
      <bpmndi:BPMNEdge bpmnElement="flow3" id="BPMNEdge_flow3">
        <omgdi:waypoint x="580.0" y="330.0"></omgdi:waypoint>
        <omgdi:waypoint x="582.0" y="330.0"></omgdi:waypoint>
        <omgdi:waypoint x="600.0" y="330.0"></omgdi:waypoint>
      </bpmndi:BPMNEdge>
      <bpmndi:BPMNEdge bpmnElement="flow3.1" id="BPMNEdge_flow3.1">
        <omgdi:waypoint x="640.0" y="330.0"></omgdi:waypoint>
        <omgdi:waypoint x="732.0" y="330.0"></omgdi:waypoint>
        <bpmndi:BPMNLabel>
          <omgdc:Bounds height="14.0" width="100.0" x="639.0" y="323.0"></omgdc:Bounds>
        </bpmndi:BPMNLabel>
      </bpmndi:BPMNEdge>
      <bpmndi:BPMNEdge bpmnElement="flow3.9" id="BPMNEdge_flow3.9">
        <omgdi:waypoint x="620.0" y="350.0"></omgdi:waypoint>
        <omgdi:waypoint x="620.0" y="409.0"></omgdi:waypoint>
        <omgdi:waypoint x="123.0" y="409.0"></omgdi:waypoint>
        <omgdi:waypoint x="51.0" y="361.0"></omgdi:waypoint>
        <bpmndi:BPMNLabel>
          <omgdc:Bounds height="14.0" width="100.0" x="571.0" y="371.0"></omgdc:Bounds>
        </bpmndi:BPMNLabel>
      </bpmndi:BPMNEdge>
      <bpmndi:BPMNEdge bpmnElement="flow4" id="BPMNEdge_flow4">
        <omgdi:waypoint x="832.0" y="330.0"></omgdi:waypoint>
        <omgdi:waypoint x="822.0" y="330.0"></omgdi:waypoint>
        <omgdi:waypoint x="860.0" y="330.0"></omgdi:waypoint>
      </bpmndi:BPMNEdge>
      <bpmndi:BPMNEdge bpmnElement="flow4.1" id="BPMNEdge_flow4.1">
        <omgdi:waypoint x="900.0" y="330.0"></omgdi:waypoint>
        <omgdi:waypoint x="972.0" y="330.0"></omgdi:waypoint>
        <bpmndi:BPMNLabel>
          <omgdc:Bounds height="14.0" width="100.0" x="900.0" y="330.0"></omgdc:Bounds>
        </bpmndi:BPMNLabel>
      </bpmndi:BPMNEdge>
      <bpmndi:BPMNEdge bpmnElement="flow4.9" id="BPMNEdge_flow4.9">
        <omgdi:waypoint x="880.0" y="350.0"></omgdi:waypoint>
        <omgdi:waypoint x="879.0" y="499.0"></omgdi:waypoint>
        <omgdi:waypoint x="84.0" y="499.0"></omgdi:waypoint>
        <omgdi:waypoint x="51.0" y="361.0"></omgdi:waypoint>
        <bpmndi:BPMNLabel>
          <omgdc:Bounds height="14.0" width="100.0" x="832.0" y="389.0"></omgdc:Bounds>
        </bpmndi:BPMNLabel>
      </bpmndi:BPMNEdge>
      <bpmndi:BPMNEdge bpmnElement="flow7" id="BPMNEdge_flow7">
        <omgdi:waypoint x="1343.0" y="331.0"></omgdi:waypoint>
        <omgdi:waypoint x="1429.0" y="330.0"></omgdi:waypoint>
      </bpmndi:BPMNEdge>
      <bpmndi:BPMNEdge bpmnElement="flow7.1" id="BPMNEdge_flow7.1">
        <omgdi:waypoint x="1469.0" y="330.0"></omgdi:waypoint>
        <omgdi:waypoint x="1540.0" y="331.0"></omgdi:waypoint>
        <bpmndi:BPMNLabel>
          <omgdc:Bounds height="14.0" width="100.0" x="1469.0" y="330.0"></omgdc:Bounds>
        </bpmndi:BPMNLabel>
      </bpmndi:BPMNEdge>
      <bpmndi:BPMNEdge bpmnElement="flow7.9" id="BPMNEdge_flow7.9">
        <omgdi:waypoint x="1449.0" y="350.0"></omgdi:waypoint>
        <omgdi:waypoint x="1450.0" y="550.0"></omgdi:waypoint>
        <omgdi:waypoint x="51.0" y="550.0"></omgdi:waypoint>
        <omgdi:waypoint x="51.0" y="361.0"></omgdi:waypoint>
        <bpmndi:BPMNLabel>
          <omgdc:Bounds height="14.0" width="100.0" x="1449.0" y="350.0"></omgdc:Bounds>
        </bpmndi:BPMNLabel>
      </bpmndi:BPMNEdge>
      <bpmndi:BPMNEdge bpmnElement="flow0.9" id="BPMNEdge_flow0.9">
        <omgdi:waypoint x="1590.0" y="301.0"></omgdi:waypoint>
        <omgdi:waypoint x="1589.0" y="215.0"></omgdi:waypoint>
        <bpmndi:BPMNLabel>
          <omgdc:Bounds height="14.0" width="100.0" x="1590.0" y="301.0"></omgdc:Bounds>
        </bpmndi:BPMNLabel>
      </bpmndi:BPMNEdge>
    </bpmndi:BPMNPlane>
  </bpmndi:BPMNDiagram>
</definitions>