<?xml version="1.0" encoding="UTF-8"?>

<definitions xmlns="http://www.omg.org/spec/BPMN/20100524/MODEL" xmlns:xsi="http://www.w3.org/2001/XMLSchema-instance" xmlns:activiti="http://activiti.org/bpmn" xmlns:bpmndi="http://www.omg.org/spec/BPMN/20100524/DI" xmlns:omgdc="http://www.omg.org/spec/DD/20100524/DC" xmlns:omgdi="http://www.omg.org/spec/DD/20100524/DI" typeLanguage="http://www.w3.org/2001/XMLSchema" expressionLanguage="http://www.w3.org/1999/XPath" targetNamespace="http://www.activiti.org/test">
  <process id="YGQJ" name="员工请假" activiti:bpmType="1748">
    <endEvent id="node1" name="结束"/>
    <startEvent id="node3" name="开始"/>
    <userTask id="node6" name="审查" activiti:user="jg_admin" activiti:roleIds="" activiti:formUrl="offtime.com" activiti:taskType="bpm_investigate" activiti:param="">
      <extensionElements>
        <activiti:taskListener event="create" expression="${taskAssignHandler.createTaskListener(task)}"/>
        <activiti:taskListener event="assignment" expression="${taskAssignHandler.assignTaskListener(task)}"/>
        <activiti:taskListener event="complete" expression="${taskAssignHandler.completeTaskListener(task)}"/>
        <activiti:executionListener expression="${taskAssignHandler.executionStart(execution)}" event="start"/>
      </extensionElements>
    </userTask>
    <userTask id="node7" name="审核" activiti:user="jg_admin" activiti:roleIds="" activiti:formUrl="offtime.com" activiti:taskType="bpm_approve" activiti:param="">
      <extensionElements>
        <activiti:taskListener event="create" expression="${taskAssignHandler.createTaskListener(task)}"/>
        <activiti:taskListener event="assignment" expression="${taskAssignHandler.assignTaskListener(task)}"/>
        <activiti:taskListener event="complete" expression="${taskAssignHandler.completeTaskListener(task)}"/>
        <activiti:executionListener expression="${taskAssignHandler.executionStart(execution)}" event="start"/>
      </extensionElements>
    </userTask>
    <sequenceFlow id="flow2" name="" sourceRef="node3" targetRef="node7"/>
    <sequenceFlow id="flow4" name="" sourceRef="node7" targetRef="node6"/>
    <sequenceFlow id="flow5" name="" sourceRef="node6" targetRef="node1"/>
  </process>  
  <bpmndi:BPMNDiagram id="BPMNDiagram_YGQJ">
    <bpmndi:BPMNPlane bpmnElement="YGQJ" id="BPMNPlane_YGQJ">
      <bpmndi:BPMNShape bpmnElement="node1" id="BPMNShape_node1">
        <omgdc:Bounds height="60" width="100" x="409" y="20"/>
      </bpmndi:BPMNShape>
      <bpmndi:BPMNShape bpmnElement="node3" id="BPMNShape_node3">
        <omgdc:Bounds height="60" width="100" x="17" y="22"/>
      </bpmndi:BPMNShape>
      <bpmndi:BPMNShape bpmnElement="node6" id="BPMNShape_node6">
        <omgdc:Bounds height="60" width="100" x="277" y="21"/>
      </bpmndi:BPMNShape>
      <bpmndi:BPMNShape bpmnElement="node7" id="BPMNShape_node7">
        <omgdc:Bounds height="60" width="100" x="148" y="22"/>
      </bpmndi:BPMNShape>
      <bpmndi:BPMNEdge bpmnElement="flow2" id="BPMNEdge_flow2">
        <omgdi:waypoint x="67" y="52"/>
        <omgdi:waypoint x="198" y="52"/>
      </bpmndi:BPMNEdge>
      <bpmndi:BPMNEdge bpmnElement="flow4" id="BPMNEdge_flow4">
        <omgdi:waypoint x="198" y="52"/>
        <omgdi:waypoint x="327" y="51"/>
      </bpmndi:BPMNEdge>
      <bpmndi:BPMNEdge bpmnElement="flow5" id="BPMNEdge_flow5">
        <omgdi:waypoint x="327" y="51"/>
        <omgdi:waypoint x="459" y="50"/>
      </bpmndi:BPMNEdge> 
    </bpmndi:BPMNPlane>
  </bpmndi:BPMNDiagram>
</definitions>
