{
    "title" : "RuleFlow",
    "namespace":"http://b3mn.org/stencilset/bpmn2.0ruleflow#",
    "description":"A subset of JBPM BPMN2",
    "extends":"http://b3mn.org/stencilset/bpmn2.0#",
    "stencils":[],
    "properties":[],
    "rules": {
        "connectionRules": [],
        "cardinalityRules": [],
        "containmentRules": []
    },
    "removestencilgroups": [
        "Catching Intermediate Events",
        "Throwing Intermediate Events",
        "Service Tasks",
        "Data Objects",
        "Swimlanes",
        "Artifacts",
        "Workflow Patterns"
    ],
    "removestencils": [
        "UserTask",
        "SendTask",
        "ReceiveTask",
        "ManualTask",
        "ServiceTask",
        "StartMessageEvent",
        "StartTimerEvent",
        "StartEscalationEvent",
        "StartConditionalEvent",
        "StartCompensationEvent",
        "StartErrorEvent",
        "StartConditionalEvent",
        "DataObject",
        "EndMessageEvent",
        "EndEscalationEvent",
        "EndCompensationEvent",
        "EndCancelEvent",
        "EndSignalEvent",
        "EventbasedGateway",
        "IntermediateEvent",
        "InclusiveGateway",
        "EndErrorEvent",
        "Subprocess",
        "EventSubprocess",
        "MultipleInstanceSubprocess",
        "AdHocSubprocess",
        "Association_Undirected",
        "Association_Unidirectional",
        "StartSignalEvent",
    ],
    "removeproperties": []
}