<?xml version="1.0" encoding="UTF-8" standalone="yes"?>
<definitions xmlns="http://www.omg.org/spec/BPMN/20100524/MODEL" xmlns:activiti="http://activiti.org/bpmn" xmlns:bpmndi="http://www.omg.org/spec/BPMN/20100524/DI" xmlns:dc="http://www.omg.org/spec/DD/20100524/DC" xmlns:di="http://www.omg.org/spec/DD/20100524/DI" xmlns:tns="http://activiti.org/bpmn20" xmlns:xsd="http://www.w3.org/2001/XMLSchema" xmlns:xsi="http://www.w3.org/2001/XMLSchema-instance" expressionLanguage="http://www.w3.org/1999/XPath" userId="definitions" name="" targetNamespace="http://activiti.org/bpmn20" typeLanguage="http://www.w3.org/2001/XMLSchema">
  <process userId="financialReport" isClosed="false" name="文件处理流程" processType="None">
    <startEvent userId="_7" name="StartEvent"/>
    <serviceTask activiti:exclusive="true" userId="initData" name="initData" activiti:expression="${startListener.listener(execution)}"/>
    <serviceTask activiti:exclusive="true" activiti:expression="${zipParallel.threadInfo(execution)}" userId="zipTask" name="zip"/>
    <serviceTask activiti:exclusive="true" activiti:expression="${convertParallel.threadInfo(execution)}" userId="convertTask" name="convert"/>
    <endEvent activiti:expression="${endListener.listener(execution)}" userId="end" name="结束"/>
    <parallelGateway gatewayDirection="Unspecified" userId="startUpGateway" name="ParallelGateway"/>
    <parallelGateway gatewayDirection="Unspecified" userId="endGateway" name="ParallelGateway"/>
    <sequenceFlow userId="_5" sourceRef="startUpGateway" targetRef="zipTask"/>
    <sequenceFlow userId="_11" sourceRef="startUpGateway" targetRef="convertTask"/>
    <sequenceFlow userId="_15" sourceRef="zipTask" targetRef="endGateway"/>
    <sequenceFlow userId="_20" sourceRef="convertTask" targetRef="endGateway"/>
    <sequenceFlow userId="endFlow" sourceRef="endGateway" targetRef="end"/>
    <sequenceFlow userId="_3" sourceRef="initData" targetRef="startUpGateway"/>
    <sequenceFlow userId="_8" sourceRef="_7" targetRef="initData"/>
  </process>
</definitions>
