<?xml version="1.0" encoding="UTF-8" standalone="yes"?>
<definitions xmlns="http://www.omg.org/spec/BPMN/20100524/MODEL" xmlns:activiti="http://activiti.org/bpmn" xmlns:bpmndi="http://www.omg.org/spec/BPMN/20100524/DI" xmlns:omgdc="http://www.omg.org/spec/DD/20100524/DC" xmlns:omgdi="http://www.omg.org/spec/DD/20100524/DI" xmlns:tns="http://www.activiti.org/test" xmlns:xsd="http://www.w3.org/2001/XMLSchema" xmlns:xsi="http://www.w3.org/2001/XMLSchema-instance" expressionLanguage="http://www.w3.org/1999/XPath" uuid="m1510735001330" name="" targetNamespace="http://www.activiti.org/test" typeLanguage="http://www.w3.org/2001/XMLSchema">
    <process userId="userTask" isClosed="false" isExecutable="true" processType="None">
        <startEvent userId="start" name="StartEvent"/>
        <userTask activiti:exclusive="true" userId="user_approve" name="approving">
            <extensionElements>
                <activiti:taskListener delegateExpression="${createTaskListener}" event="create"/>
                <activiti:taskListener delegateExpression="${completeTaskListener}" event="complete"/>
            </extensionElements>
        </userTask>
        <endEvent userId="end" name="EndEvent"/>
        <sequenceFlow sourceRef="start" targetRef="user_approve"/>
        <sequenceFlow sourceRef="user_approve" targetRef="end"/>
    </process>
</definitions>