<?xml version="1.0" encoding="UTF-8"?>
<definitions userId="definitions"
             targetNamespace="http://activiti.org/bpmn20"
             xmlns="http://www.omg.org/spec/BPMN/20100524/MODEL"
             xmlns:xsi="http://www.w3.org/2001/XMLSchema-instance"
             xmlns:activiti="http://activiti.org/bpmn">

    <process userId="vacationRequest" name="Vacation request">

        <startEvent userId="request" activiti:initiator="employeeName">
            <extensionElements>
                <activiti:formProperty userId="numberOfDays" name="Number of days" type="long" value="1" required="true"/>
                <activiti:formProperty userId="startDate" name="First day of holiday (dd-MM-yyy)" datePattern="dd-MM-yyyy hh:mm" type="date" required="true" />
                <activiti:formProperty userId="vacationMotivation" name="Motivation" type="string" />
            </extensionElements>
        </startEvent>
        <sequenceFlow userId="flow1" sourceRef="request" targetRef="handleRequest" />

        <userTask userId="handleRequest" name="Handle vacation request" >
            <documentation>
                ${employeeName} would like to take ${numberOfDays} day(s) of vacation (Motivation: ${vacationMotivation}).
            </documentation>
            <extensionElements>
                <activiti:formProperty userId="vacationApproved" name="Do you approve this vacation" type="enum" required="true">
                    <activiti:value userId="true" name="Approve" />
                    <activiti:value userId="false" name="Reject" />
                </activiti:formProperty>
                <activiti:formProperty userId="managerMotivation" name="Motivation" type="string" />
            </extensionElements>
            <potentialOwner>
                <resourceAssignmentExpression>
                    <formalExpression>management</formalExpression>
                </resourceAssignmentExpression>
            </potentialOwner>
        </userTask>
        <sequenceFlow userId="flow2" sourceRef="handleRequest" targetRef="requestApprovedDecision" />

        <exclusiveGateway userId="requestApprovedDecision" name="Request approved?" />
        <sequenceFlow userId="flow3" sourceRef="requestApprovedDecision" targetRef="sendApprovalMail">
            <conditionExpression xsi:type="tFormalExpression">${vacationApproved == 'true'}</conditionExpression>
        </sequenceFlow>

        <task userId="sendApprovalMail" name="Send confirmation e-mail" />
        <sequenceFlow userId="flow4" sourceRef="sendApprovalMail" targetRef="theEnd1" />
        <endEvent userId="theEnd1" />

        <sequenceFlow userId="flow5" sourceRef="requestApprovedDecision" targetRef="adjustVacationRequestTask">
            <conditionExpression xsi:type="tFormalExpression">${vacationApproved == 'false'}</conditionExpression>
        </sequenceFlow>

        <userTask userId="adjustVacationRequestTask" name="Adjust vacation request">
            <documentation>
                Your manager has disapproved your vacation request for ${numberOfDays} days.
                Reason: ${managerMotivation}
            </documentation>
            <extensionElements>
                <activiti:formProperty userId="numberOfDays" name="Number of days" value="${numberOfDays}" type="long" required="true"/>
                <activiti:formProperty userId="startDate" name="First day of holiday (dd-MM-yyy)" value="${startDate}" datePattern="dd-MM-yyyy hh:mm" type="date" required="true" />
                <activiti:formProperty userId="vacationMotivation" name="Motivation" value="${vacationMotivation}" type="string" />
                <activiti:formProperty userId="resendRequest" name="Resend vacation request to manager?" type="enum" required="true">
                    <activiti:value userId="true" name="Yes" />
                    <activiti:value userId="false" name="No" />
                </activiti:formProperty>
            </extensionElements>
            <humanPerformer>
                <resourceAssignmentExpression>
                    <formalExpression>${employeeName}</formalExpression>
                </resourceAssignmentExpression>
            </humanPerformer>
        </userTask>
        <sequenceFlow userId="flow6" sourceRef="adjustVacationRequestTask" targetRef="resendRequestDecision" />

        <exclusiveGateway userId="resendRequestDecision" name="Resend request?" />
        <sequenceFlow userId="flow7" sourceRef="resendRequestDecision" targetRef="handleRequest">
            <conditionExpression xsi:type="tFormalExpression">${resendRequest == 'true'}</conditionExpression>
        </sequenceFlow>

        <sequenceFlow userId="flow8" sourceRef="resendRequestDecision" targetRef="theEnd2">
            <conditionExpression xsi:type="tFormalExpression">${resendRequest == 'false'}</conditionExpression>
        </sequenceFlow>
        <endEvent userId="theEnd2" />

    </process>

</definitions>