<?xml version="1.0" encoding="UTF-8"?>
<definitions xmlns="http://www.omg.org/spec/BPMN/20100524/MODEL" xmlns:bpmndi="http://www.omg.org/spec/BPMN/20100524/DI" xmlns:omgdc="http://www.omg.org/spec/DD/20100524/DC" xmlns:omgdi="http://www.omg.org/spec/DD/20100524/DI" xmlns:signavio="http://www.signavio.com" xmlns:xsi="http://www.w3.org/2001/XMLSchema-instance" exporter="Signavio Process Editor, http://www.signavio.com" exporterVersion="" expressionLanguage="http://www.w3.org/1999/XPath" id="sid-a549145f-2159-4995-b7fa-95b9cf74f203" targetNamespace="http://www.signavio.com/bpmn20" typeLanguage="http://www.w3.org/2001/XMLSchema" xsi:schemaLocation="http://www.omg.org/spec/BPMN/20100524/MODEL http://www.omg.org/spec/BPMN/2.0/20100501/BPMN20.xsd">
   <process id="sid-30e47675-8b4a-48eb-b13f-799b80bffa1e" isExecutable="false">
      <startEvent id="sid-1B74AA3B-88FE-4C0B-BEC2-C76C684DFB9E" name="">
         <extensionElements>
            <signavio:signavioMetaData metaKey="bgcolor" metaValue="#ffffff"/>
         </extensionElements>
         <outgoing>sid-E739B07B-4ECF-431E-BDD6-8C36D5A79798</outgoing>
      </startEvent>
      <exclusiveGateway gatewayDirection="Diverging" id="sid-FAEB5E67-0880-454D-AF8E-1DF6C1A6ED43" name="">
         <extensionElements>
            <signavio:signavioMetaData metaKey="bgcolor" metaValue="#ffffff"/>
         </extensionElements>
         <incoming>sid-E739B07B-4ECF-431E-BDD6-8C36D5A79798</incoming>
         <outgoing>sid-5612F326-9421-472B-AFC5-C21234B412DB</outgoing>
         <outgoing>sid-137965A7-D630-46EB-AEA8-6AD29F8792F3</outgoing>
      </exclusiveGateway>
      <userTask completionQuantity="1" id="sid-2E99A411-0AD1-40F4-BE94-0A19A131FF85" implementation="webService" isForCompensation="false" name="Provide additional customer information" startQuantity="1">
         <extensionElements>
            <signavio:signavioMetaData metaKey="bgcolor" metaValue="#ffffcc"/>
         </extensionElements>
         <incoming>sid-5612F326-9421-472B-AFC5-C21234B412DB</incoming>
         <outgoing>sid-8FA71363-ECB3-4EE3-B9A1-E7EE1B41410D</outgoing>
      </userTask>
      <exclusiveGateway gatewayDirection="Converging" id="sid-A0FF08E6-3DF3-4383-952E-499021F6A225" name="">
         <extensionElements>
            <signavio:signavioMetaData metaKey="bgcolor" metaValue="#ffffff"/>
         </extensionElements>
         <incoming>sid-8FA71363-ECB3-4EE3-B9A1-E7EE1B41410D</incoming>
         <incoming>sid-137965A7-D630-46EB-AEA8-6AD29F8792F3</incoming>
         <outgoing>sid-E2DC102D-1AF9-4CB3-B1C5-1729C44DB483</outgoing>
      </exclusiveGateway>
      <subProcess completionQuantity="1" id="sid-CE7E5E0A-F686-4474-AFAB-0ADB732FB210" isForCompensation="false" name="" startQuantity="1">
         <extensionElements>
            <signavio:signavioMetaData metaKey="bgcolor" metaValue="#ffffff"/>
         </extensionElements>
         <incoming>sid-E2DC102D-1AF9-4CB3-B1C5-1729C44DB483</incoming>
         <outgoing>sid-925A71AF-EDE0-4A74-B569-22765013721A</outgoing>
         <startEvent id="sid-960BBDF3-68E9-43AD-9AD9-BB9883971C38" name="">
            <extensionElements>
               <signavio:signavioMetaData metaKey="bgcolor" metaValue="#ffffff"/>
            </extensionElements>
            <outgoing>sid-912639F8-53E9-4E1F-9E52-F42487F4D8B2</outgoing>
         </startEvent>
         <serviceTask completionQuantity="1" id="sid-31BA2817-87D2-4EFB-BC71-1FB7AF1BBDE4" implementation="webService" isForCompensation="false" name="Find customer" startQuantity="1">
            <extensionElements>
               <signavio:signavioMetaData metaKey="bgcolor" metaValue="#ffffcc"/>
            </extensionElements>
            <incoming>sid-912639F8-53E9-4E1F-9E52-F42487F4D8B2</incoming>
            <outgoing>sid-6BC04356-D980-4B71-95E8-84A84329D260</outgoing>
         </serviceTask>
         <exclusiveGateway gatewayDirection="Diverging" id="sid-44D5BBD4-91F8-45C9-A748-A9D768B38D17" name="">
            <extensionElements>
               <signavio:signavioMetaData metaKey="bgcolor" metaValue="#ffffff"/>
            </extensionElements>
            <incoming>sid-6BC04356-D980-4B71-95E8-84A84329D260</incoming>
            <outgoing>sid-346058EA-27EB-4F36-86F2-F19BF33F7C6E</outgoing>
            <outgoing>sid-7A6276EE-AE6F-4A51-97C4-E26D3892001E</outgoing>
         </exclusiveGateway>
         <endEvent id="sid-E42DCAA7-48AC-4426-90CF-0600F5439448" name="">
            <extensionElements>
               <signavio:signavioMetaData metaKey="bgcolor" metaValue="#ffffff"/>
            </extensionElements>
            <incoming>sid-346058EA-27EB-4F36-86F2-F19BF33F7C6E</incoming>
         </endEvent>
         <endEvent id="sid-55D4E914-F8AD-4A35-AA80-B9770FA13AEF" name="">
            <extensionElements>
               <signavio:signavioMetaData metaKey="bgcolor" metaValue="#ffffff"/>
            </extensionElements>
            <incoming>sid-7A6276EE-AE6F-4A51-97C4-E26D3892001E</incoming>
            <errorEventDefinition errorRef="sid-98af9f47-de41-48df-8d1d-6a08bc49bbf9" id="sid-ab92a62f-30a9-4dc5-a65a-149744ad18fb"/>
         </endEvent>
         <sequenceFlow id="sid-912639F8-53E9-4E1F-9E52-F42487F4D8B2" name="" sourceRef="sid-960BBDF3-68E9-43AD-9AD9-BB9883971C38" targetRef="sid-31BA2817-87D2-4EFB-BC71-1FB7AF1BBDE4"/>
         <sequenceFlow id="sid-6BC04356-D980-4B71-95E8-84A84329D260" name="" sourceRef="sid-31BA2817-87D2-4EFB-BC71-1FB7AF1BBDE4" targetRef="sid-44D5BBD4-91F8-45C9-A748-A9D768B38D17"/>
         <sequenceFlow id="sid-346058EA-27EB-4F36-86F2-F19BF33F7C6E" name="Customer found" sourceRef="sid-44D5BBD4-91F8-45C9-A748-A9D768B38D17" targetRef="sid-E42DCAA7-48AC-4426-90CF-0600F5439448"/>
         <sequenceFlow id="sid-7A6276EE-AE6F-4A51-97C4-E26D3892001E" name="Customer not found" sourceRef="sid-44D5BBD4-91F8-45C9-A748-A9D768B38D17" targetRef="sid-55D4E914-F8AD-4A35-AA80-B9770FA13AEF"/>
      </subProcess>
      <serviceTask completionQuantity="1" id="sid-E1D1C549-4D5E-4917-ABAB-FA1EE77BDC53" implementation="webService" isForCompensation="false" name="Add sales opportunity" startQuantity="1">
         <extensionElements>
            <signavio:signavioMetaData metaKey="bgcolor" metaValue="#ffffcc"/>
         </extensionElements>
         <incoming>sid-696865A3-2DA6-4C12-909F-4BF0BE590770</incoming>
         <incoming>sid-925A71AF-EDE0-4A74-B569-22765013721A</incoming>
         <outgoing>sid-082800F0-59B2-4EDD-BEC7-32D147E2B1BA</outgoing>
      </serviceTask>
      <userTask completionQuantity="1" id="sid-B05EA4DB-2B92-40FE-BDC6-F91E4C03E30A" implementation="webService" isForCompensation="false" name="Create a new customer entry" startQuantity="1">
         <extensionElements>
            <signavio:signavioMetaData metaKey="bgcolor" metaValue="#ffffcc"/>
         </extensionElements>
         <incoming>sid-95CA8674-7FF6-4E3C-9CDA-AAEA5AC780F9</incoming>
         <outgoing>sid-696865A3-2DA6-4C12-909F-4BF0BE590770</outgoing>
      </userTask>
      <boundaryEvent attachedToRef="sid-CE7E5E0A-F686-4474-AFAB-0ADB732FB210" cancelActivity="true" id="sid-5533F4BC-E4A0-4041-BD4D-E95090A10C7C" name="" parallelMultiple="false">
         <outgoing>sid-95CA8674-7FF6-4E3C-9CDA-AAEA5AC780F9</outgoing>
         <errorEventDefinition errorRef="sid-7a45ba3f-c4bd-4a4c-b592-0cae2c6c68ae" id="sid-ebf0c049-8509-4f36-ae3a-e6efc9ce77ce"/>
      </boundaryEvent>
      <endEvent id="sid-17CC8B15-7016-4DC1-BE47-A9094F2272C0" name="">
         <extensionElements>
            <signavio:signavioMetaData metaKey="bgcolor" metaValue="#ffffff"/>
         </extensionElements>
         <incoming>sid-082800F0-59B2-4EDD-BEC7-32D147E2B1BA</incoming>
      </endEvent>
      <sequenceFlow id="sid-E739B07B-4ECF-431E-BDD6-8C36D5A79798" name="" sourceRef="sid-1B74AA3B-88FE-4C0B-BEC2-C76C684DFB9E" targetRef="sid-FAEB5E67-0880-454D-AF8E-1DF6C1A6ED43"/>
      <sequenceFlow id="sid-8FA71363-ECB3-4EE3-B9A1-E7EE1B41410D" name="" sourceRef="sid-2E99A411-0AD1-40F4-BE94-0A19A131FF85" targetRef="sid-A0FF08E6-3DF3-4383-952E-499021F6A225"/>
      <sequenceFlow id="sid-E2DC102D-1AF9-4CB3-B1C5-1729C44DB483" name="" sourceRef="sid-A0FF08E6-3DF3-4383-952E-499021F6A225" targetRef="sid-CE7E5E0A-F686-4474-AFAB-0ADB732FB210"/>
      <sequenceFlow id="sid-95CA8674-7FF6-4E3C-9CDA-AAEA5AC780F9" name="" sourceRef="sid-5533F4BC-E4A0-4041-BD4D-E95090A10C7C" targetRef="sid-B05EA4DB-2B92-40FE-BDC6-F91E4C03E30A"/>
      <sequenceFlow id="sid-925A71AF-EDE0-4A74-B569-22765013721A" name="" sourceRef="sid-CE7E5E0A-F686-4474-AFAB-0ADB732FB210" targetRef="sid-E1D1C549-4D5E-4917-ABAB-FA1EE77BDC53"/>
      <sequenceFlow id="sid-696865A3-2DA6-4C12-909F-4BF0BE590770" name="" sourceRef="sid-B05EA4DB-2B92-40FE-BDC6-F91E4C03E30A" targetRef="sid-E1D1C549-4D5E-4917-ABAB-FA1EE77BDC53"/>
      <sequenceFlow id="sid-082800F0-59B2-4EDD-BEC7-32D147E2B1BA" name="" sourceRef="sid-E1D1C549-4D5E-4917-ABAB-FA1EE77BDC53" targetRef="sid-17CC8B15-7016-4DC1-BE47-A9094F2272C0"/>
      <sequenceFlow id="sid-137965A7-D630-46EB-AEA8-6AD29F8792F3" name="customerId present" sourceRef="sid-FAEB5E67-0880-454D-AF8E-1DF6C1A6ED43" targetRef="sid-A0FF08E6-3DF3-4383-952E-499021F6A225"/>
      <sequenceFlow id="sid-5612F326-9421-472B-AFC5-C21234B412DB" name="No customerId" sourceRef="sid-FAEB5E67-0880-454D-AF8E-1DF6C1A6ED43" targetRef="sid-2E99A411-0AD1-40F4-BE94-0A19A131FF85"/>
   </process>
   <bpmndi:BPMNDiagram id="sid-2176d010-84c9-4af5-958e-561199047562">
      <bpmndi:BPMNPlane bpmnElement="sid-30e47675-8b4a-48eb-b13f-799b80bffa1e" id="sid-556792aa-4897-4bb8-ae59-57757044dbb1">
         <bpmndi:BPMNShape bpmnElement="sid-1B74AA3B-88FE-4C0B-BEC2-C76C684DFB9E" id="sid-1B74AA3B-88FE-4C0B-BEC2-C76C684DFB9E_gui">
            <omgdc:Bounds height="30.0" width="30.0" x="45.0" y="302.0"/>
         </bpmndi:BPMNShape>
         <bpmndi:BPMNShape bpmnElement="sid-FAEB5E67-0880-454D-AF8E-1DF6C1A6ED43" id="sid-FAEB5E67-0880-454D-AF8E-1DF6C1A6ED43_gui" isMarkerVisible="true">
            <omgdc:Bounds height="40.0" width="40.0" x="120.0" y="297.0"/>
         </bpmndi:BPMNShape>
         <bpmndi:BPMNShape bpmnElement="sid-2E99A411-0AD1-40F4-BE94-0A19A131FF85" id="sid-2E99A411-0AD1-40F4-BE94-0A19A131FF85_gui">
            <omgdc:Bounds height="80.0" width="100.0" x="195.0" y="360.0"/>
         </bpmndi:BPMNShape>
         <bpmndi:BPMNShape bpmnElement="sid-A0FF08E6-3DF3-4383-952E-499021F6A225" id="sid-A0FF08E6-3DF3-4383-952E-499021F6A225_gui" isMarkerVisible="true">
            <omgdc:Bounds height="40.0" width="40.0" x="315.0" y="297.0"/>
         </bpmndi:BPMNShape>
         <bpmndi:BPMNShape bpmnElement="sid-CE7E5E0A-F686-4474-AFAB-0ADB732FB210" id="sid-CE7E5E0A-F686-4474-AFAB-0ADB732FB210_gui" isExpanded="true">
            <omgdc:Bounds height="264.0" width="461.0" x="405.0" y="183.0"/>
         </bpmndi:BPMNShape>
         <bpmndi:BPMNShape bpmnElement="sid-960BBDF3-68E9-43AD-9AD9-BB9883971C38" id="sid-960BBDF3-68E9-43AD-9AD9-BB9883971C38_gui">
            <omgdc:Bounds height="30.0" width="30.0" x="441.0" y="265.0"/>
         </bpmndi:BPMNShape>
         <bpmndi:BPMNShape bpmnElement="sid-31BA2817-87D2-4EFB-BC71-1FB7AF1BBDE4" id="sid-31BA2817-87D2-4EFB-BC71-1FB7AF1BBDE4_gui">
            <omgdc:Bounds height="80.0" width="100.0" x="531.0" y="240.0"/>
         </bpmndi:BPMNShape>
         <bpmndi:BPMNShape bpmnElement="sid-44D5BBD4-91F8-45C9-A748-A9D768B38D17" id="sid-44D5BBD4-91F8-45C9-A748-A9D768B38D17_gui" isMarkerVisible="true">
            <omgdc:Bounds height="40.0" width="40.0" x="676.0" y="260.0"/>
         </bpmndi:BPMNShape>
         <bpmndi:BPMNShape bpmnElement="sid-E42DCAA7-48AC-4426-90CF-0600F5439448" id="sid-E42DCAA7-48AC-4426-90CF-0600F5439448_gui">
            <omgdc:Bounds height="28.0" width="28.0" x="825.0" y="266.0"/>
         </bpmndi:BPMNShape>
         <bpmndi:BPMNShape bpmnElement="sid-55D4E914-F8AD-4A35-AA80-B9770FA13AEF" id="sid-55D4E914-F8AD-4A35-AA80-B9770FA13AEF_gui">
            <omgdc:Bounds height="28.0" width="28.0" x="761.0" y="335.0"/>
         </bpmndi:BPMNShape>
         <bpmndi:BPMNShape bpmnElement="sid-E1D1C549-4D5E-4917-ABAB-FA1EE77BDC53" id="sid-E1D1C549-4D5E-4917-ABAB-FA1EE77BDC53_gui">
            <omgdc:Bounds height="80.0" width="100.0" x="915.0" y="275.5"/>
         </bpmndi:BPMNShape>
         <bpmndi:BPMNShape bpmnElement="sid-B05EA4DB-2B92-40FE-BDC6-F91E4C03E30A" id="sid-B05EA4DB-2B92-40FE-BDC6-F91E4C03E30A_gui">
            <omgdc:Bounds height="80.0" width="100.0" x="696.7714639810252" y="495.0"/>
         </bpmndi:BPMNShape>
         <bpmndi:BPMNShape bpmnElement="sid-5533F4BC-E4A0-4041-BD4D-E95090A10C7C" id="sid-5533F4BC-E4A0-4041-BD4D-E95090A10C7C_gui">
            <omgdc:Bounds height="30.0" width="30.0" x="731.7714639810252" y="432.61916711764184"/>
         </bpmndi:BPMNShape>
         <bpmndi:BPMNShape bpmnElement="sid-17CC8B15-7016-4DC1-BE47-A9094F2272C0" id="sid-17CC8B15-7016-4DC1-BE47-A9094F2272C0_gui">
            <omgdc:Bounds height="28.0" width="28.0" x="1060.0" y="301.5"/>
         </bpmndi:BPMNShape>
         <bpmndi:BPMNEdge bpmnElement="sid-5612F326-9421-472B-AFC5-C21234B412DB" id="sid-5612F326-9421-472B-AFC5-C21234B412DB_gui">
            <omgdi:waypoint x="140.0" y="337.0"/>
            <omgdi:waypoint x="140.5" y="400.0"/>
            <omgdi:waypoint x="195.0" y="400.0"/>
         </bpmndi:BPMNEdge>
         <bpmndi:BPMNEdge bpmnElement="sid-346058EA-27EB-4F36-86F2-F19BF33F7C6E" id="sid-346058EA-27EB-4F36-86F2-F19BF33F7C6E_gui">
            <omgdi:waypoint x="716.0" y="280.0"/>
            <omgdi:waypoint x="825.0" y="280.0"/>
         </bpmndi:BPMNEdge>
         <bpmndi:BPMNEdge bpmnElement="sid-912639F8-53E9-4E1F-9E52-F42487F4D8B2" id="sid-912639F8-53E9-4E1F-9E52-F42487F4D8B2_gui">
            <omgdi:waypoint x="471.0" y="280.0"/>
            <omgdi:waypoint x="531.0" y="280.0"/>
         </bpmndi:BPMNEdge>
         <bpmndi:BPMNEdge bpmnElement="sid-E2DC102D-1AF9-4CB3-B1C5-1729C44DB483" id="sid-E2DC102D-1AF9-4CB3-B1C5-1729C44DB483_gui">
            <omgdi:waypoint x="355.0" y="317.0"/>
            <omgdi:waypoint x="405.0" y="316.0"/>
         </bpmndi:BPMNEdge>
         <bpmndi:BPMNEdge bpmnElement="sid-925A71AF-EDE0-4A74-B569-22765013721A" id="sid-925A71AF-EDE0-4A74-B569-22765013721A_gui">
            <omgdi:waypoint x="866.0" y="315.0"/>
            <omgdi:waypoint x="915.0" y="315.0"/>
         </bpmndi:BPMNEdge>
         <bpmndi:BPMNEdge bpmnElement="sid-8FA71363-ECB3-4EE3-B9A1-E7EE1B41410D" id="sid-8FA71363-ECB3-4EE3-B9A1-E7EE1B41410D_gui">
            <omgdi:waypoint x="295.0" y="400.0"/>
            <omgdi:waypoint x="335.5" y="400.0"/>
            <omgdi:waypoint x="335.0" y="337.0"/>
         </bpmndi:BPMNEdge>
         <bpmndi:BPMNEdge bpmnElement="sid-6BC04356-D980-4B71-95E8-84A84329D260" id="sid-6BC04356-D980-4B71-95E8-84A84329D260_gui">
            <omgdi:waypoint x="631.0" y="280.0"/>
            <omgdi:waypoint x="676.0" y="280.0"/>
         </bpmndi:BPMNEdge>
         <bpmndi:BPMNEdge bpmnElement="sid-696865A3-2DA6-4C12-909F-4BF0BE590770" id="sid-696865A3-2DA6-4C12-909F-4BF0BE590770_gui">
            <omgdi:waypoint x="796.0" y="535.0"/>
            <omgdi:waypoint x="965.0" y="535.0"/>
            <omgdi:waypoint x="965.0" y="355.0"/>
         </bpmndi:BPMNEdge>
         <bpmndi:BPMNEdge bpmnElement="sid-137965A7-D630-46EB-AEA8-6AD29F8792F3" id="sid-137965A7-D630-46EB-AEA8-6AD29F8792F3_gui">
            <omgdi:waypoint x="160.0" y="317.0"/>
            <omgdi:waypoint x="315.0" y="317.0"/>
         </bpmndi:BPMNEdge>
         <bpmndi:BPMNEdge bpmnElement="sid-7A6276EE-AE6F-4A51-97C4-E26D3892001E" id="sid-7A6276EE-AE6F-4A51-97C4-E26D3892001E_gui">
            <omgdi:waypoint x="696.0" y="300.0"/>
            <omgdi:waypoint x="696.5" y="349.0"/>
            <omgdi:waypoint x="761.0" y="349.0"/>
         </bpmndi:BPMNEdge>
         <bpmndi:BPMNEdge bpmnElement="sid-082800F0-59B2-4EDD-BEC7-32D147E2B1BA" id="sid-082800F0-59B2-4EDD-BEC7-32D147E2B1BA_gui">
            <omgdi:waypoint x="1015.0" y="315.0"/>
            <omgdi:waypoint x="1060.0" y="315.0"/>
         </bpmndi:BPMNEdge>
         <bpmndi:BPMNEdge bpmnElement="sid-E739B07B-4ECF-431E-BDD6-8C36D5A79798" id="sid-E739B07B-4ECF-431E-BDD6-8C36D5A79798_gui">
            <omgdi:waypoint x="75.0" y="317.0"/>
            <omgdi:waypoint x="120.0" y="317.0"/>
         </bpmndi:BPMNEdge>
         <bpmndi:BPMNEdge bpmnElement="sid-95CA8674-7FF6-4E3C-9CDA-AAEA5AC780F9" id="sid-95CA8674-7FF6-4E3C-9CDA-AAEA5AC780F9_gui">
            <omgdi:waypoint x="746.0" y="462.0"/>
            <omgdi:waypoint x="746.0" y="495.0"/>
         </bpmndi:BPMNEdge>
      </bpmndi:BPMNPlane>
   </bpmndi:BPMNDiagram>
</definitions>
