<?xml version="1.0" encoding="UTF-8"?>
<definitions xmlns="http://www.omg.org/spec/BPMN/20100524/MODEL" xmlns:bpmndi="http://www.omg.org/spec/BPMN/20100524/DI" xmlns:omgdc="http://www.omg.org/spec/DD/20100524/DC" xmlns:omgdi="http://www.omg.org/spec/DD/20100524/DI" xmlns:signavio="http://www.signavio.com" xmlns:xsi="http://www.w3.org/2001/XMLSchema-instance" exporter="Signavio Process Editor, http://www.signavio.com" exporterVersion="" expressionLanguage="http://www.w3.org/1999/XPath" id="sid-534fe504-9769-472f-abf9-f666b88a02be" targetNamespace="http://www.signavio.com/bpmn20" typeLanguage="http://www.w3.org/2001/XMLSchema" xsi:schemaLocation="http://www.omg.org/spec/BPMN/20100524/MODEL http://www.omg.org/spec/BPMN/2.0/20100501/BPMN20.xsd">
   <process id="sid-3199b550-4dfd-411f-b116-a2ccbce2d06c" isExecutable="false">
      <startEvent id="sid-8F3129F6-5FF0-4092-A382-176C2E39A50E" name="">
         <extensionElements>
            <signavio:signavioMetaData metaKey="bgcolor" metaValue="#ffffff"/>
         </extensionElements>
         <outgoing>sid-38023F42-2F95-4ABA-B59E-6EDC8A0D36E4</outgoing>
      </startEvent>
      <userTask completionQuantity="1" id="sid-2ADDAAD6-BF9F-42D9-A373-BA929CF136BE" implementation="webService" isForCompensation="false" name="Fill in order" startQuantity="1">
         <extensionElements>
            <signavio:signavioMetaData metaKey="bgcolor" metaValue="#ffffcc"/>
         </extensionElements>
         <incoming>sid-38023F42-2F95-4ABA-B59E-6EDC8A0D36E4</incoming>
         <outgoing>sid-24A13CC4-2F68-4642-B7D8-8A1C66AFC32D</outgoing>
      </userTask>
      <subProcess completionQuantity="1" id="sid-973A629A-466A-4DE9-B5FD-FE90664B69E7" isForCompensation="false" name="" startQuantity="1">
         <extensionElements>
            <signavio:signavioMetaData metaKey="bgcolor" metaValue="#ffffff"/>
         </extensionElements>
         <incoming>sid-24A13CC4-2F68-4642-B7D8-8A1C66AFC32D</incoming>
         <outgoing>sid-B6B871D0-6BA5-4330-AB21-6BC967DCE935</outgoing>
         <startEvent id="sid-FFAAB5B0-DD91-452B-89F6-2D8A3DE35A69" name="">
            <extensionElements>
               <signavio:signavioMetaData metaKey="bgcolor" metaValue="#ffffff"/>
            </extensionElements>
            <outgoing>sid-04FC79E3-E1D7-4D9D-994E-C8D47CC3769B</outgoing>
         </startEvent>
         <serviceTask completionQuantity="1" id="sid-84A0AB7C-E472-412A-A304-BDD23609BC06" implementation="webService" isForCompensation="false" name="Persist order in database" startQuantity="1">
            <extensionElements>
               <signavio:signavioMetaData metaKey="bgcolor" metaValue="#ffffcc"/>
            </extensionElements>
            <incoming>sid-04FC79E3-E1D7-4D9D-994E-C8D47CC3769B</incoming>
            <outgoing>sid-01A85E11-6F7B-4F36-BE88-43FF29C0A3C0</outgoing>
            <outgoing>sid-8D9A5849-A87F-4563-B39D-14AC2F710700</outgoing>
         </serviceTask>
         <endEvent id="sid-F05D9C2E-007F-424A-938F-4DF899F4B979" name="">
            <extensionElements>
               <signavio:signavioMetaData metaKey="bgcolor" metaValue="#ffffff"/>
            </extensionElements>
            <incoming>sid-8D9A5849-A87F-4563-B39D-14AC2F710700</incoming>
         </endEvent>
         <endEvent id="sid-3A89D9E8-4157-4A6B-A158-90F0A070ED69" name="">
            <extensionElements>
               <signavio:signavioMetaData metaKey="bgcolor" metaValue="#ffffff"/>
            </extensionElements>
            <incoming>sid-01A85E11-6F7B-4F36-BE88-43FF29C0A3C0</incoming>
            <errorEventDefinition errorRef="sid-e6a5ca3d-e498-4e26-89a4-522748dbca6f" id="sid-35aac729-9d21-4620-aab3-fb1079b01c32"/>
         </endEvent>
         <sequenceFlow id="sid-04FC79E3-E1D7-4D9D-994E-C8D47CC3769B" name="" sourceRef="sid-FFAAB5B0-DD91-452B-89F6-2D8A3DE35A69" targetRef="sid-84A0AB7C-E472-412A-A304-BDD23609BC06"/>
         <sequenceFlow id="sid-8D9A5849-A87F-4563-B39D-14AC2F710700" name="Order persisted" sourceRef="sid-84A0AB7C-E472-412A-A304-BDD23609BC06" targetRef="sid-F05D9C2E-007F-424A-938F-4DF899F4B979"/>
         <sequenceFlow id="sid-01A85E11-6F7B-4F36-BE88-43FF29C0A3C0" name="Order not persisted" sourceRef="sid-84A0AB7C-E472-412A-A304-BDD23609BC06" targetRef="sid-3A89D9E8-4157-4A6B-A158-90F0A070ED69"/>
      </subProcess>
      <endEvent id="sid-C8ED4E8C-0A72-4E5C-8327-DD2697E83AB1" name="">
         <extensionElements>
            <signavio:signavioMetaData metaKey="bgcolor" metaValue="#ffffff"/>
         </extensionElements>
         <incoming>sid-BDC2842B-E966-45F6-8930-25DB4D27285E</incoming>
         <incoming>sid-B6B871D0-6BA5-4330-AB21-6BC967DCE935</incoming>
      </endEvent>
      <userTask completionQuantity="1" id="sid-E81C335F-67AB-4CE8-84BF-B27CD0C2F19A" implementation="webService" isForCompensation="false" name="Manually enter order in database" startQuantity="1">
         <extensionElements>
            <signavio:signavioMetaData metaKey="bgcolor" metaValue="#ffffcc"/>
         </extensionElements>
         <incoming>sid-35D251FA-E4FD-4C23-AEC5-41FA7342F258</incoming>
         <outgoing>sid-BDC2842B-E966-45F6-8930-25DB4D27285E</outgoing>
      </userTask>
      <boundaryEvent attachedToRef="sid-973A629A-466A-4DE9-B5FD-FE90664B69E7" cancelActivity="true" id="sid-395FD5B7-97C6-4C81-919E-743EC9D05571" name="" parallelMultiple="false">
         <outgoing>sid-35D251FA-E4FD-4C23-AEC5-41FA7342F258</outgoing>
         <errorEventDefinition errorRef="sid-93e5c5ca-16c4-4f7c-8875-96b9be54e2ec" id="sid-f8beed8e-8afb-4184-9a93-311928aa7444"/>
      </boundaryEvent>
      <sequenceFlow id="sid-38023F42-2F95-4ABA-B59E-6EDC8A0D36E4" name="" sourceRef="sid-8F3129F6-5FF0-4092-A382-176C2E39A50E" targetRef="sid-2ADDAAD6-BF9F-42D9-A373-BA929CF136BE"/>
      <sequenceFlow id="sid-24A13CC4-2F68-4642-B7D8-8A1C66AFC32D" name="" sourceRef="sid-2ADDAAD6-BF9F-42D9-A373-BA929CF136BE" targetRef="sid-973A629A-466A-4DE9-B5FD-FE90664B69E7"/>
      <sequenceFlow id="sid-B6B871D0-6BA5-4330-AB21-6BC967DCE935" name="" sourceRef="sid-973A629A-466A-4DE9-B5FD-FE90664B69E7" targetRef="sid-C8ED4E8C-0A72-4E5C-8327-DD2697E83AB1"/>
      <sequenceFlow id="sid-35D251FA-E4FD-4C23-AEC5-41FA7342F258" name="" sourceRef="sid-395FD5B7-97C6-4C81-919E-743EC9D05571" targetRef="sid-E81C335F-67AB-4CE8-84BF-B27CD0C2F19A"/>
      <sequenceFlow id="sid-BDC2842B-E966-45F6-8930-25DB4D27285E" name="" sourceRef="sid-E81C335F-67AB-4CE8-84BF-B27CD0C2F19A" targetRef="sid-C8ED4E8C-0A72-4E5C-8327-DD2697E83AB1"/>
   </process>
   <bpmndi:BPMNDiagram id="sid-1b3b8cd4-61a3-4f81-98f4-d1c1eafb71cf">
      <bpmndi:BPMNPlane bpmnElement="sid-3199b550-4dfd-411f-b116-a2ccbce2d06c" id="sid-bd9ca0c9-b576-414e-a6c6-06f5c09d95fc">
         <bpmndi:BPMNShape bpmnElement="sid-8F3129F6-5FF0-4092-A382-176C2E39A50E" id="sid-8F3129F6-5FF0-4092-A382-176C2E39A50E_gui">
            <omgdc:Bounds height="30.0" width="30.0" x="114.0" y="242.0"/>
         </bpmndi:BPMNShape>
         <bpmndi:BPMNShape bpmnElement="sid-2ADDAAD6-BF9F-42D9-A373-BA929CF136BE" id="sid-2ADDAAD6-BF9F-42D9-A373-BA929CF136BE_gui">
            <omgdc:Bounds height="80.0" width="100.0" x="189.0" y="217.0"/>
         </bpmndi:BPMNShape>
         <bpmndi:BPMNShape bpmnElement="sid-973A629A-466A-4DE9-B5FD-FE90664B69E7" id="sid-973A629A-466A-4DE9-B5FD-FE90664B69E7_gui" isExpanded="true">
            <omgdc:Bounds height="294.0" width="386.0" x="360.0" y="110.0"/>
         </bpmndi:BPMNShape>
         <bpmndi:BPMNShape bpmnElement="sid-FFAAB5B0-DD91-452B-89F6-2D8A3DE35A69" id="sid-FFAAB5B0-DD91-452B-89F6-2D8A3DE35A69_gui">
            <omgdc:Bounds height="30.0" width="30.0" x="385.0" y="177.0"/>
         </bpmndi:BPMNShape>
         <bpmndi:BPMNShape bpmnElement="sid-84A0AB7C-E472-412A-A304-BDD23609BC06" id="sid-84A0AB7C-E472-412A-A304-BDD23609BC06_gui">
            <omgdc:Bounds height="80.0" width="100.0" x="460.0" y="152.0"/>
         </bpmndi:BPMNShape>
         <bpmndi:BPMNShape bpmnElement="sid-F05D9C2E-007F-424A-938F-4DF899F4B979" id="sid-F05D9C2E-007F-424A-938F-4DF899F4B979_gui">
            <omgdc:Bounds height="28.0" width="28.0" x="675.0" y="178.0"/>
         </bpmndi:BPMNShape>
         <bpmndi:BPMNShape bpmnElement="sid-3A89D9E8-4157-4A6B-A158-90F0A070ED69" id="sid-3A89D9E8-4157-4A6B-A158-90F0A070ED69_gui">
            <omgdc:Bounds height="28.0" width="28.0" x="675.0" y="294.0"/>
         </bpmndi:BPMNShape>
         <bpmndi:BPMNShape bpmnElement="sid-C8ED4E8C-0A72-4E5C-8327-DD2697E83AB1" id="sid-C8ED4E8C-0A72-4E5C-8327-DD2697E83AB1_gui">
            <omgdc:Bounds height="28.0" width="28.0" x="810.0" y="243.0"/>
         </bpmndi:BPMNShape>
         <bpmndi:BPMNShape bpmnElement="sid-E81C335F-67AB-4CE8-84BF-B27CD0C2F19A" id="sid-E81C335F-67AB-4CE8-84BF-B27CD0C2F19A_gui">
            <omgdc:Bounds height="80.0" width="100.0" x="605.9625125042687" y="465.0"/>
         </bpmndi:BPMNShape>
         <bpmndi:BPMNShape bpmnElement="sid-395FD5B7-97C6-4C81-919E-743EC9D05571" id="sid-395FD5B7-97C6-4C81-919E-743EC9D05571_gui">
            <omgdc:Bounds height="30.0" width="30.0" x="640.9625125042687" y="389.39896526926884"/>
         </bpmndi:BPMNShape>
         <bpmndi:BPMNEdge bpmnElement="sid-24A13CC4-2F68-4642-B7D8-8A1C66AFC32D" id="sid-24A13CC4-2F68-4642-B7D8-8A1C66AFC32D_gui">
            <omgdi:waypoint x="289.0" y="257.0"/>
            <omgdi:waypoint x="360.0" y="257.0"/>
         </bpmndi:BPMNEdge>
         <bpmndi:BPMNEdge bpmnElement="sid-35D251FA-E4FD-4C23-AEC5-41FA7342F258" id="sid-35D251FA-E4FD-4C23-AEC5-41FA7342F258_gui">
            <omgdi:waypoint x="655.0" y="419.0"/>
            <omgdi:waypoint x="655.0" y="465.0"/>
         </bpmndi:BPMNEdge>
         <bpmndi:BPMNEdge bpmnElement="sid-01A85E11-6F7B-4F36-BE88-43FF29C0A3C0" id="sid-01A85E11-6F7B-4F36-BE88-43FF29C0A3C0_gui">
            <omgdi:waypoint x="510.0" y="232.0"/>
            <omgdi:waypoint x="510.0" y="308.0"/>
            <omgdi:waypoint x="675.0" y="308.0"/>
         </bpmndi:BPMNEdge>
         <bpmndi:BPMNEdge bpmnElement="sid-38023F42-2F95-4ABA-B59E-6EDC8A0D36E4" id="sid-38023F42-2F95-4ABA-B59E-6EDC8A0D36E4_gui">
            <omgdi:waypoint x="144.0" y="257.0"/>
            <omgdi:waypoint x="189.0" y="257.0"/>
         </bpmndi:BPMNEdge>
         <bpmndi:BPMNEdge bpmnElement="sid-8D9A5849-A87F-4563-B39D-14AC2F710700" id="sid-8D9A5849-A87F-4563-B39D-14AC2F710700_gui">
            <omgdi:waypoint x="560.0" y="192.0"/>
            <omgdi:waypoint x="675.0" y="192.0"/>
         </bpmndi:BPMNEdge>
         <bpmndi:BPMNEdge bpmnElement="sid-04FC79E3-E1D7-4D9D-994E-C8D47CC3769B" id="sid-04FC79E3-E1D7-4D9D-994E-C8D47CC3769B_gui">
            <omgdi:waypoint x="415.0" y="192.0"/>
            <omgdi:waypoint x="460.0" y="192.0"/>
         </bpmndi:BPMNEdge>
         <bpmndi:BPMNEdge bpmnElement="sid-B6B871D0-6BA5-4330-AB21-6BC967DCE935" id="sid-B6B871D0-6BA5-4330-AB21-6BC967DCE935_gui">
            <omgdi:waypoint x="746.0" y="257.0"/>
            <omgdi:waypoint x="810.0" y="257.0"/>
         </bpmndi:BPMNEdge>
         <bpmndi:BPMNEdge bpmnElement="sid-BDC2842B-E966-45F6-8930-25DB4D27285E" id="sid-BDC2842B-E966-45F6-8930-25DB4D27285E_gui">
            <omgdi:waypoint x="705.0" y="505.0"/>
            <omgdi:waypoint x="824.0" y="505.0"/>
            <omgdi:waypoint x="824.0" y="271.0"/>
         </bpmndi:BPMNEdge>
      </bpmndi:BPMNPlane>
   </bpmndi:BPMNDiagram>
</definitions>
