<?xml version="1.0" encoding="UTF-8"?>
<definitions xmlns="http://www.omg.org/spec/BPMN/20100524/MODEL" xmlns:xsi="http://www.w3.org/2001/XMLSchema-instance" xmlns:xsd="http://www.w3.org/2001/XMLSchema" xmlns:activiti="http://activiti.org/bpmn" xmlns:bpmndi="http://www.omg.org/spec/BPMN/20100524/DI" xmlns:omgdc="http://www.omg.org/spec/DD/20100524/DC" xmlns:omgdi="http://www.omg.org/spec/DD/20100524/DI" typeLanguage="http://www.w3.org/2001/XMLSchema" expressionLanguage="http://www.w3.org/1999/XPath" targetNamespace="http://www.activiti.org/processdef">
  <process id="callingActivitiprocess" isExecutable="true">
    <startEvent id="sid-068FEC9C-C5A9-4C10-90DC-B0F2F589C4D3"></startEvent>
    <userTask id="ut1" name="UT1Name" activiti:candidateGroups="management"></userTask>
    <sequenceFlow id="sid-DF89C7E6-119C-4B36-8ACF-0C4449E2F5D1" sourceRef="sid-068FEC9C-C5A9-4C10-90DC-B0F2F589C4D3" targetRef="ut1"></sequenceFlow>
    <manualTask id="mt1" name="MT1Name"></manualTask>
    <sequenceFlow id="sid-29A728C8-210D-41FE-BF89-26A0581A9949" sourceRef="ut1" targetRef="mt1"></sequenceFlow>
    <callActivity id="callactivititask1" name="Callactivititask1Name" calledElement="called_process"></callActivity>
    <sequenceFlow id="sid-FF87E085-AA89-4EF0-8740-E0337DBD1565" sourceRef="mt1" targetRef="callactivititask1"></sequenceFlow>
    <endEvent id="sid-5440B18A-BC37-48DC-B313-59E944705176"></endEvent>
    <sequenceFlow id="sid-4635894C-3216-4543-BD6D-BCE2960EDC85" sourceRef="callactivititask1" targetRef="sid-5440B18A-BC37-48DC-B313-59E944705176"></sequenceFlow>
  </process>
  <bpmndi:BPMNDiagram id="BPMNDiagram_callingActivitiprocess">
    <bpmndi:BPMNPlane bpmnElement="callingActivitiprocess" id="BPMNPlane_callingActivitiprocess">
      <bpmndi:BPMNShape bpmnElement="sid-068FEC9C-C5A9-4C10-90DC-B0F2F589C4D3" id="BPMNShape_sid-068FEC9C-C5A9-4C10-90DC-B0F2F589C4D3">
        <omgdc:Bounds height="35.0" width="35.0" x="92.0" y="148.0"></omgdc:Bounds>
      </bpmndi:BPMNShape>
      <bpmndi:BPMNShape bpmnElement="ut1" id="BPMNShape_ut1">
        <omgdc:Bounds height="80.0" width="100.0" x="180.0" y="125.0"></omgdc:Bounds>
      </bpmndi:BPMNShape>
      <bpmndi:BPMNShape bpmnElement="mt1" id="BPMNShape_mt1">
        <omgdc:Bounds height="80.0" width="100.0" x="315.0" y="125.0"></omgdc:Bounds>
      </bpmndi:BPMNShape>
      <bpmndi:BPMNShape bpmnElement="callactivititask1" id="BPMNShape_callactivititask1">
        <omgdc:Bounds height="80.0" width="100.0" x="465.0" y="125.0"></omgdc:Bounds>
      </bpmndi:BPMNShape>
      <bpmndi:BPMNShape bpmnElement="sid-5440B18A-BC37-48DC-B313-59E944705176" id="BPMNShape_sid-5440B18A-BC37-48DC-B313-59E944705176">
        <omgdc:Bounds height="35.0" width="35.0" x="610.0" y="147.0"></omgdc:Bounds>
      </bpmndi:BPMNShape>
      <bpmndi:BPMNEdge bpmnElement="sid-DF89C7E6-119C-4B36-8ACF-0C4449E2F5D1" id="BPMNEdge_sid-DF89C7E6-119C-4B36-8ACF-0C4449E2F5D1">
        <omgdi:waypoint x="127.0" y="165.0"></omgdi:waypoint>
        <omgdi:waypoint x="180.0" y="165.0"></omgdi:waypoint>
      </bpmndi:BPMNEdge>
      <bpmndi:BPMNEdge bpmnElement="sid-29A728C8-210D-41FE-BF89-26A0581A9949" id="BPMNEdge_sid-29A728C8-210D-41FE-BF89-26A0581A9949">
        <omgdi:waypoint x="280.0" y="165.0"></omgdi:waypoint>
        <omgdi:waypoint x="315.0" y="165.0"></omgdi:waypoint>
      </bpmndi:BPMNEdge>
      <bpmndi:BPMNEdge bpmnElement="sid-FF87E085-AA89-4EF0-8740-E0337DBD1565" id="BPMNEdge_sid-FF87E085-AA89-4EF0-8740-E0337DBD1565">
        <omgdi:waypoint x="415.0" y="165.0"></omgdi:waypoint>
        <omgdi:waypoint x="465.0" y="165.0"></omgdi:waypoint>
      </bpmndi:BPMNEdge>
      <bpmndi:BPMNEdge bpmnElement="sid-4635894C-3216-4543-BD6D-BCE2960EDC85" id="BPMNEdge_sid-4635894C-3216-4543-BD6D-BCE2960EDC85">
        <omgdi:waypoint x="565.0" y="165.0"></omgdi:waypoint>
        <omgdi:waypoint x="610.0" y="164.0"></omgdi:waypoint>
      </bpmndi:BPMNEdge>
    </bpmndi:BPMNPlane>
  </bpmndi:BPMNDiagram>
</definitions>