<?xml version="1.0" encoding="UTF-8"?>
<definitions xmlns="http://www.omg.org/spec/BPMN/20100524/MODEL" xmlns:xsi="http://www.w3.org/2001/XMLSchema-instance" xmlns:xsd="http://www.w3.org/2001/XMLSchema" xmlns:activiti="http://activiti.org/bpmn" xmlns:bpmndi="http://www.omg.org/spec/BPMN/20100524/DI" xmlns:omgdc="http://www.omg.org/spec/DD/20100524/DC" xmlns:omgdi="http://www.omg.org/spec/DD/20100524/DI" typeLanguage="http://www.w3.org/2001/XMLSchema" expressionLanguage="http://www.w3.org/1999/XPath" targetNamespace="http://www.activiti.org/test">
  <signal id="sig" name="Signal" activiti:scope="global"></signal>
  <process id="intermediateTimerCatch" name="TestTimerCatchIntermediate" isExecutable="true">
    <startEvent id="startevent1" name="Start"></startEvent>
    <intermediateCatchEvent id="timerintermediatecatchevent1" name="TCE">
      <timerEventDefinition>
        <timeCycle>R3/PT20S</timeCycle>
      </timerEventDefinition>
    </intermediateCatchEvent>
    <sequenceFlow id="flow1" sourceRef="startevent1" targetRef="timerintermediatecatchevent1"></sequenceFlow>
    <endEvent id="endevent1" name="End"></endEvent>
    <intermediateCatchEvent id="signalintermediatecatchevent1" name="SignalCatchEvent">
      <signalEventDefinition signalRef="sig"></signalEventDefinition>
    </intermediateCatchEvent>
    <sequenceFlow id="flow2" sourceRef="signalintermediatecatchevent1" targetRef="endevent1"></sequenceFlow>
    <sequenceFlow id="flow3" sourceRef="timerintermediatecatchevent1" targetRef="signalintermediatecatchevent1"></sequenceFlow>
  </process>
  <bpmndi:BPMNDiagram id="BPMNDiagram_intermediateTimerCatch">
    <bpmndi:BPMNPlane bpmnElement="intermediateTimerCatch" id="BPMNPlane_intermediateTimerCatch">
      <bpmndi:BPMNShape bpmnElement="startevent1" id="BPMNShape_startevent1">
        <omgdc:Bounds height="35.0" width="35.0" x="210.0" y="370.0"></omgdc:Bounds>
      </bpmndi:BPMNShape>
      <bpmndi:BPMNShape bpmnElement="timerintermediatecatchevent1" id="BPMNShape_timerintermediatecatchevent1">
        <omgdc:Bounds height="35.0" width="35.0" x="280.0" y="370.0"></omgdc:Bounds>
      </bpmndi:BPMNShape>
      <bpmndi:BPMNShape bpmnElement="endevent1" id="BPMNShape_endevent1">
        <omgdc:Bounds height="35.0" width="35.0" x="460.0" y="370.0"></omgdc:Bounds>
      </bpmndi:BPMNShape>
      <bpmndi:BPMNShape bpmnElement="signalintermediatecatchevent1" id="BPMNShape_signalintermediatecatchevent1">
        <omgdc:Bounds height="35.0" width="35.0" x="360.0" y="370.0"></omgdc:Bounds>
      </bpmndi:BPMNShape>
      <bpmndi:BPMNEdge bpmnElement="flow1" id="BPMNEdge_flow1">
        <omgdi:waypoint x="245.0" y="387.0"></omgdi:waypoint>
        <omgdi:waypoint x="280.0" y="387.0"></omgdi:waypoint>
      </bpmndi:BPMNEdge>
      <bpmndi:BPMNEdge bpmnElement="flow2" id="BPMNEdge_flow2">
        <omgdi:waypoint x="395.0" y="387.0"></omgdi:waypoint>
        <omgdi:waypoint x="460.0" y="387.0"></omgdi:waypoint>
      </bpmndi:BPMNEdge>
      <bpmndi:BPMNEdge bpmnElement="flow3" id="BPMNEdge_flow3">
        <omgdi:waypoint x="315.0" y="387.0"></omgdi:waypoint>
        <omgdi:waypoint x="360.0" y="387.0"></omgdi:waypoint>
      </bpmndi:BPMNEdge>
    </bpmndi:BPMNPlane>
  </bpmndi:BPMNDiagram>
</definitions>