<?xml version="1.0" encoding="UTF-8"?>
<definitions xmlns="http://www.omg.org/spec/BPMN/20100524/MODEL" xmlns:xsi="http://www.w3.org/2001/XMLSchema-instance" xmlns:xsd="http://www.w3.org/2001/XMLSchema" xmlns:activiti="http://activiti.org/bpmn" xmlns:bpmndi="http://www.omg.org/spec/BPMN/20100524/DI" xmlns:omgdc="http://www.omg.org/spec/DD/20100524/DC" xmlns:omgdi="http://www.omg.org/spec/DD/20100524/DI" typeLanguage="http://www.w3.org/2001/XMLSchema" expressionLanguage="http://www.w3.org/1999/XPath" targetNamespace="http://activiti.org/test">
  <collaboration id="Collaboration">
    <participant id="pool_id" name="PoolName" processRef="process_pool"></participant>
    <participant id="poolid2" name="poolName2" processRef="process_pool2"></participant>
  </collaboration>
  <signal id="signalID" name="NameSignal" activiti:scope="global"></signal>
  <process id="process_pool" name="PoolName" isExecutable="true">
    <laneSet id="laneSet_process_pool">
      <lane id="sid-AD21F72C-77D0-4F95-855D-B5DC117F0C9B">
        <flowNodeRef>sid-949291EA-E64E-44BA-A6CC-4378D7D08ABB</flowNodeRef>
        <flowNodeRef>usertask3</flowNodeRef>
        <flowNodeRef>sid-E80AC19A-9687-4444-859A-6885C2FC720E</flowNodeRef>
        <flowNodeRef>sid-4A747C6B-1CD8-4418-A857-52155D900E46</flowNodeRef>
        <flowNodeRef>sid-AC49522B-57CB-46D8-A54B-2BC6CFB5A758</flowNodeRef>
      </lane>
    </laneSet>
    <startEvent id="sid-949291EA-E64E-44BA-A6CC-4378D7D08ABB">
      <signalEventDefinition signalRef="signalID"></signalEventDefinition>
    </startEvent>
    <userTask id="usertask3" name="UT3" activiti:assignee="kermit"></userTask>
    <endEvent id="sid-E80AC19A-9687-4444-859A-6885C2FC720E"></endEvent>
    <sequenceFlow id="sid-4A747C6B-1CD8-4418-A857-52155D900E46" sourceRef="sid-949291EA-E64E-44BA-A6CC-4378D7D08ABB" targetRef="usertask3"></sequenceFlow>
    <sequenceFlow id="sid-AC49522B-57CB-46D8-A54B-2BC6CFB5A758" sourceRef="usertask3" targetRef="sid-E80AC19A-9687-4444-859A-6885C2FC720E"></sequenceFlow>
  </process>
  <process id="process_pool2" name="poolName2" isExecutable="true">
    <laneSet id="laneSet_process_pool2">
      <lane id="sid-3C496F46-67D1-4227-8683-C26AB2AB269A">
        <flowNodeRef>sid-C4EB1A47-9F07-4597-849A-0B1FFE329DDA</flowNodeRef>
        <flowNodeRef>usertask1</flowNodeRef>
        <flowNodeRef>sid-38967529-5B93-4FF3-BE25-268AB9E0C39D</flowNodeRef>
        <flowNodeRef>sid-15B3305E-28EC-4B81-84BA-0A391E23EF10</flowNodeRef>
        <flowNodeRef>sid-07D2DF8C-F3EA-4C9A-A55B-EB50B8143F6E</flowNodeRef>
        <flowNodeRef>scripttask1</flowNodeRef>
        <flowNodeRef>sid-22F223CE-572B-4B8A-9E4E-31590DD6FD58</flowNodeRef>
        <flowNodeRef>usertask2</flowNodeRef>
        <flowNodeRef>sid-A5193CA6-1897-454E-91B7-5064EFDBCCB1</flowNodeRef>
        <flowNodeRef>sid-B4BC2602-0153-4C39-A3DB-777ED018BB65</flowNodeRef>
        <flowNodeRef>sid-448FABB5-112B-450C-AD8D-5F7CFD71759C</flowNodeRef>
        <flowNodeRef>sid-92C9CF8F-3B48-4396-AC7E-32E4E967218F</flowNodeRef>
        <flowNodeRef>sid-7F562AE6-5B89-4B4C-8048-B7D51371EE0F</flowNodeRef>
        <flowNodeRef>sid-01594D3E-7412-46C9-8299-908A97460BF0</flowNodeRef>
        <flowNodeRef>sid-7737C78D-7298-40D0-8E06-678B69B2B14C</flowNodeRef>
        <flowNodeRef>sid-83B6FBB6-D916-49E0-857A-D8A1873EE974</flowNodeRef>
      </lane>
    </laneSet>
    <startEvent id="sid-C4EB1A47-9F07-4597-849A-0B1FFE329DDA"></startEvent>
    <userTask id="usertask1" name="UT1" activiti:assignee="kermit"></userTask>
    <parallelGateway id="sid-38967529-5B93-4FF3-BE25-268AB9E0C39D"></parallelGateway>
    <parallelGateway id="sid-15B3305E-28EC-4B81-84BA-0A391E23EF10"></parallelGateway>
    <intermediateThrowEvent id="sid-07D2DF8C-F3EA-4C9A-A55B-EB50B8143F6E">
      <signalEventDefinition signalRef="signalID"></signalEventDefinition>
    </intermediateThrowEvent>
    <scriptTask id="scripttask1" name="ST1" activiti:autoStoreVariables="false">
      <script>{}</script>
    </scriptTask>
    <endEvent id="sid-22F223CE-572B-4B8A-9E4E-31590DD6FD58"></endEvent>
    <userTask id="usertask2" name="UT2" activiti:assignee="kermit"></userTask>
    <sequenceFlow id="sid-A5193CA6-1897-454E-91B7-5064EFDBCCB1" sourceRef="sid-38967529-5B93-4FF3-BE25-268AB9E0C39D" targetRef="sid-07D2DF8C-F3EA-4C9A-A55B-EB50B8143F6E"></sequenceFlow>
    <sequenceFlow id="sid-B4BC2602-0153-4C39-A3DB-777ED018BB65" sourceRef="sid-07D2DF8C-F3EA-4C9A-A55B-EB50B8143F6E" targetRef="sid-15B3305E-28EC-4B81-84BA-0A391E23EF10"></sequenceFlow>
    <sequenceFlow id="sid-448FABB5-112B-450C-AD8D-5F7CFD71759C" sourceRef="sid-15B3305E-28EC-4B81-84BA-0A391E23EF10" targetRef="usertask2"></sequenceFlow>
    <sequenceFlow id="sid-92C9CF8F-3B48-4396-AC7E-32E4E967218F" sourceRef="sid-38967529-5B93-4FF3-BE25-268AB9E0C39D" targetRef="scripttask1"></sequenceFlow>
    <sequenceFlow id="sid-7F562AE6-5B89-4B4C-8048-B7D51371EE0F" sourceRef="sid-C4EB1A47-9F07-4597-849A-0B1FFE329DDA" targetRef="usertask1"></sequenceFlow>
    <sequenceFlow id="sid-01594D3E-7412-46C9-8299-908A97460BF0" sourceRef="usertask1" targetRef="sid-38967529-5B93-4FF3-BE25-268AB9E0C39D"></sequenceFlow>
    <sequenceFlow id="sid-7737C78D-7298-40D0-8E06-678B69B2B14C" sourceRef="scripttask1" targetRef="sid-15B3305E-28EC-4B81-84BA-0A391E23EF10"></sequenceFlow>
    <sequenceFlow id="sid-83B6FBB6-D916-49E0-857A-D8A1873EE974" sourceRef="usertask2" targetRef="sid-22F223CE-572B-4B8A-9E4E-31590DD6FD58"></sequenceFlow>
  </process>
  <bpmndi:BPMNDiagram id="BPMNDiagram_Collaboration">
    <bpmndi:BPMNPlane bpmnElement="Collaboration" id="BPMNPlane_Collaboration">
      <bpmndi:BPMNShape bpmnElement="pool_id" id="BPMNShape_pool_id">
        <omgdc:Bounds height="109.0" width="388.0" x="15.0" y="450.0"></omgdc:Bounds>
      </bpmndi:BPMNShape>
      <bpmndi:BPMNShape bpmnElement="sid-AD21F72C-77D0-4F95-855D-B5DC117F0C9B" id="BPMNShape_sid-AD21F72C-77D0-4F95-855D-B5DC117F0C9B">
        <omgdc:Bounds height="109.0" width="358.0" x="45.0" y="450.0"></omgdc:Bounds>
      </bpmndi:BPMNShape>
      <bpmndi:BPMNShape bpmnElement="poolid2" id="BPMNShape_poolid2">
        <omgdc:Bounds height="213.0" width="846.0" x="15.0" y="218.0"></omgdc:Bounds>
      </bpmndi:BPMNShape>
      <bpmndi:BPMNShape bpmnElement="sid-3C496F46-67D1-4227-8683-C26AB2AB269A" id="BPMNShape_sid-3C496F46-67D1-4227-8683-C26AB2AB269A">
        <omgdc:Bounds height="213.0" width="816.0" x="45.0" y="218.0"></omgdc:Bounds>
      </bpmndi:BPMNShape>
      <bpmndi:BPMNShape bpmnElement="sid-949291EA-E64E-44BA-A6CC-4378D7D08ABB" id="BPMNShape_sid-949291EA-E64E-44BA-A6CC-4378D7D08ABB">
        <omgdc:Bounds height="35.0" width="35.0" x="69.0" y="491.0"></omgdc:Bounds>
      </bpmndi:BPMNShape>
      <bpmndi:BPMNShape bpmnElement="usertask3" id="BPMNShape_usertask3">
        <omgdc:Bounds height="80.0" width="100.0" x="144.0" y="466.0"></omgdc:Bounds>
      </bpmndi:BPMNShape>
      <bpmndi:BPMNShape bpmnElement="sid-E80AC19A-9687-4444-859A-6885C2FC720E" id="BPMNShape_sid-E80AC19A-9687-4444-859A-6885C2FC720E">
        <omgdc:Bounds height="35.0" width="35.0" x="289.0" y="492.0"></omgdc:Bounds>
      </bpmndi:BPMNShape>
      <bpmndi:BPMNShape bpmnElement="sid-C4EB1A47-9F07-4597-849A-0B1FFE329DDA" id="BPMNShape_sid-C4EB1A47-9F07-4597-849A-0B1FFE329DDA">
        <omgdc:Bounds height="35.0" width="35.0" x="110.0" y="325.0"></omgdc:Bounds>
      </bpmndi:BPMNShape>
      <bpmndi:BPMNShape bpmnElement="usertask1" id="BPMNShape_usertask1">
        <omgdc:Bounds height="80.0" width="100.0" x="203.0" y="301.0"></omgdc:Bounds>
      </bpmndi:BPMNShape>
      <bpmndi:BPMNShape bpmnElement="sid-38967529-5B93-4FF3-BE25-268AB9E0C39D" id="BPMNShape_sid-38967529-5B93-4FF3-BE25-268AB9E0C39D">
        <omgdc:Bounds height="40.0" width="40.0" x="343.0" y="321.0"></omgdc:Bounds>
      </bpmndi:BPMNShape>
      <bpmndi:BPMNShape bpmnElement="sid-15B3305E-28EC-4B81-84BA-0A391E23EF10" id="BPMNShape_sid-15B3305E-28EC-4B81-84BA-0A391E23EF10">
        <omgdc:Bounds height="40.0" width="40.0" x="608.0" y="321.0"></omgdc:Bounds>
      </bpmndi:BPMNShape>
      <bpmndi:BPMNShape bpmnElement="sid-07D2DF8C-F3EA-4C9A-A55B-EB50B8143F6E" id="BPMNShape_sid-07D2DF8C-F3EA-4C9A-A55B-EB50B8143F6E">
        <omgdc:Bounds height="35.0" width="35.0" x="450.0" y="365.0"></omgdc:Bounds>
      </bpmndi:BPMNShape>
      <bpmndi:BPMNShape bpmnElement="scripttask1" id="BPMNShape_scripttask1">
        <omgdc:Bounds height="80.0" width="100.0" x="440.0" y="248.0"></omgdc:Bounds>
      </bpmndi:BPMNShape>
      <bpmndi:BPMNShape bpmnElement="sid-22F223CE-572B-4B8A-9E4E-31590DD6FD58" id="BPMNShape_sid-22F223CE-572B-4B8A-9E4E-31590DD6FD58">
        <omgdc:Bounds height="35.0" width="35.0" x="820.0" y="324.0"></omgdc:Bounds>
      </bpmndi:BPMNShape>
      <bpmndi:BPMNShape bpmnElement="usertask2" id="BPMNShape_usertask2">
        <omgdc:Bounds height="80.0" width="100.0" x="690.0" y="302.0"></omgdc:Bounds>
      </bpmndi:BPMNShape>
      <bpmndi:BPMNEdge bpmnElement="sid-4A747C6B-1CD8-4418-A857-52155D900E46" id="BPMNEdge_sid-4A747C6B-1CD8-4418-A857-52155D900E46">
        <omgdi:waypoint x="104.0" y="508.0"></omgdi:waypoint>
        <omgdi:waypoint x="144.0" y="506.0"></omgdi:waypoint>
      </bpmndi:BPMNEdge>
      <bpmndi:BPMNEdge bpmnElement="sid-AC49522B-57CB-46D8-A54B-2BC6CFB5A758" id="BPMNEdge_sid-AC49522B-57CB-46D8-A54B-2BC6CFB5A758">
        <omgdi:waypoint x="244.0" y="506.0"></omgdi:waypoint>
        <omgdi:waypoint x="289.0" y="509.0"></omgdi:waypoint>
      </bpmndi:BPMNEdge>
      <bpmndi:BPMNEdge bpmnElement="sid-A5193CA6-1897-454E-91B7-5064EFDBCCB1" id="BPMNEdge_sid-A5193CA6-1897-454E-91B7-5064EFDBCCB1">
        <omgdi:waypoint x="383.0" y="341.0"></omgdi:waypoint>
        <omgdi:waypoint x="467.0" y="365.0"></omgdi:waypoint>
      </bpmndi:BPMNEdge>
      <bpmndi:BPMNEdge bpmnElement="sid-B4BC2602-0153-4C39-A3DB-777ED018BB65" id="BPMNEdge_sid-B4BC2602-0153-4C39-A3DB-777ED018BB65">
        <omgdi:waypoint x="485.0" y="382.0"></omgdi:waypoint>
        <omgdi:waypoint x="628.0" y="361.0"></omgdi:waypoint>
      </bpmndi:BPMNEdge>
      <bpmndi:BPMNEdge bpmnElement="sid-448FABB5-112B-450C-AD8D-5F7CFD71759C" id="BPMNEdge_sid-448FABB5-112B-450C-AD8D-5F7CFD71759C">
        <omgdi:waypoint x="648.0" y="341.0"></omgdi:waypoint>
        <omgdi:waypoint x="690.0" y="342.0"></omgdi:waypoint>
      </bpmndi:BPMNEdge>
      <bpmndi:BPMNEdge bpmnElement="sid-92C9CF8F-3B48-4396-AC7E-32E4E967218F" id="BPMNEdge_sid-92C9CF8F-3B48-4396-AC7E-32E4E967218F">
        <omgdi:waypoint x="383.0" y="341.0"></omgdi:waypoint>
        <omgdi:waypoint x="490.0" y="328.0"></omgdi:waypoint>
      </bpmndi:BPMNEdge>
      <bpmndi:BPMNEdge bpmnElement="sid-7F562AE6-5B89-4B4C-8048-B7D51371EE0F" id="BPMNEdge_sid-7F562AE6-5B89-4B4C-8048-B7D51371EE0F">
        <omgdi:waypoint x="145.0" y="342.0"></omgdi:waypoint>
        <omgdi:waypoint x="203.0" y="341.0"></omgdi:waypoint>
      </bpmndi:BPMNEdge>
      <bpmndi:BPMNEdge bpmnElement="sid-01594D3E-7412-46C9-8299-908A97460BF0" id="BPMNEdge_sid-01594D3E-7412-46C9-8299-908A97460BF0">
        <omgdi:waypoint x="303.0" y="341.0"></omgdi:waypoint>
        <omgdi:waypoint x="343.0" y="341.0"></omgdi:waypoint>
      </bpmndi:BPMNEdge>
      <bpmndi:BPMNEdge bpmnElement="sid-7737C78D-7298-40D0-8E06-678B69B2B14C" id="BPMNEdge_sid-7737C78D-7298-40D0-8E06-678B69B2B14C">
        <omgdi:waypoint x="540.0" y="288.0"></omgdi:waypoint>
        <omgdi:waypoint x="628.0" y="321.0"></omgdi:waypoint>
      </bpmndi:BPMNEdge>
      <bpmndi:BPMNEdge bpmnElement="sid-83B6FBB6-D916-49E0-857A-D8A1873EE974" id="BPMNEdge_sid-83B6FBB6-D916-49E0-857A-D8A1873EE974">
        <omgdi:waypoint x="790.0" y="342.0"></omgdi:waypoint>
        <omgdi:waypoint x="820.0" y="341.0"></omgdi:waypoint>
      </bpmndi:BPMNEdge>
    </bpmndi:BPMNPlane>
  </bpmndi:BPMNDiagram>
</definitions>