<?xml version="1.0" encoding="UTF-8"?>
<definitions xmlns="http://www.omg.org/spec/BPMN/20100524/MODEL" xmlns:xsi="http://www.w3.org/2001/XMLSchema-instance" xmlns:xsd="http://www.w3.org/2001/XMLSchema" xmlns:activiti="http://activiti.org/bpmn" xmlns:bpmndi="http://www.omg.org/spec/BPMN/20100524/DI" xmlns:omgdc="http://www.omg.org/spec/DD/20100524/DC" xmlns:omgdi="http://www.omg.org/spec/DD/20100524/DI" typeLanguage="http://www.w3.org/2001/XMLSchema" expressionLanguage="http://www.w3.org/1999/XPath" targetNamespace="http://www.activiti.org/processdef">
  <signal id="signaltest" name="SignalFuerTestProzess" activiti:scope="global"></signal>
  <process id="servicetaskAndTimerCatchAndSignalCatch" isExecutable="true">
    <startEvent id="sid-BEF3AD88-3A74-42FA-B3F1-D880AFCF16F9">
      <extensionElements>
        <activiti:formProperty id="entscheidung" name="Unten(1), oben(2), else()" type="string"></activiti:formProperty>
      </extensionElements>
    </startEvent>
    <serviceTask id="idst1" name="ST1" activiti:class="development.JavaLogikExample"></serviceTask>
    <exclusiveGateway id="sid-4CEC201D-9A27-4565-A96E-CD8E1A119430" default="sid-6A235A97-C8DC-477F-9325-42DDD0217005"></exclusiveGateway>
    <sequenceFlow id="sid-A77B3F65-31FA-44DB-AA58-44D10450F852" sourceRef="sid-BEF3AD88-3A74-42FA-B3F1-D880AFCF16F9" targetRef="sid-4CEC201D-9A27-4565-A96E-CD8E1A119430"></sequenceFlow>
    <userTask id="idut1" name="UserTask1" activiti:candidateGroups="management"></userTask>
    <sequenceFlow id="sid-85C587ED-5B7E-43AC-8993-0D4E5F710F2F" sourceRef="idst1" targetRef="idut1"></sequenceFlow>
    <exclusiveGateway id="sid-87030A65-235E-40AE-9B8C-37A5DDFB2C98"></exclusiveGateway>
    <sequenceFlow id="sid-927438FB-4857-4531-977E-5AAA9A384112" sourceRef="idut1" targetRef="sid-87030A65-235E-40AE-9B8C-37A5DDFB2C98"></sequenceFlow>
    <intermediateCatchEvent id="sid-C7BCF5EC-42E4-4E25-BD79-EE7941F52C82">
      <signalEventDefinition signalRef="signaltest"></signalEventDefinition>
    </intermediateCatchEvent>
    <userTask id="idut2" name="UserTask2" activiti:candidateGroups="management"></userTask>
    <sequenceFlow id="sid-9FA39596-4FFD-4BEC-827A-8DC2903D620A" sourceRef="sid-C7BCF5EC-42E4-4E25-BD79-EE7941F52C82" targetRef="idut2"></sequenceFlow>
    <sequenceFlow id="sid-8C2DE9E3-C570-43D4-AA60-A477FF1B3D59" sourceRef="idut2" targetRef="sid-87030A65-235E-40AE-9B8C-37A5DDFB2C98"></sequenceFlow>
    <endEvent id="sid-5D8CFAD0-394B-419A-AC36-AE2DD80D3C1B"></endEvent>
    <sequenceFlow id="sid-7F6F1A65-91AE-4E89-8273-7BD8E9484B8D" sourceRef="sid-87030A65-235E-40AE-9B8C-37A5DDFB2C98" targetRef="sid-5D8CFAD0-394B-419A-AC36-AE2DD80D3C1B"></sequenceFlow>
    <boundaryEvent id="timerid" name="Timer20SRepeat" attachedToRef="idut2" cancelActivity="true">
      <timerEventDefinition>
        <timeCycle>R3/PT20S</timeCycle>
      </timerEventDefinition>
    </boundaryEvent>
    <userTask id="ut3" name="UserTask3" activiti:assignee="kermit"></userTask>
    <sequenceFlow id="sid-5C1C0855-2380-4EA9-8FF6-97A0F0D2B38C" sourceRef="timerid" targetRef="ut3"></sequenceFlow>
    <endEvent id="sid-65C12AF4-92B6-4546-99BB-D43928CAD8C4"></endEvent>
    <sequenceFlow id="sid-7A80F419-20B4-4016-9F68-2E1ED2027AA8" sourceRef="ut3" targetRef="sid-65C12AF4-92B6-4546-99BB-D43928CAD8C4"></sequenceFlow>
    <manualTask id="sid-587C9A9B-A035-467F-9127-59FA4814F76A" name="idManual"></manualTask>
    <sequenceFlow id="sid-1037CB61-35D3-451B-AE62-EAB219400FB4" sourceRef="sid-587C9A9B-A035-467F-9127-59FA4814F76A" targetRef="sid-87030A65-235E-40AE-9B8C-37A5DDFB2C98"></sequenceFlow>
    <sequenceFlow id="sid-6A235A97-C8DC-477F-9325-42DDD0217005" sourceRef="sid-4CEC201D-9A27-4565-A96E-CD8E1A119430" targetRef="sid-587C9A9B-A035-467F-9127-59FA4814F76A"></sequenceFlow>
    <sequenceFlow id="sid-0AD18943-B614-4D02-A5EE-022360C5D310" sourceRef="sid-4CEC201D-9A27-4565-A96E-CD8E1A119430" targetRef="idst1">
      <conditionExpression xsi:type="tFormalExpression"><![CDATA[${entscheidung=='1'}]]></conditionExpression>
    </sequenceFlow>
    <sequenceFlow id="sid-B3FF2357-AEA7-488B-84D9-3F76FEA17990" sourceRef="sid-4CEC201D-9A27-4565-A96E-CD8E1A119430" targetRef="sid-C7BCF5EC-42E4-4E25-BD79-EE7941F52C82">
      <conditionExpression xsi:type="tFormalExpression"><![CDATA[${entscheidung=='2'}]]></conditionExpression>
    </sequenceFlow>
  </process>
  <bpmndi:BPMNDiagram id="BPMNDiagram_servicetaskAndTimerCatchAndSignalCatch">
    <bpmndi:BPMNPlane bpmnElement="servicetaskAndTimerCatchAndSignalCatch" id="BPMNPlane_servicetaskAndTimerCatchAndSignalCatch">
      <bpmndi:BPMNShape bpmnElement="sid-BEF3AD88-3A74-42FA-B3F1-D880AFCF16F9" id="BPMNShape_sid-BEF3AD88-3A74-42FA-B3F1-D880AFCF16F9">
        <omgdc:Bounds height="35.0" width="35.0" x="15.0" y="185.0"></omgdc:Bounds>
      </bpmndi:BPMNShape>
      <bpmndi:BPMNShape bpmnElement="idst1" id="BPMNShape_idst1">
        <omgdc:Bounds height="80.0" width="100.0" x="210.0" y="160.0"></omgdc:Bounds>
      </bpmndi:BPMNShape>
      <bpmndi:BPMNShape bpmnElement="sid-4CEC201D-9A27-4565-A96E-CD8E1A119430" id="BPMNShape_sid-4CEC201D-9A27-4565-A96E-CD8E1A119430">
        <omgdc:Bounds height="40.0" width="40.0" x="105.0" y="180.0"></omgdc:Bounds>
      </bpmndi:BPMNShape>
      <bpmndi:BPMNShape bpmnElement="idut1" id="BPMNShape_idut1">
        <omgdc:Bounds height="80.0" width="100.0" x="356.0" y="160.0"></omgdc:Bounds>
      </bpmndi:BPMNShape>
      <bpmndi:BPMNShape bpmnElement="sid-87030A65-235E-40AE-9B8C-37A5DDFB2C98" id="BPMNShape_sid-87030A65-235E-40AE-9B8C-37A5DDFB2C98">
        <omgdc:Bounds height="40.0" width="40.0" x="510.0" y="180.0"></omgdc:Bounds>
      </bpmndi:BPMNShape>
      <bpmndi:BPMNShape bpmnElement="sid-C7BCF5EC-42E4-4E25-BD79-EE7941F52C82" id="BPMNShape_sid-C7BCF5EC-42E4-4E25-BD79-EE7941F52C82">
        <omgdc:Bounds height="35.0" width="35.0" x="245.0" y="290.0"></omgdc:Bounds>
      </bpmndi:BPMNShape>
      <bpmndi:BPMNShape bpmnElement="idut2" id="BPMNShape_idut2">
        <omgdc:Bounds height="80.0" width="100.0" x="355.0" y="265.0"></omgdc:Bounds>
      </bpmndi:BPMNShape>
      <bpmndi:BPMNShape bpmnElement="timerid" id="BPMNShape_timerid">
        <omgdc:Bounds height="30.0" width="30.0" x="391.0" y="330.0"></omgdc:Bounds>
      </bpmndi:BPMNShape>
      <bpmndi:BPMNShape bpmnElement="sid-5D8CFAD0-394B-419A-AC36-AE2DD80D3C1B" id="BPMNShape_sid-5D8CFAD0-394B-419A-AC36-AE2DD80D3C1B">
        <omgdc:Bounds height="35.0" width="35.0" x="600.0" y="186.0"></omgdc:Bounds>
      </bpmndi:BPMNShape>
      <bpmndi:BPMNShape bpmnElement="ut3" id="BPMNShape_ut3">
        <omgdc:Bounds height="80.0" width="100.0" x="510.0" y="300.0"></omgdc:Bounds>
      </bpmndi:BPMNShape>
      <bpmndi:BPMNShape bpmnElement="sid-65C12AF4-92B6-4546-99BB-D43928CAD8C4" id="BPMNShape_sid-65C12AF4-92B6-4546-99BB-D43928CAD8C4">
        <omgdc:Bounds height="35.0" width="35.0" x="720.0" y="326.0"></omgdc:Bounds>
      </bpmndi:BPMNShape>
      <bpmndi:BPMNShape bpmnElement="sid-587C9A9B-A035-467F-9127-59FA4814F76A" id="BPMNShape_sid-587C9A9B-A035-467F-9127-59FA4814F76A">
        <omgdc:Bounds height="80.0" width="100.0" x="285.0" y="15.0"></omgdc:Bounds>
      </bpmndi:BPMNShape>
      <bpmndi:BPMNEdge bpmnElement="sid-A77B3F65-31FA-44DB-AA58-44D10450F852" id="BPMNEdge_sid-A77B3F65-31FA-44DB-AA58-44D10450F852">
        <omgdi:waypoint x="50.0" y="202.0"></omgdi:waypoint>
        <omgdi:waypoint x="105.0" y="200.0"></omgdi:waypoint>
      </bpmndi:BPMNEdge>
      <bpmndi:BPMNEdge bpmnElement="sid-85C587ED-5B7E-43AC-8993-0D4E5F710F2F" id="BPMNEdge_sid-85C587ED-5B7E-43AC-8993-0D4E5F710F2F">
        <omgdi:waypoint x="310.0" y="200.0"></omgdi:waypoint>
        <omgdi:waypoint x="356.0" y="200.0"></omgdi:waypoint>
      </bpmndi:BPMNEdge>
      <bpmndi:BPMNEdge bpmnElement="sid-927438FB-4857-4531-977E-5AAA9A384112" id="BPMNEdge_sid-927438FB-4857-4531-977E-5AAA9A384112">
        <omgdi:waypoint x="456.0" y="200.0"></omgdi:waypoint>
        <omgdi:waypoint x="510.0" y="200.0"></omgdi:waypoint>
      </bpmndi:BPMNEdge>
      <bpmndi:BPMNEdge bpmnElement="sid-9FA39596-4FFD-4BEC-827A-8DC2903D620A" id="BPMNEdge_sid-9FA39596-4FFD-4BEC-827A-8DC2903D620A">
        <omgdi:waypoint x="280.0" y="307.0"></omgdi:waypoint>
        <omgdi:waypoint x="355.0" y="305.0"></omgdi:waypoint>
      </bpmndi:BPMNEdge>
      <bpmndi:BPMNEdge bpmnElement="sid-8C2DE9E3-C570-43D4-AA60-A477FF1B3D59" id="BPMNEdge_sid-8C2DE9E3-C570-43D4-AA60-A477FF1B3D59">
        <omgdi:waypoint x="405.0" y="265.0"></omgdi:waypoint>
        <omgdi:waypoint x="530.0" y="220.0"></omgdi:waypoint>
      </bpmndi:BPMNEdge>
      <bpmndi:BPMNEdge bpmnElement="sid-7F6F1A65-91AE-4E89-8273-7BD8E9484B8D" id="BPMNEdge_sid-7F6F1A65-91AE-4E89-8273-7BD8E9484B8D">
        <omgdi:waypoint x="550.0" y="200.0"></omgdi:waypoint>
        <omgdi:waypoint x="600.0" y="203.0"></omgdi:waypoint>
      </bpmndi:BPMNEdge>
      <bpmndi:BPMNEdge bpmnElement="sid-5C1C0855-2380-4EA9-8FF6-97A0F0D2B38C" id="BPMNEdge_sid-5C1C0855-2380-4EA9-8FF6-97A0F0D2B38C">
        <omgdi:waypoint x="421.0" y="345.0"></omgdi:waypoint>
        <omgdi:waypoint x="510.0" y="340.0"></omgdi:waypoint>
      </bpmndi:BPMNEdge>
      <bpmndi:BPMNEdge bpmnElement="sid-7A80F419-20B4-4016-9F68-2E1ED2027AA8" id="BPMNEdge_sid-7A80F419-20B4-4016-9F68-2E1ED2027AA8">
        <omgdi:waypoint x="610.0" y="340.0"></omgdi:waypoint>
        <omgdi:waypoint x="720.0" y="343.0"></omgdi:waypoint>
      </bpmndi:BPMNEdge>
      <bpmndi:BPMNEdge bpmnElement="sid-1037CB61-35D3-451B-AE62-EAB219400FB4" id="BPMNEdge_sid-1037CB61-35D3-451B-AE62-EAB219400FB4">
        <omgdi:waypoint x="335.0" y="95.0"></omgdi:waypoint>
        <omgdi:waypoint x="530.0" y="180.0"></omgdi:waypoint>
      </bpmndi:BPMNEdge>
      <bpmndi:BPMNEdge bpmnElement="sid-6A235A97-C8DC-477F-9325-42DDD0217005" id="BPMNEdge_sid-6A235A97-C8DC-477F-9325-42DDD0217005">
        <omgdi:waypoint x="125.0" y="180.0"></omgdi:waypoint>
        <omgdi:waypoint x="335.0" y="95.0"></omgdi:waypoint>
      </bpmndi:BPMNEdge>
      <bpmndi:BPMNEdge bpmnElement="sid-0AD18943-B614-4D02-A5EE-022360C5D310" id="BPMNEdge_sid-0AD18943-B614-4D02-A5EE-022360C5D310">
        <omgdi:waypoint x="145.0" y="200.0"></omgdi:waypoint>
        <omgdi:waypoint x="210.0" y="200.0"></omgdi:waypoint>
      </bpmndi:BPMNEdge>
      <bpmndi:BPMNEdge bpmnElement="sid-B3FF2357-AEA7-488B-84D9-3F76FEA17990" id="BPMNEdge_sid-B3FF2357-AEA7-488B-84D9-3F76FEA17990">
        <omgdi:waypoint x="125.0" y="220.0"></omgdi:waypoint>
        <omgdi:waypoint x="262.0" y="290.0"></omgdi:waypoint>
      </bpmndi:BPMNEdge>
    </bpmndi:BPMNPlane>
  </bpmndi:BPMNDiagram>
</definitions>