<?xml version="1.0" encoding="UTF-8"?>
<definitions xmlns="http://www.omg.org/spec/BPMN/20100524/MODEL" xmlns:xsi="http://www.w3.org/2001/XMLSchema-instance" xmlns:xsd="http://www.w3.org/2001/XMLSchema" xmlns:activiti="http://activiti.org/bpmn" xmlns:bpmndi="http://www.omg.org/spec/BPMN/20100524/DI" xmlns:omgdc="http://www.omg.org/spec/DD/20100524/DC" xmlns:omgdi="http://www.omg.org/spec/DD/20100524/DI" typeLanguage="http://www.w3.org/2001/XMLSchema" expressionLanguage="http://www.w3.org/1999/XPath" targetNamespace="http://www.activiti.org/processdef">
  <process id="serviceTaskTestProcess" isExecutable="true">
    <startEvent id="sid-5BC4304C-039F-4936-887A-5C2A30AD06F1"></startEvent>
    <serviceTask id="st" name="ST" activiti:class="development.ServiceTaskTestLogik2"></serviceTask>
    <sequenceFlow id="sid-15B98A78-BF38-43D9-9C94-1B135BAF0CCA" sourceRef="sid-5BC4304C-039F-4936-887A-5C2A30AD06F1" targetRef="st"></sequenceFlow>
    <exclusiveGateway id="sid-3C1DDD59-3C5B-44C5-AA8F-00EC06BE9128" default="sid-9CDE9FE7-5D4A-4409-8A90-D73852D3D418"></exclusiveGateway>
    <sequenceFlow id="sid-1B036A05-FA1C-4D4C-A0DA-202D0893D7DF" sourceRef="st" targetRef="sid-3C1DDD59-3C5B-44C5-AA8F-00EC06BE9128"></sequenceFlow>
    <userTask id="ut1" activiti:assignee="kermit"></userTask>
    <userTask id="ut2" activiti:assignee="kermit"></userTask>
    <exclusiveGateway id="sid-C62FC066-5535-462B-BEF2-983807D84D93"></exclusiveGateway>
    <sequenceFlow id="sid-CDACC477-2730-448B-84B6-6F60B6E8389D" sourceRef="ut2" targetRef="sid-C62FC066-5535-462B-BEF2-983807D84D93"></sequenceFlow>
    <endEvent id="sid-FD04A3A8-A71C-4F31-8FBE-17869A71C1C0"></endEvent>
    <sequenceFlow id="sid-B2475E5A-C1A8-41C1-B4B2-3027C9236F1A" sourceRef="sid-C62FC066-5535-462B-BEF2-983807D84D93" targetRef="sid-FD04A3A8-A71C-4F31-8FBE-17869A71C1C0"></sequenceFlow>
    <sequenceFlow id="sid-9FA06483-A642-4367-8E37-332BEEC30831" sourceRef="ut1" targetRef="sid-C62FC066-5535-462B-BEF2-983807D84D93"></sequenceFlow>
    <sequenceFlow id="sid-9CDE9FE7-5D4A-4409-8A90-D73852D3D418" sourceRef="sid-3C1DDD59-3C5B-44C5-AA8F-00EC06BE9128" targetRef="ut2"></sequenceFlow>
    <sequenceFlow id="sid-261AD561-7CA6-4774-98D5-591564C624BD" sourceRef="sid-3C1DDD59-3C5B-44C5-AA8F-00EC06BE9128" targetRef="ut1">
      <conditionExpression xsi:type="tFormalExpression"><![CDATA[${x=='1'}]]></conditionExpression>
    </sequenceFlow>
  </process>
  <bpmndi:BPMNDiagram id="BPMNDiagram_serviceTaskTestProcess">
    <bpmndi:BPMNPlane bpmnElement="serviceTaskTestProcess" id="BPMNPlane_serviceTaskTestProcess">
      <bpmndi:BPMNShape bpmnElement="sid-5BC4304C-039F-4936-887A-5C2A30AD06F1" id="BPMNShape_sid-5BC4304C-039F-4936-887A-5C2A30AD06F1">
        <omgdc:Bounds height="35.0" width="35.0" x="41.0" y="137.0"></omgdc:Bounds>
      </bpmndi:BPMNShape>
      <bpmndi:BPMNShape bpmnElement="st" id="BPMNShape_st">
        <omgdc:Bounds height="80.0" width="100.0" x="135.0" y="112.0"></omgdc:Bounds>
      </bpmndi:BPMNShape>
      <bpmndi:BPMNShape bpmnElement="sid-3C1DDD59-3C5B-44C5-AA8F-00EC06BE9128" id="BPMNShape_sid-3C1DDD59-3C5B-44C5-AA8F-00EC06BE9128">
        <omgdc:Bounds height="40.0" width="40.0" x="280.0" y="132.0"></omgdc:Bounds>
      </bpmndi:BPMNShape>
      <bpmndi:BPMNShape bpmnElement="ut1" id="BPMNShape_ut1">
        <omgdc:Bounds height="80.0" width="100.0" x="375.0" y="45.0"></omgdc:Bounds>
      </bpmndi:BPMNShape>
      <bpmndi:BPMNShape bpmnElement="ut2" id="BPMNShape_ut2">
        <omgdc:Bounds height="80.0" width="100.0" x="375.0" y="165.0"></omgdc:Bounds>
      </bpmndi:BPMNShape>
      <bpmndi:BPMNShape bpmnElement="sid-C62FC066-5535-462B-BEF2-983807D84D93" id="BPMNShape_sid-C62FC066-5535-462B-BEF2-983807D84D93">
        <omgdc:Bounds height="40.0" width="40.0" x="520.0" y="132.0"></omgdc:Bounds>
      </bpmndi:BPMNShape>
      <bpmndi:BPMNShape bpmnElement="sid-FD04A3A8-A71C-4F31-8FBE-17869A71C1C0" id="BPMNShape_sid-FD04A3A8-A71C-4F31-8FBE-17869A71C1C0">
        <omgdc:Bounds height="35.0" width="35.0" x="605.0" y="138.0"></omgdc:Bounds>
      </bpmndi:BPMNShape>
      <bpmndi:BPMNEdge bpmnElement="sid-15B98A78-BF38-43D9-9C94-1B135BAF0CCA" id="BPMNEdge_sid-15B98A78-BF38-43D9-9C94-1B135BAF0CCA">
        <omgdi:waypoint x="76.0" y="154.0"></omgdi:waypoint>
        <omgdi:waypoint x="135.0" y="152.0"></omgdi:waypoint>
      </bpmndi:BPMNEdge>
      <bpmndi:BPMNEdge bpmnElement="sid-1B036A05-FA1C-4D4C-A0DA-202D0893D7DF" id="BPMNEdge_sid-1B036A05-FA1C-4D4C-A0DA-202D0893D7DF">
        <omgdi:waypoint x="235.0" y="152.0"></omgdi:waypoint>
        <omgdi:waypoint x="280.0" y="152.0"></omgdi:waypoint>
      </bpmndi:BPMNEdge>
      <bpmndi:BPMNEdge bpmnElement="sid-CDACC477-2730-448B-84B6-6F60B6E8389D" id="BPMNEdge_sid-CDACC477-2730-448B-84B6-6F60B6E8389D">
        <omgdi:waypoint x="475.0" y="205.0"></omgdi:waypoint>
        <omgdi:waypoint x="540.0" y="205.0"></omgdi:waypoint>
        <omgdi:waypoint x="540.0" y="172.0"></omgdi:waypoint>
      </bpmndi:BPMNEdge>
      <bpmndi:BPMNEdge bpmnElement="sid-B2475E5A-C1A8-41C1-B4B2-3027C9236F1A" id="BPMNEdge_sid-B2475E5A-C1A8-41C1-B4B2-3027C9236F1A">
        <omgdi:waypoint x="560.0" y="152.0"></omgdi:waypoint>
        <omgdi:waypoint x="605.0" y="155.0"></omgdi:waypoint>
      </bpmndi:BPMNEdge>
      <bpmndi:BPMNEdge bpmnElement="sid-9FA06483-A642-4367-8E37-332BEEC30831" id="BPMNEdge_sid-9FA06483-A642-4367-8E37-332BEEC30831">
        <omgdi:waypoint x="475.0" y="85.0"></omgdi:waypoint>
        <omgdi:waypoint x="540.0" y="85.0"></omgdi:waypoint>
        <omgdi:waypoint x="540.0" y="132.0"></omgdi:waypoint>
      </bpmndi:BPMNEdge>
      <bpmndi:BPMNEdge bpmnElement="sid-9CDE9FE7-5D4A-4409-8A90-D73852D3D418" id="BPMNEdge_sid-9CDE9FE7-5D4A-4409-8A90-D73852D3D418">
        <omgdi:waypoint x="320.0" y="152.0"></omgdi:waypoint>
        <omgdi:waypoint x="425.0" y="165.0"></omgdi:waypoint>
      </bpmndi:BPMNEdge>
      <bpmndi:BPMNEdge bpmnElement="sid-261AD561-7CA6-4774-98D5-591564C624BD" id="BPMNEdge_sid-261AD561-7CA6-4774-98D5-591564C624BD">
        <omgdi:waypoint x="320.0" y="152.0"></omgdi:waypoint>
        <omgdi:waypoint x="425.0" y="125.0"></omgdi:waypoint>
      </bpmndi:BPMNEdge>
    </bpmndi:BPMNPlane>
  </bpmndi:BPMNDiagram>
</definitions>