<definitions xmlns="http://www.omg.org/spec/BPMN/20100524/MODEL" xmlns:activiti="http://activiti.org/bpmn" targetNamespace="http://www.bpmnwithactiviti.org/multiinstance">

	<process id="decisionProcess" name="Decision making process">
		<startEvent id="theStart">
			<extensionElements>
				<activiti:formProperty id="decisionInfo" name="Decision info" required="true" type="string" />
				<activiti:formProperty id="participants" name="Participants (comma separated)" required="true" type="string" />
			</extensionElements>
		</startEvent>
		<sequenceFlow sourceRef="theStart" targetRef="createAssigneeList" />
		<serviceTask id="createAssigneeList" activiti:class="org.bpmnwithactiviti.chapter10.multiinstance.CreateAssigneeList" />
		<sequenceFlow sourceRef="createAssigneeList" targetRef="decisionSubProcess" />
		<subProcess id="decisionSubProcess">
			<multiInstanceLoopCharacteristics isSequential="false">
				<loopDataInputRef>assigneeList</loopDataInputRef>
				<inputDataItem name="assignee"/>
				<completionCondition>${nrOfCompletedInstances/nrOfInstances > 0.5 }</completionCondition>
			</multiInstanceLoopCharacteristics>
			<startEvent id="theStartSubProcess" />
			<sequenceFlow sourceRef="theStartSubProcess" targetRef="decisionTask" />
			<userTask id="decisionTask" name="Decision task" activiti:assignee="${assignee}">
				<extensionElements>
					<activiti:formProperty id="decisionInfo" name="Decision info" expression="${decisionInfo}" writable="false" />
					<activiti:formProperty id="vote" name="Do you approve the preliminary decision" required="true" type="enum">
						<activiti:value id="true" name="Yes" />
						<activiti:value id="false" name="No" />
					</activiti:formProperty>
				</extensionElements>
			</userTask>
			<sequenceFlow sourceRef="decisionTask" targetRef="gatherDecisionVote" />
			<serviceTask id="gatherDecisionVote" activiti:class="org.bpmnwithactiviti.chapter10.multiinstance.AddDecisionVote" />
			<sequenceFlow sourceRef="gatherDecisionVote" targetRef="theEndSubProcess" />
			<endEvent id="theEndSubProcess" />
		</subProcess>
		<sequenceFlow sourceRef="decisionSubProcess" targetRef="outcomeTask" />
		<serviceTask id="outcomeTask" activiti:class="org.bpmnwithactiviti.chapter10.multiinstance.PublishVotePoll" />
		<sequenceFlow sourceRef="outcomeTask" targetRef="theEnd" />
		<endEvent id="theEnd" />
	</process>
</definitions>