<?xml version="1.0" encoding="UTF-8"?>
<definitions id="vacationRequest"
	xmlns:xsi="http://www.w3.org/2001/XMLSchema-instance"
	xsi:schemaLocation="http://schema.omg.org/spec/BPMN/2.0 ../../../../../../../../../../bpmn/src/main/resources/BPMN20.xsd"
	xmlns="http://schema.omg.org/spec/BPMN/2.0" typeLanguage="http://www.w3.org/2001/XMLSchema"
	expressionLanguage="http://www.w3.org/1999/XPath" targetNamespace="http://jbpm.org/example/bpmn2/vacation_request"
	xmlns:jbpm="http://jbpm.org/bpmn2">

	<process id="vacationRequestProcess">

		<startEvent id="start" />

		<sequenceFlow id="flow1" name="fromStartToRequestVacation"
			sourceRef="start" targetRef="requestVacation" />

		<userTask id="requestVacation" name="Request Vacation"
			implementation="other">
			<potentialOwner resourceRef="user" jbpm:type="group">
        <resourceAssignmentExpression>
          <formalExpression>user</formalExpression>
        </resourceAssignmentExpression>
      </potentialOwner>
			<rendering id="requestForm">
				<jbpm:form>org/jbpm/examples/bpmn/task/usertask/taskform/request_vacation.ftl</jbpm:form>
			</rendering>
		</userTask>

		<sequenceFlow id="flow2"
			name="fromRequestVacationToVerifyRequest" sourceRef="requestVacation"
			targetRef="verifyRequest" />

		<userTask id="verifyRequest" name="Verify Request"
			implementation="other">
			<potentialOwner resourceRef="user" jbpm:type="group">
        <resourceAssignmentExpression>
          <formalExpression>manager</formalExpression>
        </resourceAssignmentExpression>
      </potentialOwner>
			<rendering id="verifyForm">
				<jbpm:form>org/jbpm/examples/bpmn/task/usertask/taskform/verify_request.ftl</jbpm:form>
			</rendering>
		</userTask>

		<sequenceFlow id="flow3" name="fromVerifyRequestToEnd"
			sourceRef="verifyRequest" targetRef="theEnd">
			<conditionExpression xsi:type="tFormalExpression">${verificationResult == 'OK'}</conditionExpression>
		</sequenceFlow>

		<sequenceFlow id="flow4"
			name="fromVerifyRequestToSendRejectionMessage" sourceRef="verifyRequest"
			targetRef="sendRejectionMessage">
			<conditionExpression xsi:type="tFormalExpression">${verificationResult == 'Not OK'}</conditionExpression>
		</sequenceFlow>

		<scriptTask id="sendRejectionMessage" name="Send rejection Message"
			scriptLanguage="bsh">
			<script>
        <![CDATA[System.out.println("Vacation request refused!");]]>
			</script>
		</scriptTask>

		<sequenceFlow id="flow5"
			name="fromSendRejectionMessageToEnd" sourceRef="sendRejectionMessage"
			targetRef="theEnd" />

		<endEvent id="theEnd" name="End" />


	</process>
</definitions>
