<?xml version="1.0" encoding="UTF-8" ?>

<definitions xmlns="http://www.omg.org/spec/BPMN/20100524/MODEL"
   xmlns:xsi="http://www.w3.org/2001/XMLSchema-instance" xmlns:activiti="http://activiti.org/bpmn"
   xmlns:bpmndi="http://www.omg.org/spec/BPMN/20100524/DI" xmlns:omgdc="http://www.omg.org/spec/DD/20100524/DC"
   xmlns:omgdi="http://www.omg.org/spec/DD/20100524/DI" typeLanguage="http://www.w3.org/2001/XMLSchema"
   expressionLanguage="http://www.w3.org/1999/XPath" targetNamespace="http://alfresco.org">

    <process id="hybridAdhoc" name="Hybrid Adhoc Task Process">

        <extensionElements>
            <activiti:executionListener delegateExpression="${HybridWorkflowCleanupListener}" event="end" />
        </extensionElements>
        
        <startEvent id="start"
            activiti:formKey="wf:submitAdhocTask" />

        <sequenceFlow id='flow1' 
            sourceRef='start'
            targetRef='adhocTask' />

        <userTask id="adhocTask" name="Adhoc Task"
            activiti:formKey="wf:adhocTask">
           <extensionElements>
               <activiti:taskListener event="create" class="org.alfresco.repo.workflow.activiti.tasklistener.ScriptTaskListener">
                  <activiti:field name="script">
                     <activiti:string>
                        if (typeof bpm_workflowDescription != 'undefined') task.description = bpm_workflowDescription;
                        if (typeof bpm_workflowDueDate != 'undefined') task.dueDate = bpm_workflowDueDate
                        if (typeof bpm_workflowPriority != 'undefined') task.priority = bpm_workflowPriority;
                        task.setVariableLocal('bpm_reassignable', false);
                        task.setVariableLocal('bpm_packageActionGroup', '');
                     </activiti:string>
                  </activiti:field>
               </activiti:taskListener>
               <activiti:taskListener event="complete" class="org.alfresco.repo.workflow.activiti.tasklistener.ScriptTaskListener">
                  <activiti:field name="script">
                     <activiti:string>
                       	execution.setVariable('wf_reviewOutcome', task.getVariable('wf_reviewOutcome'));
                        execution.setVariable('bpm_comment', task.getVariable('bpm_comment'));
                        
                        var commentsArray = new java.util.ArrayList();
                        commentsArray.add(task.getVariable('bpm_comment'));
                        execution.setVariable('hwf_comments', commentsArray);
                     </activiti:string>
                  </activiti:field>
               </activiti:taskListener>
           </extensionElements>
            <humanPerformer>
                <resourceAssignmentExpression>
                    <formalExpression>${bpm_assignee.properties.userName}</formalExpression>
                </resourceAssignmentExpression>
            </humanPerformer>
        </userTask>

        <sequenceFlow id='flow2' sourceRef='adhocTask' targetRef='end' />
            
        <endEvent id="end" />

    </process>
    
</definitions>