<?xml version="1.0" encoding="UTF-8"?>
<definitions 
  xmlns:xsi="http://www.w3.org/2001/XMLSchema-instance"
  xsi:schemaLocation="http://schema.omg.org/spec/BPMN/2.0 ../../../../../../../../../../bpmn/src/main/resources/BPMN20.xsd"
  xmlns="http://schema.omg.org/spec/BPMN/2.0"
  typeLanguage="http://www.w3.org/2001/XMLSchema"
  expressionLanguage="http://www.w3.org/1999/XPath" 
  targetNamespace="http://jbpm.org/example/bpmn2/timer_start_end_event"
  xmlns:jbpm="http://jbpm.org/bpmn2">

  <process id="noneStartEndEvent">

    <startEvent id="start" >
      <timerEventDefinition>
        <timeCycle>10 hours</timeCycle>
      </timerEventDefinition>
    </startEvent>

    <sequenceFlow id="flow1" sourceRef="start" targetRef="wait" />
      
    <receiveTask id="wait" />
    
     <sequenceFlow id="flow2" sourceRef="wait" targetRef="end" />

    <endEvent id="end" />

  </process>
  
</definitions>
