<?xml version="1.0" encoding="UTF-8"?>

<!-- located: Alfresco\tomcat\webapps\alfresco\WEB-INF\classes\alfresco\workflow -->

<definitions xmlns="http://www.omg.org/spec/BPMN/20100524/MODEL" xmlns:xsi="http://www.w3.org/2001/XMLSchema-instance" xmlns:activiti="http://activiti.org/bpmn" xmlns:bpmndi="http://www.omg.org/spec/BPMN/20100524/DI" xmlns:omgdc="http://www.omg.org/spec/DD/20100524/DC" xmlns:omgdi="http://www.omg.org/spec/DD/20100524/DI" typeLanguage="http://www.w3.org/2001/XMLSchema" expressionLanguage="http://www.w3.org/1999/XPath" targetNamespace="http://www.activiti.org/test">
  <process id="BidFlow" name="BidFlow" isExecutable="true">
  <extensionElements>
   <activiti:executionListener event="start"
    class="org.alfresco.repo.workflow.activiti.listener.ScriptExecutionListener">
    <activiti:field name="script">
     <activiti:string>execution.setVariable('wf_EditorsGroup', groups.getGroup('Editors').getFullName());
                   execution.setVariable('wf_CollaboratorsGroup', groups.getGroup('Collaborators').getFullName());
                   execution.setVariable('wf_ContributorsGroup', groups.getGroup('Contributors').getFullName());
                   execution.setVariable('wf_CoordinatorsGroup', groups.getGroup('Coordinators').getFullName());
            </activiti:string>
  
    </activiti:field>
   </activiti:executionListener>

  </extensionElements>
    <startEvent id="startevent1" name="Start" activiti:candidateGroups="${wf_ContributorsGroup}" activiti:formKey="wf:BidFlow"></startEvent>
    <userTask id="EditorTask1" name="EditorTask1" activiti:candidateGroups="${wf_EditorsGroup}" activiti:formKey="wf:TestFloweditors">
     <extensionElements>
      <activiti:taskListener event="create" class="org.alfresco.repo.workflow.activiti.tasklistener.ScriptTaskListener">
          <activiti:field name="script">
            <activiti:string>if (typeof bpm_workflowDueDate != 'undefined') task.dueDate = bpm_workflowDueDate;
                 if (typeof bpm_workflowPriority != 'undefined') task.priority = bpm_workflowPriority;
                 if (typeof bpm_comment != 'undefined') task.setVariable('bpm_comment', bpm_comment);
            </activiti:string>
          </activiti:field>
        </activiti:taskListener>
        <activiti:taskListener event="complete" class="org.alfresco.repo.workflow.activiti.tasklistener.ScriptTaskListener">
          <activiti:field name="script">
            <activiti:string>execution.setVariable('bpm_assignee', task.getVariable('bpm_assignee'));
                     execution.setVariable('bpm_comment', task.getVariable('bpm_comment'));
                    execution.setVariable('wf_manager', person);
                    execution.setVariable('bpm_dueDate', task.dueDate);
                    execution.setVariable('bpm_priority', task.priority);
            </activiti:string>
          </activiti:field>
        </activiti:taskListener>
    
    </extensionElements>
  
    </userTask>
    <userTask id="CollaboratorTask1" name="CollaboratorTask1" activiti:candidateGroups="${wf_CollaboratorsGroup}" activiti:formKey="wf:TestFlowcollaborators">
      <extensionElements>
      <activiti:taskListener event="create" class="org.alfresco.repo.workflow.activiti.tasklistener.ScriptTaskListener">
          <activiti:field name="script">
            <activiti:string>if (typeof bpm_workflowDueDate != 'undefined') task.dueDate = bpm_workflowDueDate;
                 if (typeof bpm_workflowPriority != 'undefined') task.priority = bpm_workflowPriority;
                 if (typeof bpm_comment != 'undefined') task.setVariable('bpm_comment', bpm_comment);
            </activiti:string>
          </activiti:field>
        </activiti:taskListener>
        <activiti:taskListener event="complete" class="org.alfresco.repo.workflow.activiti.tasklistener.ScriptTaskListener">
          <activiti:field name="script">
            <activiti:string>
                     execution.setVariable('bpm_assignee', task.getVariable('bpm_assignee'));
                     execution.setVariable('bpm_comment', task.getVariable('bpm_comment'));
                    execution.setVariable('wf_manager', person);
                    execution.setVariable('bpm_dueDate', task.dueDate);
                    execution.setVariable('bpm_priority', task.priority);

            </activiti:string>
          </activiti:field>
        </activiti:taskListener>

        </extensionElements>
    </userTask>
    <userTask id="EditorTask2" name="EditorTask2" activiti:candidateGroups="${wf_EditorsGroup}" activiti:formKey="wf:TestFloweditors">
     <extensionElements>
      <activiti:taskListener event="create" class="org.alfresco.repo.workflow.activiti.tasklistener.ScriptTaskListener">
          <activiti:field name="script">
            <activiti:string>if (typeof bpm_workflowDueDate != 'undefined') task.dueDate = bpm_workflowDueDate;
                 if (typeof bpm_workflowPriority != 'undefined') task.priority = bpm_workflowPriority;
                 if (typeof bpm_comment != 'undefined') task.setVariable('bpm_comment', bpm_comment);
            </activiti:string>
          </activiti:field>
        </activiti:taskListener>
        <activiti:taskListener event="complete" class="org.alfresco.repo.workflow.activiti.tasklistener.ScriptTaskListener">
          <activiti:field name="script">
            <activiti:string>
        execution.setVariable('bpm_assignee', task.getVariable('bpm_assignee'));
                     execution.setVariable('bpm_comment', task.getVariable('bpm_comment'));
                    execution.setVariable('wf_manager', person);
                    execution.setVariable('bpm_dueDate', task.dueDate);
                    execution.setVariable('bpm_priority', task.priority);
           </activiti:string>
          </activiti:field>
        </activiti:taskListener>
        </extensionElements>   
    </userTask>
    <userTask id="CollaboratorTask2" name="CollaboratorTask2" activiti:candidateGroups="${wf_CollaboratorsGroup}" activiti:formKey="wf:TestFlowcollaborators">
     <extensionElements>
      <activiti:taskListener event="create" class="org.alfresco.repo.workflow.activiti.tasklistener.ScriptTaskListener">
          <activiti:field name="script">
            <activiti:string>if (typeof bpm_workflowDueDate != 'undefined') task.dueDate = bpm_workflowDueDate;
                 if (typeof bpm_workflowPriority != 'undefined') task.priority = bpm_workflowPriority;
                 if (typeof bpm_comment != 'undefined') task.setVariable('bpm_comment', bpm_comment);
            </activiti:string>
          </activiti:field>
        </activiti:taskListener>
        <activiti:taskListener event="complete" class="org.alfresco.repo.workflow.activiti.tasklistener.ScriptTaskListener">
          <activiti:field name="script">
            <activiti:string>
        execution.setVariable('bpm_assignee', task.getVariable('bpm_assignee'));
                     execution.setVariable('bpm_comment', task.getVariable('bpm_comment'));
                    execution.setVariable('wf_manager', person);
                    execution.setVariable('bpm_dueDate', task.dueDate);
                    execution.setVariable('bpm_priority', task.priority);
           </activiti:string>
          </activiti:field>
        </activiti:taskListener>
        </extensionElements>   
    </userTask>
    <userTask id="CoordinatorTask" name="CoordinatorTask" activiti:candidateGroups="${wf_CoordinatorsGroup}" activiti:formKey="wf:TestFlowcoordinators"></userTask>
    <endEvent id="endevent1" name="End"></endEvent>
    <sequenceFlow id="flow1" sourceRef="startevent1" targetRef="EditorTask1"></sequenceFlow>
    <sequenceFlow id="flow2" sourceRef="EditorTask1" targetRef="CollaboratorTask1"></sequenceFlow>
    <sequenceFlow id="flow3" sourceRef="CollaboratorTask1" targetRef="EditorTask2"></sequenceFlow>
    <sequenceFlow id="flow4" sourceRef="EditorTask2" targetRef="CollaboratorTask2"></sequenceFlow>
    <sequenceFlow id="flow5" sourceRef="CollaboratorTask2" targetRef="CoordinatorTask"></sequenceFlow>
    <sequenceFlow id="flow6" sourceRef="CoordinatorTask" targetRef="endevent1"></sequenceFlow>
  </process>
  <bpmndi:BPMNDiagram id="BPMNDiagram_myProcess">
    <bpmndi:BPMNPlane bpmnElement="BidFlow" id="BPMNPlane_myProcess">
      <bpmndi:BPMNShape bpmnElement="startevent1" id="BPMNShape_startevent1">
        <omgdc:Bounds height="35.0" width="35.0" x="50.0" y="80.0"></omgdc:Bounds>
      </bpmndi:BPMNShape>
      <bpmndi:BPMNShape bpmnElement="EditorTask1" id="BPMNShape_EditorTask1">
        <omgdc:Bounds height="55.0" width="105.0" x="84.0" y="150.0"></omgdc:Bounds>
      </bpmndi:BPMNShape>
      <bpmndi:BPMNShape bpmnElement="EditorTask2" id="BPMNShape_EditorTask2">
        <omgdc:Bounds height="55.0" width="105.0" x="400.0" y="320.0"></omgdc:Bounds>
      </bpmndi:BPMNShape>
      <bpmndi:BPMNShape bpmnElement="CollaboratorTask1" id="BPMNShape_CollaboratorTask1">
        <omgdc:Bounds height="55.0" width="105.0" x="220.0" y="240.0"></omgdc:Bounds>
      </bpmndi:BPMNShape>
      <bpmndi:BPMNShape bpmnElement="CoordinatorTask" id="BPMNShape_CoordinatorTask">
        <omgdc:Bounds height="55.0" width="105.0" x="680.0" y="123.0"></omgdc:Bounds>
      </bpmndi:BPMNShape>
      <bpmndi:BPMNShape bpmnElement="CollaboratorTask2" id="BPMNShape_CollaboratorTask2">
        <omgdc:Bounds height="55.0" width="105.0" x="580.0" y="240.0"></omgdc:Bounds>
      </bpmndi:BPMNShape>
      <bpmndi:BPMNShape bpmnElement="endevent1" id="BPMNShape_endevent1">
        <omgdc:Bounds height="35.0" width="35.0" x="770.0" y="46.0"></omgdc:Bounds>
      </bpmndi:BPMNShape>
      <bpmndi:BPMNEdge bpmnElement="flow1" id="BPMNEdge_flow1">
        <omgdi:waypoint x="85.0" y="97.0"></omgdi:waypoint>
        <omgdi:waypoint x="136.0" y="97.0"></omgdi:waypoint>
        <omgdi:waypoint x="136.0" y="150.0"></omgdi:waypoint>
      </bpmndi:BPMNEdge>
      <bpmndi:BPMNEdge bpmnElement="flow2" id="BPMNEdge_flow2">
        <omgdi:waypoint x="189.0" y="177.0"></omgdi:waypoint>
        <omgdi:waypoint x="272.0" y="177.0"></omgdi:waypoint>
        <omgdi:waypoint x="272.0" y="240.0"></omgdi:waypoint>
      </bpmndi:BPMNEdge>
      <bpmndi:BPMNEdge bpmnElement="flow3" id="BPMNEdge_flow3">
        <omgdi:waypoint x="272.0" y="295.0"></omgdi:waypoint>
        <omgdi:waypoint x="272.0" y="347.0"></omgdi:waypoint>
        <omgdi:waypoint x="400.0" y="347.0"></omgdi:waypoint>
      </bpmndi:BPMNEdge>
      <bpmndi:BPMNEdge bpmnElement="flow4" id="BPMNEdge_flow4">
        <omgdi:waypoint x="452.0" y="320.0"></omgdi:waypoint>
        <omgdi:waypoint x="452.0" y="267.0"></omgdi:waypoint>
        <omgdi:waypoint x="580.0" y="267.0"></omgdi:waypoint>
      </bpmndi:BPMNEdge>
      <bpmndi:BPMNEdge bpmnElement="flow5" id="BPMNEdge_flow5">
        <omgdi:waypoint x="685.0" y="267.0"></omgdi:waypoint>
        <omgdi:waypoint x="731.0" y="267.0"></omgdi:waypoint>
        <omgdi:waypoint x="732.0" y="178.0"></omgdi:waypoint>
      </bpmndi:BPMNEdge>
      <bpmndi:BPMNEdge bpmnElement="flow6" id="BPMNEdge_flow6">
        <omgdi:waypoint x="732.0" y="123.0"></omgdi:waypoint>
        <omgdi:waypoint x="732.0" y="63.0"></omgdi:waypoint>
        <omgdi:waypoint x="770.0" y="63.0"></omgdi:waypoint>
      </bpmndi:BPMNEdge>
    </bpmndi:BPMNPlane>
  </bpmndi:BPMNDiagram>
</definitions>
