<definitions xmlns="http://www.omg.org/spec/BPMN/20100524/MODEL"
	xmlns:activiti="http://activiti.org/bpmn" targetNamespace="http://www.bpmnwithactiviti.org/processeventlistener">

	<process id="gossipProcess">
		<extensionElements>
			<activiti:executionListener class="org.bpmnwithactiviti.chapter6.listener.GossipAboutProcess" event="start" />
			<activiti:executionListener class="org.bpmnwithactiviti.chapter6.listener.GossipAboutProcess" event="end" />
		</extensionElements>
		<startEvent id="theStart" />
		<sequenceFlow sourceRef="theStart" targetRef="bradLeavesHouseTask">
			<extensionElements>
				<activiti:executionListener expression="${gossipTransition.gossip(execution)}"/>
			</extensionElements>
		</sequenceFlow>
		<scriptTask id="bradLeavesHouseTask" scriptFormat="groovy">
			<extensionElements>
				<activiti:executionListener expression="${gossipActivity.gossipStart(execution)}" event="start" />
				<activiti:executionListener expression="${gossipActivity.gossipEnd(execution)}" event="end" />
			</extensionElements>
			<script>
				out:println "Brad leaves the house";
			</script>
		</scriptTask>
		<sequenceFlow sourceRef="bradLeavesHouseTask" targetRef="bradHasADrinkTask" />
		<userTask id="bradHasADrinkTask" activiti:assignee="Brad">
			<extensionElements>
				<activiti:taskListener expression="${gossipUserTask.gossipTask(task, task.eventName)}" event="assignment" />
				<activiti:taskListener expression="${gossipUserTask.gossipTask(task, task.eventName)}" event="create" />
				<activiti:taskListener expression="${execution.setVariable('readyDrinking', true)}" event="complete"/>
			</extensionElements>
		</userTask>
		<sequenceFlow sourceRef="bradHasADrinkTask" targetRef="theEnd" />
		<endEvent id="theEnd" />
	</process>
</definitions>