<?xml version="1.0" encoding="UTF-8"?>
<definitions xmlns="http://www.omg.org/spec/BPMN/20100524/MODEL" xmlns:xsi="http://www.w3.org/2001/XMLSchema-instance" xmlns:xsd="http://www.w3.org/2001/XMLSchema" xmlns:activiti="http://activiti.org/bpmn" xmlns:bpmndi="http://www.omg.org/spec/BPMN/20100524/DI" xmlns:omgdc="http://www.omg.org/spec/DD/20100524/DC" xmlns:omgdi="http://www.omg.org/spec/DD/20100524/DI" typeLanguage="http://www.w3.org/2001/XMLSchema" expressionLanguage="http://www.w3.org/1999/XPath" targetNamespace="http://www.activiti.org/test">
  <process id="sxlt_test" name="陕西联通运营平台工作流程" isExecutable="true">
    <startEvent id="startevent1" name="Start"></startEvent>
    <userTask id="task02" name="地市支撑人员处理" isForCompensation="true" activiti:assignee="${userId}"></userTask>
    <exclusiveGateway id="exclusivegateway1" name="Exclusive Gateway"></exclusiveGateway>
    <sequenceFlow id="flow2" name="处理" sourceRef="task02" targetRef="exclusivegateway1"></sequenceFlow>
    <userTask id="task01" name="地市客户经理" activiti:assignee="${userId}"></userTask>
    <sequenceFlow id="flow3" name=" 填写需求" sourceRef="startevent1" targetRef="task01"></sequenceFlow>
    <exclusiveGateway id="exclusivegateway2" name="Exclusive Gateway"></exclusiveGateway>
    <sequenceFlow id="flow4" sourceRef="task01" targetRef="exclusivegateway2"></sequenceFlow>
    <sequenceFlow id="flow5" name="需求申请" sourceRef="exclusivegateway2" targetRef="task02">
      <conditionExpression xsi:type="tFormalExpression"><![CDATA[${type==1}]]></conditionExpression>
    </sequenceFlow>
    <endEvent id="endevent1" name="End"></endEvent>
    <sequenceFlow id="flow6" name="评价" sourceRef="exclusivegateway2" targetRef="endevent1">
      <conditionExpression xsi:type="tFormalExpression"><![CDATA[${type==6}]]></conditionExpression>
    </sequenceFlow>
    <userTask id="task03" name="省产品经理" activiti:assignee="${userId}"></userTask>
    <sequenceFlow id="flow7" name="指派" sourceRef="exclusivegateway1" targetRef="task03">
      <conditionExpression xsi:type="tFormalExpression"><![CDATA[${type==2}]]></conditionExpression>
    </sequenceFlow>
    <sequenceFlow id="flow8" name="回复或退回" sourceRef="exclusivegateway1" targetRef="task01">
      <conditionExpression xsi:type="tFormalExpression"><![CDATA[${type==4 || type==5}]]></conditionExpression>
    </sequenceFlow>
    <sequenceFlow id="flow9" name="回复或退回" sourceRef="task03" targetRef="task01">
      <conditionExpression xsi:type="tFormalExpression"><![CDATA[${type==4 || type==5}]]></conditionExpression>
    </sequenceFlow>
  </process>
  <bpmndi:BPMNDiagram id="BPMNDiagram_sxlt_test">
    <bpmndi:BPMNPlane bpmnElement="sxlt_test" id="BPMNPlane_sxlt_test">
      <bpmndi:BPMNShape bpmnElement="startevent1" id="BPMNShape_startevent1">
        <omgdc:Bounds height="35.0" width="35.0" x="30.0" y="259.0"></omgdc:Bounds>
      </bpmndi:BPMNShape>
      <bpmndi:BPMNShape bpmnElement="task02" id="BPMNShape_task02">
        <omgdc:Bounds height="55.0" width="105.0" x="450.0" y="252.0"></omgdc:Bounds>
      </bpmndi:BPMNShape>
      <bpmndi:BPMNShape bpmnElement="exclusivegateway1" id="BPMNShape_exclusivegateway1">
        <omgdc:Bounds height="40.0" width="40.0" x="639.0" y="259.0"></omgdc:Bounds>
      </bpmndi:BPMNShape>
      <bpmndi:BPMNShape bpmnElement="task01" id="BPMNShape_task01">
        <omgdc:Bounds height="55.0" width="105.0" x="160.0" y="250.0"></omgdc:Bounds>
      </bpmndi:BPMNShape>
      <bpmndi:BPMNShape bpmnElement="exclusivegateway2" id="BPMNShape_exclusivegateway2">
        <omgdc:Bounds height="40.0" width="40.0" x="330.0" y="259.0"></omgdc:Bounds>
      </bpmndi:BPMNShape>
      <bpmndi:BPMNShape bpmnElement="endevent1" id="BPMNShape_endevent1">
        <omgdc:Bounds height="35.0" width="35.0" x="333.0" y="329.0"></omgdc:Bounds>
      </bpmndi:BPMNShape>
      <bpmndi:BPMNShape bpmnElement="task03" id="BPMNShape_task03">
        <omgdc:Bounds height="55.0" width="105.0" x="760.0" y="249.0"></omgdc:Bounds>
      </bpmndi:BPMNShape>
      <bpmndi:BPMNEdge bpmnElement="flow2" id="BPMNEdge_flow2">
        <omgdi:waypoint x="555.0" y="279.0"></omgdi:waypoint>
        <omgdi:waypoint x="639.0" y="279.0"></omgdi:waypoint>
        <bpmndi:BPMNLabel>
          <omgdc:Bounds height="14.0" width="24.0" x="580.0" y="259.0"></omgdc:Bounds>
        </bpmndi:BPMNLabel>
      </bpmndi:BPMNEdge>
      <bpmndi:BPMNEdge bpmnElement="flow3" id="BPMNEdge_flow3">
        <omgdi:waypoint x="65.0" y="276.0"></omgdi:waypoint>
        <omgdi:waypoint x="160.0" y="277.0"></omgdi:waypoint>
        <bpmndi:BPMNLabel>
          <omgdc:Bounds height="14.0" width="51.0" x="80.0" y="258.0"></omgdc:Bounds>
        </bpmndi:BPMNLabel>
      </bpmndi:BPMNEdge>
      <bpmndi:BPMNEdge bpmnElement="flow4" id="BPMNEdge_flow4">
        <omgdi:waypoint x="265.0" y="277.0"></omgdi:waypoint>
        <omgdi:waypoint x="330.0" y="279.0"></omgdi:waypoint>
      </bpmndi:BPMNEdge>
      <bpmndi:BPMNEdge bpmnElement="flow5" id="BPMNEdge_flow5">
        <omgdi:waypoint x="370.0" y="279.0"></omgdi:waypoint>
        <omgdi:waypoint x="450.0" y="279.0"></omgdi:waypoint>
        <bpmndi:BPMNLabel>
          <omgdc:Bounds height="14.0" width="48.0" x="380.0" y="257.0"></omgdc:Bounds>
        </bpmndi:BPMNLabel>
      </bpmndi:BPMNEdge>
      <bpmndi:BPMNEdge bpmnElement="flow6" id="BPMNEdge_flow6">
        <omgdi:waypoint x="350.0" y="299.0"></omgdi:waypoint>
        <omgdi:waypoint x="350.0" y="329.0"></omgdi:waypoint>
        <bpmndi:BPMNLabel>
          <omgdc:Bounds height="14.0" width="24.0" x="351.0" y="329.0"></omgdc:Bounds>
        </bpmndi:BPMNLabel>
      </bpmndi:BPMNEdge>
      <bpmndi:BPMNEdge bpmnElement="flow7" id="BPMNEdge_flow7">
        <omgdi:waypoint x="679.0" y="279.0"></omgdi:waypoint>
        <omgdi:waypoint x="760.0" y="276.0"></omgdi:waypoint>
        <bpmndi:BPMNLabel>
          <omgdc:Bounds height="14.0" width="24.0" x="700.0" y="259.0"></omgdc:Bounds>
        </bpmndi:BPMNLabel>
      </bpmndi:BPMNEdge>
      <bpmndi:BPMNEdge bpmnElement="flow8" id="BPMNEdge_flow8">
        <omgdi:waypoint x="659.0" y="259.0"></omgdi:waypoint>
        <omgdi:waypoint x="658.0" y="174.0"></omgdi:waypoint>
        <omgdi:waypoint x="443.0" y="174.0"></omgdi:waypoint>
        <omgdi:waypoint x="329.0" y="174.0"></omgdi:waypoint>
        <omgdi:waypoint x="212.0" y="174.0"></omgdi:waypoint>
        <omgdi:waypoint x="212.0" y="250.0"></omgdi:waypoint>
        <bpmndi:BPMNLabel>
          <omgdc:Bounds height="14.0" width="60.0" x="411.0" y="161.0"></omgdc:Bounds>
        </bpmndi:BPMNLabel>
      </bpmndi:BPMNEdge>
      <bpmndi:BPMNEdge bpmnElement="flow9" id="BPMNEdge_flow9">
        <omgdi:waypoint x="812.0" y="304.0"></omgdi:waypoint>
        <omgdi:waypoint x="812.0" y="437.0"></omgdi:waypoint>
        <omgdi:waypoint x="212.0" y="437.0"></omgdi:waypoint>
        <omgdi:waypoint x="212.0" y="305.0"></omgdi:waypoint>
        <bpmndi:BPMNLabel>
          <omgdc:Bounds height="14.0" width="60.0" x="453.0" y="419.0"></omgdc:Bounds>
        </bpmndi:BPMNLabel>
      </bpmndi:BPMNEdge>
    </bpmndi:BPMNPlane>
  </bpmndi:BPMNDiagram>
</definitions>