<?xml version="1.0" encoding="UTF-8"?>

<definitions xmlns="http://www.omg.org/spec/BPMN/20100524/MODEL" xmlns:xsi="http://www.w3.org/2001/XMLSchema-instance" xmlns:activiti="http://activiti.org/bpmn" xmlns:bpmndi="http://www.omg.org/spec/BPMN/20100524/DI" xmlns:omgdc="http://www.omg.org/spec/DD/20100524/DC" xmlns:omgdi="http://www.omg.org/spec/DD/20100524/DI" typeLanguage="http://www.w3.org/2001/XMLSchema" expressionLanguage="http://www.w3.org/1999/XPath" targetNamespace="http://www.activiti.org/test">
  <process id="dfasdf" name="asdfasdf" activiti:bpmType="1001">
    <endEvent id="node1" name="结束"/>
    <startEvent id="node3" name="开始"/>
    <userTask id="node5" name="审批" activiti:user="jg_admin" activiti:roleIds="" activiti:formUrl="asdfasd" activiti:taskType="bpm_exa_approve">
      <extensionElements>
        <activiti:taskListener event="create" expression="${taskAssignHandler.createTaskListener(task)}"/>
        <activiti:taskListener event="assignment" expression="${taskAssignHandler.assignTaskListener(task)}"/>
        <activiti:taskListener event="complete" expression="${taskAssignHandler.completeTaskListener(task)}"/>
        <activiti:executionListener expression="${taskAssignHandler.executionStart(execution)}" event="start"/>
      </extensionElements>
    </userTask>
    <sequenceFlow id="flow2" name="" sourceRef="node3" targetRef="node5"/>
    <sequenceFlow id="flow4" name="" sourceRef="node5" targetRef="node1"/>
  </process>  
  <bpmndi:BPMNDiagram id="BPMNDiagram_dfasdf">
    <bpmndi:BPMNPlane bpmnElement="dfasdf" id="BPMNPlane_dfasdf">
      <bpmndi:BPMNShape bpmnElement="node1" id="BPMNShape_node1">
        <omgdc:Bounds height="60" width="100" x="428" y="53"/>
      </bpmndi:BPMNShape>
      <bpmndi:BPMNShape bpmnElement="node3" id="BPMNShape_node3">
        <omgdc:Bounds height="60" width="100" x="139" y="50"/>
      </bpmndi:BPMNShape>
      <bpmndi:BPMNShape bpmnElement="node5" id="BPMNShape_node5">
        <omgdc:Bounds height="60" width="100" x="259" y="33"/>
      </bpmndi:BPMNShape>
      <bpmndi:BPMNEdge bpmnElement="flow2" id="BPMNEdge_flow2">
        <omgdi:waypoint x="189" y="80"/>
        <omgdi:waypoint x="309" y="63"/>
      </bpmndi:BPMNEdge>
      <bpmndi:BPMNEdge bpmnElement="flow4" id="BPMNEdge_flow4">
        <omgdi:waypoint x="309" y="63"/>
        <omgdi:waypoint x="478" y="83"/>
      </bpmndi:BPMNEdge> 
    </bpmndi:BPMNPlane>
  </bpmndi:BPMNDiagram>
</definitions>
