<?xml version="1.0" encoding="UTF-8"?>
<definitions xmlns="http://www.omg.org/spec/BPMN/20100524/MODEL" xmlns:xsi="http://www.w3.org/2001/XMLSchema-instance" xmlns:xsd="http://www.w3.org/2001/XMLSchema" xmlns:flowable="http://flowable.org/bpmn" xmlns:bpmndi="http://www.omg.org/spec/BPMN/20100524/DI" xmlns:omgdc="http://www.omg.org/spec/DD/20100524/DC" xmlns:omgdi="http://www.omg.org/spec/DD/20100524/DI" typeLanguage="http://www.w3.org/2001/XMLSchema" expressionLanguage="http://www.w3.org/1999/XPath" targetNamespace="http://www.flowable.org/processdef">
    <process id="testProcess" name="testProcess" isExecutable="true">
        <startEvent id="startEvent1"></startEvent>
        <sequenceFlow id="sid-7777AB9E-0853-484B-9FE3-5D0A9F78D2CF" sourceRef="startEvent1" targetRef="sid-7364EF42-EDFB-449D-BEE0-DCED5EF90B32"></sequenceFlow>
        <serviceTask id="sid-7364EF42-EDFB-449D-BEE0-DCED5EF90B32" name="Validate input" flowable:class="org.flowable.delegate.ValidateInputDelegate"></serviceTask>
        <exclusiveGateway id="sid-981FCD8A-2DFC-4DA4-8032-8191C7F23044"></exclusiveGateway>
        <sequenceFlow id="sid-89B14AE1-A21D-49F4-BB2A-74573B5D676C" sourceRef="sid-7364EF42-EDFB-449D-BEE0-DCED5EF90B32" targetRef="sid-981FCD8A-2DFC-4DA4-8032-8191C7F23044"></sequenceFlow>
        <userTask id="sid-26AE8D7A-CE33-4712-8039-F11A9936B345" name="Inspect data"></userTask>
        <endEvent id="sid-3D875740-529B-4A46-8973-C80D6EE6A49B"></endEvent>
        <sequenceFlow id="sid-7BF4314A-C829-4B99-A772-DCC0A956CCB7" sourceRef="sid-26AE8D7A-CE33-4712-8039-F11A9936B345" targetRef="sid-3D875740-529B-4A46-8973-C80D6EE6A49B"></sequenceFlow>
        <subProcess id="sid-FD8A103E-9833-4B0F-8AFC-709348A7DEDF" name="subProcess">
            <startEvent id="sid-1230DFE5-1E32-4593-BBA1-7C7FBF18D150"></startEvent>
            <parallelGateway id="sid-9643015D-DDB9-4A3A-BEFA-4A1A7A2F636D"></parallelGateway>
            <serviceTask id="sid-1F074FA9-5A37-4991-802C-2228F4470EB4" name="Set variables" flowable:class="org.flowable.delegate.SetVariablesDelegate"></serviceTask>
            <serviceTask id="sid-120623D4-C434-4508-821A-C78DD9E28D05" name="Set variables" flowable:class="org.flowable.delegate.SetVariablesDelegate"></serviceTask>
            <serviceTask id="sid-BCC5F3F2-27D9-4E5B-B64B-5E445053294B" name="No-op" flowable:class="org.flowable.delegate.NoopDelegate"></serviceTask>
            <parallelGateway id="sid-4CF1A879-F3D0-4A54-9F5C-009BAE4DED03"></parallelGateway>
            <userTask id="sid-D793E9E0-6150-4EAC-8DD9-6FB4B19C1061" name="User task B"></userTask>
            <userTask id="sid-27441C1F-718F-4B94-B751-1C1491296C86" name="User task C"></userTask>
            <serviceTask id="sid-5DB5D642-53B1-4225-BBB9-D5B20BA82386" name="No-op" flowable:class="org.flowable.delegate.NoopDelegate"></serviceTask>
            <endEvent id="sid-BE985F87-2EB5-40C3-8509-92B11C6B6317"></endEvent>
            <userTask id="sid-DBA349C6-3755-4365-9DAF-FC36C67FF48D" name="User task A"></userTask>
            <sequenceFlow id="sid-1BBD7473-B14F-45CF-B162-8D8D699EE2C8" sourceRef="sid-1230DFE5-1E32-4593-BBA1-7C7FBF18D150" targetRef="sid-9643015D-DDB9-4A3A-BEFA-4A1A7A2F636D"></sequenceFlow>
            <sequenceFlow id="sid-E04E7530-1BEA-4D87-A733-B436FCA6436B" sourceRef="sid-9643015D-DDB9-4A3A-BEFA-4A1A7A2F636D" targetRef="sid-1F074FA9-5A37-4991-802C-2228F4470EB4"></sequenceFlow>
            <sequenceFlow id="sid-4CC93F17-A746-427D-ADB8-942A9DFA7F33" sourceRef="sid-9643015D-DDB9-4A3A-BEFA-4A1A7A2F636D" targetRef="sid-120623D4-C434-4508-821A-C78DD9E28D05"></sequenceFlow>
            <sequenceFlow id="sid-52CD0D8B-C68D-4AA2-8154-B5C75B87CA7A" sourceRef="sid-9643015D-DDB9-4A3A-BEFA-4A1A7A2F636D" targetRef="sid-BCC5F3F2-27D9-4E5B-B64B-5E445053294B"></sequenceFlow>
            <sequenceFlow id="sid-4EA3A05A-CF7C-4470-A560-33C62BE4CF95" sourceRef="sid-1F074FA9-5A37-4991-802C-2228F4470EB4" targetRef="sid-4CF1A879-F3D0-4A54-9F5C-009BAE4DED03"></sequenceFlow>
            <sequenceFlow id="sid-DCE387B2-A1CD-4FB7-B765-5B09E48C1792" sourceRef="sid-BCC5F3F2-27D9-4E5B-B64B-5E445053294B" targetRef="sid-D793E9E0-6150-4EAC-8DD9-6FB4B19C1061"></sequenceFlow>
            <sequenceFlow id="sid-BF6C69F5-2863-4927-925F-41978C98DF31" sourceRef="sid-D793E9E0-6150-4EAC-8DD9-6FB4B19C1061" targetRef="sid-27441C1F-718F-4B94-B751-1C1491296C86"></sequenceFlow>
            <sequenceFlow id="sid-D1DEDEF7-D457-4BC4-8804-EE4EE6B7686A" sourceRef="sid-27441C1F-718F-4B94-B751-1C1491296C86" targetRef="sid-4CF1A879-F3D0-4A54-9F5C-009BAE4DED03"></sequenceFlow>
            <sequenceFlow id="sid-B12B9EFC-15F5-4B73-8197-031CF3111449" sourceRef="sid-4CF1A879-F3D0-4A54-9F5C-009BAE4DED03" targetRef="sid-5DB5D642-53B1-4225-BBB9-D5B20BA82386"></sequenceFlow>
            <sequenceFlow id="sid-B4679C36-738F-41E8-A382-83944F1D04D3" sourceRef="sid-5DB5D642-53B1-4225-BBB9-D5B20BA82386" targetRef="sid-BE985F87-2EB5-40C3-8509-92B11C6B6317"></sequenceFlow>
            <sequenceFlow id="sid-28F95970-1310-48D9-B4F4-15CE353C9BAC" sourceRef="sid-120623D4-C434-4508-821A-C78DD9E28D05" targetRef="sid-DBA349C6-3755-4365-9DAF-FC36C67FF48D"></sequenceFlow>
            <sequenceFlow id="sid-4F9F4738-8E9E-4E69-A05F-DC6574ED50E3" sourceRef="sid-DBA349C6-3755-4365-9DAF-FC36C67FF48D" targetRef="sid-4CF1A879-F3D0-4A54-9F5C-009BAE4DED03"></sequenceFlow>
        </subProcess>
        <boundaryEvent id="sid-7B21D5E4-30F4-471B-98B2-987733FC24F3" attachedToRef="sid-FD8A103E-9833-4B0F-8AFC-709348A7DEDF" cancelActivity="true">
            <timerEventDefinition>
                <timeDuration>PT3H</timeDuration>
            </timerEventDefinition>
        </boundaryEvent>
        <userTask id="sid-728377F6-9970-498B-A1E1-46BC79B9250C" name="Resolution not within acceptable time"></userTask>
        <sequenceFlow id="sid-C4B2953F-8421-44BE-9768-45C9DFCD0259" sourceRef="sid-7B21D5E4-30F4-471B-98B2-987733FC24F3" targetRef="sid-728377F6-9970-498B-A1E1-46BC79B9250C"></sequenceFlow>
        <endEvent id="sid-51CBCCC9-53F5-4794-B516-E8DBC17B8BCC"></endEvent>
        <sequenceFlow id="sid-1ABE94B2-8A7E-422E-8509-078A9CE27E84" sourceRef="sid-728377F6-9970-498B-A1E1-46BC79B9250C" targetRef="sid-51CBCCC9-53F5-4794-B516-E8DBC17B8BCC"></sequenceFlow>
        <exclusiveGateway id="sid-06F387AF-F225-4CCB-9CF2-FD8018924CF4"></exclusiveGateway>
        <sequenceFlow id="sid-7BF2CFEB-30C9-4B61-A1E7-52F6A1337E4A" sourceRef="sid-FD8A103E-9833-4B0F-8AFC-709348A7DEDF" targetRef="sid-06F387AF-F225-4CCB-9CF2-FD8018924CF4"></sequenceFlow>
        <userTask id="sid-F662C8AA-BC4B-4E20-B096-BF8D9B89EEF7" name="User task D"></userTask>
        <exclusiveGateway id="sid-5B364689-B86C-4CA0-954C-F071549CE96D"></exclusiveGateway>
        <sequenceFlow id="sid-FB07DA85-9A67-4047-ABBC-67FC47AA0D50" sourceRef="sid-F662C8AA-BC4B-4E20-B096-BF8D9B89EEF7" targetRef="sid-390AB3EE-DBA7-4A75-A955-9D201B57AA5A"></sequenceFlow>
        <serviceTask id="sid-390AB3EE-DBA7-4A75-A955-9D201B57AA5A" name="No-op" flowable:class="org.flowable.delegate.NoopDelegate"></serviceTask>
        <sequenceFlow id="sid-2D81BFBA-D43F-45E5-B2DE-176325B3C8A7" sourceRef="sid-390AB3EE-DBA7-4A75-A955-9D201B57AA5A" targetRef="sid-5B364689-B86C-4CA0-954C-F071549CE96D"></sequenceFlow>
        <serviceTask id="sid-CDF4B126-C6C7-4A76-8E91-23ACDCA0FE04" name="No-op" flowable:class="org.flowable.delegate.NoopDelegate"></serviceTask>
        <sequenceFlow id="sid-26A4B677-1CBE-45D7-B445-0438B915B7EF" sourceRef="sid-CDF4B126-C6C7-4A76-8E91-23ACDCA0FE04" targetRef="sid-5B364689-B86C-4CA0-954C-F071549CE96D"></sequenceFlow>
        <endEvent id="sid-2FB5F5E1-F217-4880-A1F5-BFA8128BF8C8"></endEvent>
        <sequenceFlow id="sid-CAB15CC8-5E69-4343-980B-72EFE02C5239" sourceRef="sid-5B364689-B86C-4CA0-954C-F071549CE96D" targetRef="sid-2FB5F5E1-F217-4880-A1F5-BFA8128BF8C8"></sequenceFlow>
        <sequenceFlow id="sid-9D152AA6-51D1-45E2-AF7F-ECB948EB5959" sourceRef="sid-981FCD8A-2DFC-4DA4-8032-8191C7F23044" targetRef="sid-FD8A103E-9833-4B0F-8AFC-709348A7DEDF">
            <conditionExpression xsi:type="tFormalExpression"><![CDATA[${inputValid}]]></conditionExpression>
        </sequenceFlow>
        <sequenceFlow id="sid-AE3EB95B-E6B0-4B57-92EC-4A8E71993E27" sourceRef="sid-981FCD8A-2DFC-4DA4-8032-8191C7F23044" targetRef="sid-26AE8D7A-CE33-4712-8039-F11A9936B345">
            <conditionExpression xsi:type="tFormalExpression"><![CDATA[${!inputValid}]]></conditionExpression>
        </sequenceFlow>
        <sequenceFlow id="sid-5CB1BFAF-F1E3-4D33-9E9D-C40980110A39" sourceRef="sid-06F387AF-F225-4CCB-9CF2-FD8018924CF4" targetRef="sid-F662C8AA-BC4B-4E20-B096-BF8D9B89EEF7">
            <conditionExpression xsi:type="tFormalExpression"><![CDATA[${goUp}]]></conditionExpression>
        </sequenceFlow>
        <sequenceFlow id="sid-F05FDDDB-17BB-4CDB-9B1A-3E7EC7248CDA" sourceRef="sid-06F387AF-F225-4CCB-9CF2-FD8018924CF4" targetRef="sid-CDF4B126-C6C7-4A76-8E91-23ACDCA0FE04">
            <conditionExpression xsi:type="tFormalExpression"><![CDATA[${!goUp}]]></conditionExpression>
        </sequenceFlow>
    </process>
    <bpmndi:BPMNDiagram id="BPMNDiagram_testProcess">
        <bpmndi:BPMNPlane bpmnElement="testProcess" id="BPMNPlane_testProcess">
            <bpmndi:BPMNShape bpmnElement="startEvent1" id="BPMNShape_startEvent1">
                <omgdc:Bounds height="30.0" width="30.0" x="75.0" y="360.0"></omgdc:Bounds>
            </bpmndi:BPMNShape>
            <bpmndi:BPMNShape bpmnElement="sid-7364EF42-EDFB-449D-BEE0-DCED5EF90B32" id="BPMNShape_sid-7364EF42-EDFB-449D-BEE0-DCED5EF90B32">
                <omgdc:Bounds height="80.0" width="100.00000000000003" x="168.35017348564563" y="335.0"></omgdc:Bounds>
            </bpmndi:BPMNShape>
            <bpmndi:BPMNShape bpmnElement="sid-981FCD8A-2DFC-4DA4-8032-8191C7F23044" id="BPMNShape_sid-981FCD8A-2DFC-4DA4-8032-8191C7F23044">
                <omgdc:Bounds height="40.0" width="40.0" x="325.0" y="355.0"></omgdc:Bounds>
            </bpmndi:BPMNShape>
            <bpmndi:BPMNShape bpmnElement="sid-26AE8D7A-CE33-4712-8039-F11A9936B345" id="BPMNShape_sid-26AE8D7A-CE33-4712-8039-F11A9936B345">
                <omgdc:Bounds height="80.0" width="100.0" x="480.0" y="600.0"></omgdc:Bounds>
            </bpmndi:BPMNShape>
            <bpmndi:BPMNShape bpmnElement="sid-3D875740-529B-4A46-8973-C80D6EE6A49B" id="BPMNShape_sid-3D875740-529B-4A46-8973-C80D6EE6A49B">
                <omgdc:Bounds height="28.0" width="28.0" x="625.0" y="626.0"></omgdc:Bounds>
            </bpmndi:BPMNShape>
            <bpmndi:BPMNShape bpmnElement="sid-FD8A103E-9833-4B0F-8AFC-709348A7DEDF" id="BPMNShape_sid-FD8A103E-9833-4B0F-8AFC-709348A7DEDF">
                <omgdc:Bounds height="430.0" width="940.5" x="435.0" y="30.0"></omgdc:Bounds>
            </bpmndi:BPMNShape>
            <bpmndi:BPMNShape bpmnElement="sid-1230DFE5-1E32-4593-BBA1-7C7FBF18D150" id="BPMNShape_sid-1230DFE5-1E32-4593-BBA1-7C7FBF18D150">
                <omgdc:Bounds height="30.0" width="30.0" x="465.0" y="217.5"></omgdc:Bounds>
            </bpmndi:BPMNShape>
            <bpmndi:BPMNShape bpmnElement="sid-9643015D-DDB9-4A3A-BEFA-4A1A7A2F636D" id="BPMNShape_sid-9643015D-DDB9-4A3A-BEFA-4A1A7A2F636D">
                <omgdc:Bounds height="40.0" width="40.0" x="540.0" y="212.75"></omgdc:Bounds>
            </bpmndi:BPMNShape>
            <bpmndi:BPMNShape bpmnElement="sid-1F074FA9-5A37-4991-802C-2228F4470EB4" id="BPMNShape_sid-1F074FA9-5A37-4991-802C-2228F4470EB4">
                <omgdc:Bounds height="80.0" width="100.0" x="660.0" y="60.0"></omgdc:Bounds>
            </bpmndi:BPMNShape>
            <bpmndi:BPMNShape bpmnElement="sid-120623D4-C434-4508-821A-C78DD9E28D05" id="BPMNShape_sid-120623D4-C434-4508-821A-C78DD9E28D05">
                <omgdc:Bounds height="80.0" width="100.0" x="660.0" y="192.75"></omgdc:Bounds>
            </bpmndi:BPMNShape>
            <bpmndi:BPMNShape bpmnElement="sid-BCC5F3F2-27D9-4E5B-B64B-5E445053294B" id="BPMNShape_sid-BCC5F3F2-27D9-4E5B-B64B-5E445053294B">
                <omgdc:Bounds height="80.0" width="100.0" x="660.0" y="315.0"></omgdc:Bounds>
            </bpmndi:BPMNShape>
            <bpmndi:BPMNShape bpmnElement="sid-4CF1A879-F3D0-4A54-9F5C-009BAE4DED03" id="BPMNShape_sid-4CF1A879-F3D0-4A54-9F5C-009BAE4DED03">
                <omgdc:Bounds height="40.0" width="40.0" x="1095.0" y="212.75"></omgdc:Bounds>
            </bpmndi:BPMNShape>
            <bpmndi:BPMNShape bpmnElement="sid-D793E9E0-6150-4EAC-8DD9-6FB4B19C1061" id="BPMNShape_sid-D793E9E0-6150-4EAC-8DD9-6FB4B19C1061">
                <omgdc:Bounds height="80.0" width="100.0" x="825.0" y="315.0"></omgdc:Bounds>
            </bpmndi:BPMNShape>
            <bpmndi:BPMNShape bpmnElement="sid-27441C1F-718F-4B94-B751-1C1491296C86" id="BPMNShape_sid-27441C1F-718F-4B94-B751-1C1491296C86">
                <omgdc:Bounds height="80.0" width="100.0" x="970.0" y="315.0"></omgdc:Bounds>
            </bpmndi:BPMNShape>
            <bpmndi:BPMNShape bpmnElement="sid-5DB5D642-53B1-4225-BBB9-D5B20BA82386" id="BPMNShape_sid-5DB5D642-53B1-4225-BBB9-D5B20BA82386">
                <omgdc:Bounds height="80.0" width="100.0" x="1180.0" y="192.75"></omgdc:Bounds>
            </bpmndi:BPMNShape>
            <bpmndi:BPMNShape bpmnElement="sid-BE985F87-2EB5-40C3-8509-92B11C6B6317" id="BPMNShape_sid-BE985F87-2EB5-40C3-8509-92B11C6B6317">
                <omgdc:Bounds height="28.0" width="28.0" x="1325.0" y="218.75"></omgdc:Bounds>
            </bpmndi:BPMNShape>
            <bpmndi:BPMNShape bpmnElement="sid-DBA349C6-3755-4365-9DAF-FC36C67FF48D" id="BPMNShape_sid-DBA349C6-3755-4365-9DAF-FC36C67FF48D">
                <omgdc:Bounds height="80.0" width="100.0" x="825.0" y="192.5"></omgdc:Bounds>
            </bpmndi:BPMNShape>
            <bpmndi:BPMNShape bpmnElement="sid-7B21D5E4-30F4-471B-98B2-987733FC24F3" id="BPMNShape_sid-7B21D5E4-30F4-471B-98B2-987733FC24F3">
                <omgdc:Bounds height="31.0" width="31.0" x="1109.061501872131" y="444.8905572617829"></omgdc:Bounds>
            </bpmndi:BPMNShape>
            <bpmndi:BPMNShape bpmnElement="sid-728377F6-9970-498B-A1E1-46BC79B9250C" id="BPMNShape_sid-728377F6-9970-498B-A1E1-46BC79B9250C">
                <omgdc:Bounds height="78.0" width="148.0" x="1185.0" y="540.0"></omgdc:Bounds>
            </bpmndi:BPMNShape>
            <bpmndi:BPMNShape bpmnElement="sid-51CBCCC9-53F5-4794-B516-E8DBC17B8BCC" id="BPMNShape_sid-51CBCCC9-53F5-4794-B516-E8DBC17B8BCC">
                <omgdc:Bounds height="28.0" width="28.0" x="1378.0" y="565.0"></omgdc:Bounds>
            </bpmndi:BPMNShape>
            <bpmndi:BPMNShape bpmnElement="sid-06F387AF-F225-4CCB-9CF2-FD8018924CF4" id="BPMNShape_sid-06F387AF-F225-4CCB-9CF2-FD8018924CF4">
                <omgdc:Bounds height="40.0" width="40.0" x="1420.5" y="225.0"></omgdc:Bounds>
            </bpmndi:BPMNShape>
            <bpmndi:BPMNShape bpmnElement="sid-F662C8AA-BC4B-4E20-B096-BF8D9B89EEF7" id="BPMNShape_sid-F662C8AA-BC4B-4E20-B096-BF8D9B89EEF7">
                <omgdc:Bounds height="80.0" width="100.0" x="1515.0" y="105.0"></omgdc:Bounds>
            </bpmndi:BPMNShape>
            <bpmndi:BPMNShape bpmnElement="sid-5B364689-B86C-4CA0-954C-F071549CE96D" id="BPMNShape_sid-5B364689-B86C-4CA0-954C-F071549CE96D">
                <omgdc:Bounds height="40.0" width="40.0" x="1800.0" y="225.0"></omgdc:Bounds>
            </bpmndi:BPMNShape>
            <bpmndi:BPMNShape bpmnElement="sid-390AB3EE-DBA7-4A75-A955-9D201B57AA5A" id="BPMNShape_sid-390AB3EE-DBA7-4A75-A955-9D201B57AA5A">
                <omgdc:Bounds height="80.0" width="100.0" x="1660.0" y="105.0"></omgdc:Bounds>
            </bpmndi:BPMNShape>
            <bpmndi:BPMNShape bpmnElement="sid-CDF4B126-C6C7-4A76-8E91-23ACDCA0FE04" id="BPMNShape_sid-CDF4B126-C6C7-4A76-8E91-23ACDCA0FE04">
                <omgdc:Bounds height="80.0" width="100.0" x="1515.1515613708104" y="205.0"></omgdc:Bounds>
            </bpmndi:BPMNShape>
            <bpmndi:BPMNShape bpmnElement="sid-2FB5F5E1-F217-4880-A1F5-BFA8128BF8C8" id="BPMNShape_sid-2FB5F5E1-F217-4880-A1F5-BFA8128BF8C8">
                <omgdc:Bounds height="28.0" width="28.0" x="1885.0" y="231.0"></omgdc:Bounds>
            </bpmndi:BPMNShape>
            <bpmndi:BPMNEdge bpmnElement="sid-26A4B677-1CBE-45D7-B445-0438B915B7EF" id="BPMNEdge_sid-26A4B677-1CBE-45D7-B445-0438B915B7EF">
                <omgdi:waypoint x="1615.1015613707868" y="245.0"></omgdi:waypoint>
                <omgdi:waypoint x="1800.0" y="245.0"></omgdi:waypoint>
            </bpmndi:BPMNEdge>
            <bpmndi:BPMNEdge bpmnElement="sid-DCE387B2-A1CD-4FB7-B765-5B09E48C1792" id="BPMNEdge_sid-DCE387B2-A1CD-4FB7-B765-5B09E48C1792">
                <omgdi:waypoint x="759.9499999998898" y="355.0"></omgdi:waypoint>
                <omgdi:waypoint x="824.9999999999847" y="355.0"></omgdi:waypoint>
            </bpmndi:BPMNEdge>
            <bpmndi:BPMNEdge bpmnElement="sid-D1DEDEF7-D457-4BC4-8804-EE4EE6B7686A" id="BPMNEdge_sid-D1DEDEF7-D457-4BC4-8804-EE4EE6B7686A">
                <omgdi:waypoint x="1069.9499999999887" y="355.0"></omgdi:waypoint>
                <omgdi:waypoint x="1115.0" y="355.0"></omgdi:waypoint>
                <omgdi:waypoint x="1115.0" y="252.65812525583306"></omgdi:waypoint>
            </bpmndi:BPMNEdge>
            <bpmndi:BPMNEdge bpmnElement="sid-FB07DA85-9A67-4047-ABBC-67FC47AA0D50" id="BPMNEdge_sid-FB07DA85-9A67-4047-ABBC-67FC47AA0D50">
                <omgdi:waypoint x="1614.9499999999907" y="145.0"></omgdi:waypoint>
                <omgdi:waypoint x="1659.9999999999807" y="145.0"></omgdi:waypoint>
            </bpmndi:BPMNEdge>
            <bpmndi:BPMNEdge bpmnElement="sid-9D152AA6-51D1-45E2-AF7F-ECB948EB5959" id="BPMNEdge_sid-9D152AA6-51D1-45E2-AF7F-ECB948EB5959">
                <omgdi:waypoint x="345.5" y="355.5"></omgdi:waypoint>
                <omgdi:waypoint x="345.5" y="245.00000000000006"></omgdi:waypoint>
                <omgdi:waypoint x="434.999999999979" y="245.00000000000006"></omgdi:waypoint>
            </bpmndi:BPMNEdge>
            <bpmndi:BPMNEdge bpmnElement="sid-C4B2953F-8421-44BE-9768-45C9DFCD0259" id="BPMNEdge_sid-C4B2953F-8421-44BE-9768-45C9DFCD0259">
                <omgdi:waypoint x="1125.061501872131" y="476.8405558643933"></omgdi:waypoint>
                <omgdi:waypoint x="1125.061501872131" y="579.0"></omgdi:waypoint>
                <omgdi:waypoint x="1185.0" y="579.0"></omgdi:waypoint>
            </bpmndi:BPMNEdge>
            <bpmndi:BPMNEdge bpmnElement="sid-AE3EB95B-E6B0-4B57-92EC-4A8E71993E27" id="BPMNEdge_sid-AE3EB95B-E6B0-4B57-92EC-4A8E71993E27">
                <omgdi:waypoint x="345.5" y="394.44641912320475"></omgdi:waypoint>
                <omgdi:waypoint x="345.5" y="640.0"></omgdi:waypoint>
                <omgdi:waypoint x="479.9999999999163" y="640.0"></omgdi:waypoint>
            </bpmndi:BPMNEdge>
            <bpmndi:BPMNEdge bpmnElement="sid-F05FDDDB-17BB-4CDB-9B1A-3E7EC7248CDA" id="BPMNEdge_sid-F05FDDDB-17BB-4CDB-9B1A-3E7EC7248CDA">
                <omgdi:waypoint x="1460.0189082214847" y="245.42317120872"></omgdi:waypoint>
                <omgdi:waypoint x="1515.1515613708032" y="245.20116541205155"></omgdi:waypoint>
            </bpmndi:BPMNEdge>
            <bpmndi:BPMNEdge bpmnElement="sid-4EA3A05A-CF7C-4470-A560-33C62BE4CF95" id="BPMNEdge_sid-4EA3A05A-CF7C-4470-A560-33C62BE4CF95">
                <omgdi:waypoint x="759.9499999999568" y="100.0"></omgdi:waypoint>
                <omgdi:waypoint x="1115.5" y="100.0"></omgdi:waypoint>
                <omgdi:waypoint x="1115.5" y="213.25"></omgdi:waypoint>
            </bpmndi:BPMNEdge>
            <bpmndi:BPMNEdge bpmnElement="sid-B4679C36-738F-41E8-A382-83944F1D04D3" id="BPMNEdge_sid-B4679C36-738F-41E8-A382-83944F1D04D3">
                <omgdi:waypoint x="1279.95" y="232.75"></omgdi:waypoint>
                <omgdi:waypoint x="1325.0" y="232.75"></omgdi:waypoint>
            </bpmndi:BPMNEdge>
            <bpmndi:BPMNEdge bpmnElement="sid-B12B9EFC-15F5-4B73-8197-031CF3111449" id="BPMNEdge_sid-B12B9EFC-15F5-4B73-8197-031CF3111449">
                <omgdi:waypoint x="1134.5247370727357" y="233.16666666666666"></omgdi:waypoint>
                <omgdi:waypoint x="1180.0" y="232.96812227074236"></omgdi:waypoint>
            </bpmndi:BPMNEdge>
            <bpmndi:BPMNEdge bpmnElement="sid-7BF4314A-C829-4B99-A772-DCC0A956CCB7" id="BPMNEdge_sid-7BF4314A-C829-4B99-A772-DCC0A956CCB7">
                <omgdi:waypoint x="579.9499999999907" y="640.0"></omgdi:waypoint>
                <omgdi:waypoint x="625.0" y="640.0"></omgdi:waypoint>
            </bpmndi:BPMNEdge>
            <bpmndi:BPMNEdge bpmnElement="sid-1BBD7473-B14F-45CF-B162-8D8D699EE2C8" id="BPMNEdge_sid-1BBD7473-B14F-45CF-B162-8D8D699EE2C8">
                <omgdi:waypoint x="494.94873344332865" y="232.68746345638925"></omgdi:waypoint>
                <omgdi:waypoint x="540.5087981209437" y="233.2587981209443"></omgdi:waypoint>
            </bpmndi:BPMNEdge>
            <bpmndi:BPMNEdge bpmnElement="sid-7BF2CFEB-30C9-4B61-A1E7-52F6A1337E4A" id="BPMNEdge_sid-7BF2CFEB-30C9-4B61-A1E7-52F6A1337E4A">
                <omgdi:waypoint x="1375.45" y="245.4388240783948"></omgdi:waypoint>
                <omgdi:waypoint x="1420.9813171415217" y="245.48131714152265"></omgdi:waypoint>
            </bpmndi:BPMNEdge>
            <bpmndi:BPMNEdge bpmnElement="sid-1ABE94B2-8A7E-422E-8509-078A9CE27E84" id="BPMNEdge_sid-1ABE94B2-8A7E-422E-8509-078A9CE27E84">
                <omgdi:waypoint x="1332.95" y="579.0"></omgdi:waypoint>
                <omgdi:waypoint x="1378.0" y="579.0"></omgdi:waypoint>
            </bpmndi:BPMNEdge>
            <bpmndi:BPMNEdge bpmnElement="sid-4CC93F17-A746-427D-ADB8-942A9DFA7F33" id="BPMNEdge_sid-4CC93F17-A746-427D-ADB8-942A9DFA7F33">
                <omgdi:waypoint x="579.5071931589537" y="233.18624161073825"></omgdi:waypoint>
                <omgdi:waypoint x="660.0" y="232.9170568561873"></omgdi:waypoint>
            </bpmndi:BPMNEdge>
            <bpmndi:BPMNEdge bpmnElement="sid-28F95970-1310-48D9-B4F4-15CE353C9BAC" id="BPMNEdge_sid-28F95970-1310-48D9-B4F4-15CE353C9BAC">
                <omgdi:waypoint x="759.9499999999999" y="232.67424242424244"></omgdi:waypoint>
                <omgdi:waypoint x="825.0" y="232.57568181818183"></omgdi:waypoint>
            </bpmndi:BPMNEdge>
            <bpmndi:BPMNEdge bpmnElement="sid-4F9F4738-8E9E-4E69-A05F-DC6574ED50E3" id="BPMNEdge_sid-4F9F4738-8E9E-4E69-A05F-DC6574ED50E3">
                <omgdi:waypoint x="924.9499999999989" y="232.55203125"></omgdi:waypoint>
                <omgdi:waypoint x="1095.0" y="232.72918834547346"></omgdi:waypoint>
            </bpmndi:BPMNEdge>
            <bpmndi:BPMNEdge bpmnElement="sid-E04E7530-1BEA-4D87-A733-B436FCA6436B" id="BPMNEdge_sid-E04E7530-1BEA-4D87-A733-B436FCA6436B">
                <omgdi:waypoint x="560.5" y="213.25"></omgdi:waypoint>
                <omgdi:waypoint x="560.5" y="100.0"></omgdi:waypoint>
                <omgdi:waypoint x="660.0" y="100.0"></omgdi:waypoint>
            </bpmndi:BPMNEdge>
            <bpmndi:BPMNEdge bpmnElement="sid-BF6C69F5-2863-4927-925F-41978C98DF31" id="BPMNEdge_sid-BF6C69F5-2863-4927-925F-41978C98DF31">
                <omgdi:waypoint x="924.9499999999999" y="355.0"></omgdi:waypoint>
                <omgdi:waypoint x="970.0" y="355.0"></omgdi:waypoint>
            </bpmndi:BPMNEdge>
            <bpmndi:BPMNEdge bpmnElement="sid-5CB1BFAF-F1E3-4D33-9E9D-C40980110A39" id="BPMNEdge_sid-5CB1BFAF-F1E3-4D33-9E9D-C40980110A39">
                <omgdi:waypoint x="1441.0" y="225.5"></omgdi:waypoint>
                <omgdi:waypoint x="1441.0" y="145.0"></omgdi:waypoint>
                <omgdi:waypoint x="1515.0" y="145.0"></omgdi:waypoint>
            </bpmndi:BPMNEdge>
            <bpmndi:BPMNEdge bpmnElement="sid-7777AB9E-0853-484B-9FE3-5D0A9F78D2CF" id="BPMNEdge_sid-7777AB9E-0853-484B-9FE3-5D0A9F78D2CF">
                <omgdi:waypoint x="104.94999889072515" y="375.0"></omgdi:waypoint>
                <omgdi:waypoint x="168.35017348564563" y="375.0"></omgdi:waypoint>
            </bpmndi:BPMNEdge>
            <bpmndi:BPMNEdge bpmnElement="sid-2D81BFBA-D43F-45E5-B2DE-176325B3C8A7" id="BPMNEdge_sid-2D81BFBA-D43F-45E5-B2DE-176325B3C8A7">
                <omgdi:waypoint x="1759.9499999999987" y="145.0"></omgdi:waypoint>
                <omgdi:waypoint x="1820.0" y="145.0"></omgdi:waypoint>
                <omgdi:waypoint x="1820.0" y="225.0"></omgdi:waypoint>
            </bpmndi:BPMNEdge>
            <bpmndi:BPMNEdge bpmnElement="sid-89B14AE1-A21D-49F4-BB2A-74573B5D676C" id="BPMNEdge_sid-89B14AE1-A21D-49F4-BB2A-74573B5D676C">
                <omgdi:waypoint x="268.3001734856457" y="375.1964218173525"></omgdi:waypoint>
                <omgdi:waypoint x="325.4210421342436" y="375.4210421342436"></omgdi:waypoint>
            </bpmndi:BPMNEdge>
            <bpmndi:BPMNEdge bpmnElement="sid-52CD0D8B-C68D-4AA2-8154-B5C75B87CA7A" id="BPMNEdge_sid-52CD0D8B-C68D-4AA2-8154-B5C75B87CA7A">
                <omgdi:waypoint x="560.5" y="252.19222404595817"></omgdi:waypoint>
                <omgdi:waypoint x="560.5" y="355.0"></omgdi:waypoint>
                <omgdi:waypoint x="660.0" y="355.0"></omgdi:waypoint>
            </bpmndi:BPMNEdge>
            <bpmndi:BPMNEdge bpmnElement="sid-CAB15CC8-5E69-4343-980B-72EFE02C5239" id="BPMNEdge_sid-CAB15CC8-5E69-4343-980B-72EFE02C5239">
                <omgdi:waypoint x="1839.5591869398168" y="245.3782051282051"></omgdi:waypoint>
                <omgdi:waypoint x="1885.0002755524883" y="245.08885188426405"></omgdi:waypoint>
            </bpmndi:BPMNEdge>
        </bpmndi:BPMNPlane>
    </bpmndi:BPMNDiagram>
</definitions>