<?xml version="1.0" encoding="UTF-8" standalone="yes"?>
<definitions xmlns="http://www.omg.org/spec/BPMN/20100524/MODEL" xmlns:activiti="http://activiti.org/bpmn" xmlns:bpmndi="http://www.omg.org/spec/BPMN/20100524/DI" xmlns:omgdc="http://www.omg.org/spec/DD/20100524/DC" xmlns:omgdi="http://www.omg.org/spec/DD/20100524/DI" xmlns:tns="http://www.activiti.org/test" xmlns:xsd="http://www.w3.org/2001/XMLSchema" xmlns:xsi="http://www.w3.org/2001/XMLSchema-instance" expressionLanguage="http://www.w3.org/1999/XPath" id="m1494215201268" name="" targetNamespace="http://www.activiti.org/test" typeLanguage="http://www.w3.org/2001/XMLSchema">
  <process id="reorder" isClosed="false" isExecutable="true" processType="None">
    <startEvent activiti:formKey="reorder-start.form" id="start" name="开始" activiti:initiator="applyUserId"/>
    <userTask activiti:exclusive="true" id="first" name="补单初审" activiti:formKey="reorder-first.form"/>
    <exclusiveGateway gatewayDirection="Unspecified" id="isFirstTrue" name="是否通过初审"/>
    <exclusiveGateway gatewayDirection="Unspecified" id="isConditionTrue" name="是否满足条件"/>
    <userTask activiti:exclusive="true" id="last1" name="补单终审" activiti:formKey="reorder-last1.form"/>
    <endEvent id="end" name="结束"/>
    <userTask activiti:exclusive="true" id="last2" name="补单终审" activiti:formKey="reorder-last2.form"/>
    <sequenceFlow id="_10" sourceRef="start" targetRef="first"/>
    <sequenceFlow id="_11" sourceRef="first" targetRef="isFirstTrue"/>
    <sequenceFlow id="_12" name="通过" sourceRef="isFirstTrue" targetRef="isConditionTrue">
      <conditionExpression xsi:type="tFormalExpression"><![CDATA[${isFirstTrue=='true'}]]></conditionExpression>
    </sequenceFlow>
    <sequenceFlow id="_13" name="不通过" sourceRef="isFirstTrue" targetRef="end">
      <conditionExpression xsi:type="tFormalExpression"><![CDATA[${isFirstTrue=='true'}]]></conditionExpression>
    </sequenceFlow>
    <sequenceFlow id="_14" name="补单偏差量小于200且补单偏差率小于100%" sourceRef="isConditionTrue" targetRef="last1">
      <conditionExpression xsi:type="tFormalExpression"><![CDATA[${reManualDif<200&&reManualDifratio<1}]]></conditionExpression>
    </sequenceFlow>
    <sequenceFlow id="_15" name="补单偏差量不小于200或补单偏差率不小于100%" sourceRef="isConditionTrue" targetRef="last2">
      <conditionExpression xsi:type="tFormalExpression"><![CDATA[${reManualDif>=200||reManualDifratio>=1}]]></conditionExpression>
    </sequenceFlow>
    <sequenceFlow id="_16" sourceRef="last2" targetRef="end"/>
    <sequenceFlow id="_17" sourceRef="last1" targetRef="end"/>
  </process>
  <collaboration id="COLLABORATION_1" isClosed="false">
    <participant id="_18" name="部门" processRef="reorderPool">
      <participantMultiplicity maximum="1" minimum="0"/>
    </participant>
  </collaboration>
  <process id="reorderPool" isClosed="false" isExecutable="true" processType="None">
    <laneSet>
      <lane id="_19" name="商品部"/>
      <lane id="_20" name="总经办"/>
    </laneSet>
  </process>
  <bpmndi:BPMNDiagram documentation="background=#FFFFFF;count=1;horizontalcount=1;orientation=0;width=842.4;height=1195.2;imageableWidth=832.4;imageableHeight=1185.2;imageableX=5.0;imageableY=5.0" id="Diagram-_1" name="New Diagram">
    <bpmndi:BPMNPlane bpmnElement="COLLABORATION_1">
      <bpmndi:BPMNShape bpmnElement="start" id="Shape-start">
        <omgdc:Bounds height="32.0" width="32.0" x="45.0" y="450.0"/>
        <bpmndi:BPMNLabel>
          <omgdc:Bounds height="32.0" width="32.0" x="0.0" y="0.0"/>
        </bpmndi:BPMNLabel>
      </bpmndi:BPMNShape>
      <bpmndi:BPMNShape bpmnElement="first" id="Shape-first">
        <omgdc:Bounds height="55.0" width="85.0" x="170.0" y="440.0"/>
        <bpmndi:BPMNLabel>
          <omgdc:Bounds height="55.0" width="85.0" x="0.0" y="0.0"/>
        </bpmndi:BPMNLabel>
      </bpmndi:BPMNShape>
      <bpmndi:BPMNShape bpmnElement="isFirstTrue" id="Shape-isFirstTrue" isMarkerVisible="false">
        <omgdc:Bounds height="32.0" width="32.0" x="390.0" y="450.0"/>
        <bpmndi:BPMNLabel>
          <omgdc:Bounds height="32.0" width="32.0" x="0.0" y="0.0"/>
        </bpmndi:BPMNLabel>
      </bpmndi:BPMNShape>
      <bpmndi:BPMNShape bpmnElement="isConditionTrue" id="Shape-isConditionTrue" isMarkerVisible="false">
        <omgdc:Bounds height="32.0" width="32.0" x="680.0" y="455.0"/>
        <bpmndi:BPMNLabel>
          <omgdc:Bounds height="32.0" width="32.0" x="0.0" y="0.0"/>
        </bpmndi:BPMNLabel>
      </bpmndi:BPMNShape>
      <bpmndi:BPMNShape bpmnElement="last1" id="Shape-last1">
        <omgdc:Bounds height="55.0" width="85.0" x="1225.0" y="490.0"/>
        <bpmndi:BPMNLabel>
          <omgdc:Bounds height="55.0" width="85.0" x="0.0" y="0.0"/>
        </bpmndi:BPMNLabel>
      </bpmndi:BPMNShape>
      <bpmndi:BPMNShape bpmnElement="end" id="Shape-end">
        <omgdc:Bounds height="32.0" width="32.0" x="390.0" y="770.0"/>
        <bpmndi:BPMNLabel>
          <omgdc:Bounds height="32.0" width="32.0" x="0.0" y="0.0"/>
        </bpmndi:BPMNLabel>
      </bpmndi:BPMNShape>
      <bpmndi:BPMNShape bpmnElement="last2" id="Shape-last2">
        <omgdc:Bounds height="55.0" width="85.0" x="650.0" y="645.0"/>
        <bpmndi:BPMNLabel>
          <omgdc:Bounds height="55.0" width="85.0" x="0.0" y="0.0"/>
        </bpmndi:BPMNLabel>
      </bpmndi:BPMNShape>
      <bpmndi:BPMNShape bpmnElement="_18" id="Shape-_18" isExpanded="true" isHorizontal="true">
        <omgdc:Bounds height="400.0" width="1494.0" x="0.0" y="430.0"/>
        <bpmndi:BPMNLabel>
          <omgdc:Bounds height="400.0" width="1494.0" x="0.0" y="0.0"/>
        </bpmndi:BPMNLabel>
      </bpmndi:BPMNShape>
      <bpmndi:BPMNShape bpmnElement="_19" id="Shape-_19" isExpanded="true" isHorizontal="true">
        <omgdc:Bounds height="200.0" width="1469.0" x="26.0" y="430.0"/>
        <bpmndi:BPMNLabel>
          <omgdc:Bounds height="200.0" width="1469.0" x="0.0" y="0.0"/>
        </bpmndi:BPMNLabel>
      </bpmndi:BPMNShape>
      <bpmndi:BPMNShape bpmnElement="_20" id="Shape-_20" isExpanded="true" isHorizontal="true">
        <omgdc:Bounds height="200.0" width="1469.0" x="26.0" y="630.0"/>
        <bpmndi:BPMNLabel>
          <omgdc:Bounds height="200.0" width="1469.0" x="0.0" y="0.0"/>
        </bpmndi:BPMNLabel>
      </bpmndi:BPMNShape>
      <bpmndi:BPMNEdge bpmnElement="_13" id="BPMNEdge__13" sourceElement="isFirstTrue" targetElement="end">
        <omgdi:waypoint x="406.0" y="482.0"/>
        <omgdi:waypoint x="406.0" y="770.0"/>
        <bpmndi:BPMNLabel>
          <omgdc:Bounds height="0.0" width="0.0" x="0.0" y="0.0"/>
        </bpmndi:BPMNLabel>
      </bpmndi:BPMNEdge>
      <bpmndi:BPMNEdge bpmnElement="_12" id="BPMNEdge__12" sourceElement="isFirstTrue" targetElement="isConditionTrue">
        <omgdi:waypoint x="422.0" y="466.0"/>
        <omgdi:waypoint x="680.0" y="471.0"/>
        <bpmndi:BPMNLabel>
          <omgdc:Bounds height="0.0" width="0.0" x="0.0" y="0.0"/>
        </bpmndi:BPMNLabel>
      </bpmndi:BPMNEdge>
      <bpmndi:BPMNEdge bpmnElement="_15" id="BPMNEdge__15" sourceElement="isConditionTrue" targetElement="last2">
        <omgdi:waypoint x="696.0" y="487.0"/>
        <omgdi:waypoint x="696.0" y="645.0"/>
        <bpmndi:BPMNLabel>
          <omgdc:Bounds height="0.0" width="0.0" x="0.0" y="0.0"/>
        </bpmndi:BPMNLabel>
      </bpmndi:BPMNEdge>
      <bpmndi:BPMNEdge bpmnElement="_14" id="BPMNEdge__14" sourceElement="isConditionTrue" targetElement="last1">
        <omgdi:waypoint x="712.0" y="471.0"/>
        <omgdi:waypoint x="1225.0" y="517.5"/>
        <bpmndi:BPMNLabel>
          <omgdc:Bounds height="0.0" width="0.0" x="0.0" y="0.0"/>
        </bpmndi:BPMNLabel>
      </bpmndi:BPMNEdge>
      <bpmndi:BPMNEdge bpmnElement="_17" id="BPMNEdge__17" sourceElement="last1" targetElement="end">
        <omgdi:waypoint x="1225.0" y="517.5"/>
        <omgdi:waypoint x="422.0" y="786.0"/>
        <bpmndi:BPMNLabel>
          <omgdc:Bounds height="0.0" width="0.0" x="0.0" y="0.0"/>
        </bpmndi:BPMNLabel>
      </bpmndi:BPMNEdge>
      <bpmndi:BPMNEdge bpmnElement="_16" id="BPMNEdge__16" sourceElement="last2" targetElement="end">
        <omgdi:waypoint x="650.0" y="672.5"/>
        <omgdi:waypoint x="422.0" y="786.0"/>
        <bpmndi:BPMNLabel>
          <omgdc:Bounds height="0.0" width="0.0" x="0.0" y="0.0"/>
        </bpmndi:BPMNLabel>
      </bpmndi:BPMNEdge>
      <bpmndi:BPMNEdge bpmnElement="_11" id="BPMNEdge__11" sourceElement="first" targetElement="isFirstTrue">
        <omgdi:waypoint x="255.0" y="467.5"/>
        <omgdi:waypoint x="390.0" y="466.0"/>
        <bpmndi:BPMNLabel>
          <omgdc:Bounds height="0.0" width="0.0" x="0.0" y="0.0"/>
        </bpmndi:BPMNLabel>
      </bpmndi:BPMNEdge>
      <bpmndi:BPMNEdge bpmnElement="_10" id="BPMNEdge__10" sourceElement="start" targetElement="first">
        <omgdi:waypoint x="77.0" y="466.0"/>
        <omgdi:waypoint x="170.0" y="467.5"/>
        <bpmndi:BPMNLabel>
          <omgdc:Bounds height="0.0" width="0.0" x="0.0" y="0.0"/>
        </bpmndi:BPMNLabel>
      </bpmndi:BPMNEdge>
    </bpmndi:BPMNPlane>
  </bpmndi:BPMNDiagram>
</definitions>
