<?xml version="1.0" encoding="UTF-8"?>
<definitions xmlns="http://www.omg.org/spec/BPMN/20100524/MODEL" xmlns:xsi="http://www.w3.org/2001/XMLSchema-instance" xmlns:xsd="http://www.w3.org/2001/XMLSchema" xmlns:activiti="http://activiti.org/bpmn" xmlns:bpmndi="http://www.omg.org/spec/BPMN/20100524/DI" xmlns:omgdc="http://www.omg.org/spec/DD/20100524/DC" xmlns:omgdi="http://www.omg.org/spec/DD/20100524/DI" typeLanguage="http://www.w3.org/2001/XMLSchema" expressionLanguage="http://www.w3.org/1999/XPath" targetNamespace="http://www.activiti.org/processdef">
  <process id="qj" name="qj" isExecutable="true">
    <documentation>请假</documentation>
    <startEvent id="startEvent1"></startEvent>
    <userTask id="sid-EB3D0F06-6A43-4771-89B0-FF8C2AD670CB" name="填写请假单
" activiti:assignee="张三">
      <extensionElements>
        <modeler:initiator-can-complete xmlns:modeler="http://activiti.com/modeler"><![CDATA[false]]></modeler:initiator-can-complete>
      </extensionElements>
    </userTask>
    <sequenceFlow id="sid-9880B2FC-8C3F-43FA-8F29-85CD4BD9640A" sourceRef="startEvent1" targetRef="sid-EB3D0F06-6A43-4771-89B0-FF8C2AD670CB"></sequenceFlow>
    <userTask id="sid-7BA6755E-61DF-4923-B170-4D3BE98CD904" name="审批" activiti:assignee="李四">
      <extensionElements>
        <modeler:initiator-can-complete xmlns:modeler="http://activiti.com/modeler"><![CDATA[false]]></modeler:initiator-can-complete>
      </extensionElements>
    </userTask>
    <sequenceFlow id="sid-C8AA4A6D-E520-4B86-86FD-2E70FB13F646" sourceRef="sid-EB3D0F06-6A43-4771-89B0-FF8C2AD670CB" targetRef="sid-7BA6755E-61DF-4923-B170-4D3BE98CD904"></sequenceFlow>
    <endEvent id="sid-35E265FE-5E62-431B-8BE6-D2661DD240E8"></endEvent>
    <sequenceFlow id="sid-D101C415-E92D-4214-98C8-3AE710DAEFB7" sourceRef="sid-7BA6755E-61DF-4923-B170-4D3BE98CD904" targetRef="sid-35E265FE-5E62-431B-8BE6-D2661DD240E8"></sequenceFlow>
  </process>
  <bpmndi:BPMNDiagram id="BPMNDiagram_qj">
    <bpmndi:BPMNPlane bpmnElement="qj" id="BPMNPlane_qj">
      <bpmndi:BPMNShape bpmnElement="startEvent1" id="BPMNShape_startEvent1">
        <omgdc:Bounds height="30.0" width="30.0" x="90.0" y="145.0"></omgdc:Bounds>
      </bpmndi:BPMNShape>
      <bpmndi:BPMNShape bpmnElement="sid-EB3D0F06-6A43-4771-89B0-FF8C2AD670CB" id="BPMNShape_sid-EB3D0F06-6A43-4771-89B0-FF8C2AD670CB">
        <omgdc:Bounds height="80.0" width="100.0" x="165.0" y="120.0"></omgdc:Bounds>
      </bpmndi:BPMNShape>
      <bpmndi:BPMNShape bpmnElement="sid-7BA6755E-61DF-4923-B170-4D3BE98CD904" id="BPMNShape_sid-7BA6755E-61DF-4923-B170-4D3BE98CD904">
        <omgdc:Bounds height="80.0" width="100.0" x="310.0" y="120.0"></omgdc:Bounds>
      </bpmndi:BPMNShape>
      <bpmndi:BPMNShape bpmnElement="sid-35E265FE-5E62-431B-8BE6-D2661DD240E8" id="BPMNShape_sid-35E265FE-5E62-431B-8BE6-D2661DD240E8">
        <omgdc:Bounds height="28.0" width="28.0" x="455.0" y="146.0"></omgdc:Bounds>
      </bpmndi:BPMNShape>
      <bpmndi:BPMNEdge bpmnElement="sid-9880B2FC-8C3F-43FA-8F29-85CD4BD9640A" id="BPMNEdge_sid-9880B2FC-8C3F-43FA-8F29-85CD4BD9640A">
        <omgdi:waypoint x="120.0" y="160.0"></omgdi:waypoint>
        <omgdi:waypoint x="165.0" y="160.0"></omgdi:waypoint>
      </bpmndi:BPMNEdge>
      <bpmndi:BPMNEdge bpmnElement="sid-D101C415-E92D-4214-98C8-3AE710DAEFB7" id="BPMNEdge_sid-D101C415-E92D-4214-98C8-3AE710DAEFB7">
        <omgdi:waypoint x="410.0" y="160.0"></omgdi:waypoint>
        <omgdi:waypoint x="455.0" y="160.0"></omgdi:waypoint>
      </bpmndi:BPMNEdge>
      <bpmndi:BPMNEdge bpmnElement="sid-C8AA4A6D-E520-4B86-86FD-2E70FB13F646" id="BPMNEdge_sid-C8AA4A6D-E520-4B86-86FD-2E70FB13F646">
        <omgdi:waypoint x="265.0" y="160.0"></omgdi:waypoint>
        <omgdi:waypoint x="310.0" y="160.0"></omgdi:waypoint>
      </bpmndi:BPMNEdge>
    </bpmndi:BPMNPlane>
  </bpmndi:BPMNDiagram>
</definitions>