<?xml version='1.0' encoding='UTF-8'?>
<definitions xmlns="http://www.omg.org/spec/BPMN/20100524/MODEL" xmlns:xsi="http://www.w3.org/2001/XMLSchema-instance" xmlns:activiti="http://activiti.org/bpmn" xmlns:bpmndi="http://www.omg.org/spec/BPMN/20100524/DI" xmlns:omgdc="http://www.omg.org/spec/DD/20100524/DC" xmlns:omgdi="http://www.omg.org/spec/DD/20100524/DI" typeLanguage="http://www.w3.org/2001/XMLSchema" expressionLanguage="http://www.w3.org/1999/XPath" targetNamespace="http://www.activiti.org/processdef">
  <process id="processPizza" isExecutable="true">
    <startEvent id="sid-81C1E208-CF98-4492-8448-95600A0A21AC">
      <extensionElements>
        <activiti:formProperty id="cpf" name="cpf" type="string"/>
        <activiti:formProperty id="orderClient" name="orderClient" type="string"/>
        <activiti:formProperty id="creditcardNumber" name="creditcardNumber" type="string"/>
      </extensionElements>
    </startEvent>
    <sequenceFlow id="sid-A0E32F11-7737-4FE1-A8AD-81D98A075AD6" sourceRef="sid-81C1E208-CF98-4492-8448-95600A0A21AC" targetRef="sid-C6E52299-BC31-49AF-ADC7-A6A6EC7A3701"/>
    <serviceTask id="sid-C6E52299-BC31-49AF-ADC7-A6A6EC7A3701" name="Client Authentication" activiti:class="br.ufpe.activiti.behaviour.delegate.WsDelegate">
      <extensionElements>
        <activiti:field name="wsdlOperation">
          <activiti:expression>AuthenticationServiceOne:authentication;AuthenticationServiceTwo:authenticationTwo</activiti:expression>
        </activiti:field>
        <activiti:field name="parameters">
          <activiti:expression>${cpf}</activiti:expression>
        </activiti:field>
        <activiti:field name="returnValue">
          <activiti:expression>returnValidation</activiti:expression>
        </activiti:field>
        <activiti:field name="eventName">
          <activiti:expression>ClientAuthentication</activiti:expression>
        </activiti:field>
      </extensionElements>
    </serviceTask>
    <exclusiveGateway id="sid-8AD6ABA5-0398-49AD-9910-7EE522686786"/>
    <sequenceFlow id="sid-54429319-B9BB-4E9C-A148-EF99AA1DD7E2" sourceRef="sid-C6E52299-BC31-49AF-ADC7-A6A6EC7A3701" targetRef="sid-8AD6ABA5-0398-49AD-9910-7EE522686786"/>
    <serviceTask id="sid-83DD02A7-A952-499C-94F6-5AB2A747218D" name="Communicate Authentication Failure to Client" activiti:class="br.ufpe.activiti.behaviour.delegate.WsDelegate">
      <extensionElements>
        <activiti:field name="wsdlOperation">
          <activiti:expression>ClientFailureCommunicationOne:failureCommunication</activiti:expression>
        </activiti:field>
        <activiti:field name="parameters">
          <activiti:expression>${returnValidation}</activiti:expression>
        </activiti:field>
        <activiti:field name="returnValue">
          <activiti:expression>returnClient</activiti:expression>
        </activiti:field>
        <activiti:field name="eventName">
          <activiti:expression>CommunicateAuthenticationFailuretoClient</activiti:expression>
        </activiti:field>
      </extensionElements>
    </serviceTask>
    <serviceTask id="sid-9374F8EE-9996-4675-A84E-3F0BA27D6011" name="Get Client Profile" activiti:class="br.ufpe.activiti.behaviour.delegate.WsDelegate">
      <extensionElements>
        <activiti:field name="wsdlOperation">
          <activiti:expression>GetClientProfileServiceOne:getData</activiti:expression>
        </activiti:field>
        <activiti:field name="parameters">
          <activiti:expression>${cpf}</activiti:expression>
        </activiti:field>
        <activiti:field name="returnValue">
          <activiti:expression>returnDataClient</activiti:expression>
        </activiti:field>
        <activiti:field name="eventName">
          <activiti:expression>GetClientProfile</activiti:expression>
        </activiti:field>
      </extensionElements>
    </serviceTask>
    <exclusiveGateway id="sid-0DA0B96C-5438-4771-A280-623073029781"/>
    <sequenceFlow id="sid-95C51CAF-CC0F-4BCA-AC05-A1BF3CF2764F" sourceRef="sid-83DD02A7-A952-499C-94F6-5AB2A747218D" targetRef="sid-0DA0B96C-5438-4771-A280-623073029781"/>
    <endEvent id="sid-1A950FE8-8B1A-4E16-B061-B649D082F941"/>
    <sequenceFlow id="sid-4B048DD9-2C00-4592-820B-6FE6345D4B34" sourceRef="sid-0DA0B96C-5438-4771-A280-623073029781" targetRef="sid-1A950FE8-8B1A-4E16-B061-B649D082F941"/>
    <serviceTask id="sid-19AB52C8-9E79-4CF3-BE07-BD848AB307C6" name="Get pizzas from Catalogue" activiti:class="br.ufpe.activiti.behaviour.delegate.WsDelegate">
      <extensionElements>
        <activiti:field name="wsdlOperation">
          <activiti:expression>GetClientPreferredPizzaServiceOne:getCatalogue</activiti:expression>
        </activiti:field>
        <activiti:field name="parameters">
          <activiti:expression>${cpf}</activiti:expression>
        </activiti:field>
        <activiti:field name="returnValue">
          <activiti:expression>returnPreferredPizza</activiti:expression>
        </activiti:field>
        <activiti:field name="eventName">
          <activiti:expression>GetpizzasfromCatalogue</activiti:expression>
        </activiti:field>
      </extensionElements>
    </serviceTask>
    <serviceTask id="sid-5F10DB9F-745D-4B3D-B316-A8930F880155" name="Receive order from client" activiti:class="br.ufpe.activiti.behaviour.delegate.WsDelegate">
      <extensionElements>
        <activiti:field name="wsdlOperation">
          <activiti:expression>OrderPizzaServiceOne:getOrderPizza</activiti:expression>
        </activiti:field>
        <activiti:field name="parameters">
          <activiti:expression>${orderClient}</activiti:expression>
        </activiti:field>
        <activiti:field name="returnValue">
          <activiti:expression>orderClient</activiti:expression>
        </activiti:field>
        <activiti:field name="eventName">
          <activiti:expression>Receiveorderfromclient</activiti:expression>
        </activiti:field>
      </extensionElements>
    </serviceTask>
    <serviceTask id="sid-6DCDA6D5-4D39-4F70-AA7E-010EEE24355E" name="Validate client credit card" activiti:class="br.ufpe.activiti.behaviour.delegate.WsDelegate">
      <extensionElements>
        <activiti:field name="wsdlOperation">
          <activiti:expression>CreditCardValidationServiceOne:validation</activiti:expression>
        </activiti:field>
        <activiti:field name="parameters">
          <activiti:expression>${creditcardNumber}</activiti:expression>
        </activiti:field>
        <activiti:field name="returnValue">
          <activiti:expression>returnValidation</activiti:expression>
        </activiti:field>
        <activiti:field name="eventName">
          <activiti:expression>Validateclientcreditcard</activiti:expression>
        </activiti:field>
      </extensionElements>
    </serviceTask>
    <exclusiveGateway id="sid-89BDAEA7-0209-4788-A5FC-93A85B3D2D6D"/>
    <sequenceFlow id="sid-726391BE-386E-4FA5-A316-6BC55A15B6E4" sourceRef="sid-9374F8EE-9996-4675-A84E-3F0BA27D6011" targetRef="sid-19AB52C8-9E79-4CF3-BE07-BD848AB307C6"/>
    <sequenceFlow id="sid-F07EF589-C48D-42C6-8353-D7EDB398FA4B" sourceRef="sid-19AB52C8-9E79-4CF3-BE07-BD848AB307C6" targetRef="sid-5F10DB9F-745D-4B3D-B316-A8930F880155"/>
    <sequenceFlow id="sid-0F7D02D3-04F6-4A02-BFDA-558E80022491" sourceRef="sid-5F10DB9F-745D-4B3D-B316-A8930F880155" targetRef="sid-6DCDA6D5-4D39-4F70-AA7E-010EEE24355E"/>
    <sequenceFlow id="sid-82A80807-C6C7-4B92-8345-893A3CCAA6B7" sourceRef="sid-6DCDA6D5-4D39-4F70-AA7E-010EEE24355E" targetRef="sid-89BDAEA7-0209-4788-A5FC-93A85B3D2D6D"/>
    <serviceTask id="sid-37CABA28-51F6-4DEB-AFB9-5E9747809C05" name="Communicate Credit Card Validation Failure to Client" activiti:class="br.ufpe.activiti.behaviour.delegate.WsDelegate">
      <extensionElements>
        <activiti:field name="wsdlOperation">
          <activiti:expression>ClientFailureCommunicationOne:failureCommunication</activiti:expression>
        </activiti:field>
        <activiti:field name="parameters">
          <activiti:expression>${returnValidation}</activiti:expression>
        </activiti:field>
        <activiti:field name="returnValue">
          <activiti:expression>returnClient</activiti:expression>
        </activiti:field>
        <activiti:field name="eventName">
          <activiti:expression>CommunicateCreditCardValidationFailuretoClient</activiti:expression>
        </activiti:field>
      </extensionElements>
    </serviceTask>
    <serviceTask id="sid-D4EE83D6-E293-474B-846A-284EE40452C1" name="Communicate desired pizza to baker" activiti:class="br.ufpe.activiti.behaviour.delegate.WsDelegate">
      <extensionElements>
        <activiti:field name="wsdlOperation">
          <activiti:expression>InternalCommunicationServiceOne:communicateBaker</activiti:expression>
        </activiti:field>
        <activiti:field name="parameters">
          <activiti:expression>${orderClient}</activiti:expression>
        </activiti:field>
        <activiti:field name="returnValue">
          <activiti:expression>returnStatus</activiti:expression>
        </activiti:field>
        <activiti:field name="eventName">
          <activiti:expression>Communicatedesiredpizzatobaker</activiti:expression>
        </activiti:field>
      </extensionElements>
    </serviceTask>
    <exclusiveGateway id="sid-1DBC77BC-DB8D-4538-9526-230C58350763"/>
    <sequenceFlow id="sid-E1FF4BC0-C150-4CAF-B239-6F86497A5345" sourceRef="sid-37CABA28-51F6-4DEB-AFB9-5E9747809C05" targetRef="sid-1DBC77BC-DB8D-4538-9526-230C58350763"/>
    <sequenceFlow id="sid-C5A4FB99-CD7B-4F5C-90D1-1D8939028B18" sourceRef="sid-1DBC77BC-DB8D-4538-9526-230C58350763" targetRef="sid-0DA0B96C-5438-4771-A280-623073029781"/>
    <sequenceFlow id="sid-5EBCCB31-D14A-440D-9341-492447505B87" sourceRef="sid-D4EE83D6-E293-474B-846A-284EE40452C1" targetRef="sid-51F3BDE9-CACD-496E-B8E6-BA7631E39482"/>
    <parallelGateway id="sid-51F3BDE9-CACD-496E-B8E6-BA7631E39482"/>
    <sequenceFlow id="sid-6BFCA909-81EF-460E-A062-DE1EA144B7F2" sourceRef="sid-51F3BDE9-CACD-496E-B8E6-BA7631E39482" targetRef="sid-60629C47-6E3C-49D7-9C37-14920388A0F0"/>
    <sequenceFlow id="sid-DD3AACA6-DAE8-43B1-8C23-AF21077000D8" sourceRef="sid-51F3BDE9-CACD-496E-B8E6-BA7631E39482" targetRef="sid-27A5EFDC-1D78-4506-8973-35FFE5E47768"/>
    <sequenceFlow id="sid-61186A21-E18E-4268-B1AA-240186FAFAC5" sourceRef="sid-27A5EFDC-1D78-4506-8973-35FFE5E47768" targetRef="sid-C845D158-616F-4F23-A9DD-4F2B3F74980B"/>
    <parallelGateway id="sid-C845D158-616F-4F23-A9DD-4F2B3F74980B"/>
    <sequenceFlow id="sid-13922CD7-6A0D-45E6-B217-E22323CF0836" sourceRef="sid-C845D158-616F-4F23-A9DD-4F2B3F74980B" targetRef="sid-1DBC77BC-DB8D-4538-9526-230C58350763"/>
    <sequenceFlow id="sid-31F6E0E8-4381-4ECA-BD04-460BD7A30CE2" sourceRef="sid-60629C47-6E3C-49D7-9C37-14920388A0F0" targetRef="sid-C845D158-616F-4F23-A9DD-4F2B3F74980B"/>
    <serviceTask id="sid-27A5EFDC-1D78-4506-8973-35FFE5E47768" name="Send information to Delivery Company" activiti:class="br.ufpe.activiti.behaviour.delegate.WsDelegate">
      <extensionElements>
        <activiti:field name="wsdlOperation">
          <activiti:expression>ExternalCommunicationServiceOne:communicateDelivery</activiti:expression>
        </activiti:field>
        <activiti:field name="parameters">
          <activiti:expression>${cpf}::${orderClient}</activiti:expression>
        </activiti:field>
        <activiti:field name="returnValue">
          <activiti:expression>returnFinalStatus</activiti:expression>
        </activiti:field>
        <activiti:field name="eventName">
          <activiti:expression>SendinformationtoDeliveryCompany</activiti:expression>
        </activiti:field>
      </extensionElements>
    </serviceTask>
    <serviceTask id="sid-60629C47-6E3C-49D7-9C37-14920388A0F0" name="Send message to Client" activiti:class="br.ufpe.activiti.behaviour.delegate.WsDelegate">
      <extensionElements>
        <activiti:field name="wsdlOperation">
          <activiti:expression>ExternalCommunicationClientServiceOne:communicateClient</activiti:expression>
        </activiti:field>
        <activiti:field name="parameters">
          <activiti:expression>${cpf}</activiti:expression>
        </activiti:field>
        <activiti:field name="returnValue">
          <activiti:expression>returnFinalStatus</activiti:expression>
        </activiti:field>
        <activiti:field name="eventName">
          <activiti:expression>SendmessagetoClient</activiti:expression>
        </activiti:field>
      </extensionElements>
    </serviceTask>
    <sequenceFlow id="sid-648AA245-D90F-4314-98DE-12AA858001FD" sourceRef="sid-8AD6ABA5-0398-49AD-9910-7EE522686786" targetRef="sid-83DD02A7-A952-499C-94F6-5AB2A747218D">
      <conditionExpression xsi:type="tFormalExpression"><![CDATA[${returnValidation == 1}]]></conditionExpression>
    </sequenceFlow>
    <sequenceFlow id="sid-A6C26FFD-2ECF-4AFB-A90A-031F6EBF0210" sourceRef="sid-89BDAEA7-0209-4788-A5FC-93A85B3D2D6D" targetRef="sid-D4EE83D6-E293-474B-846A-284EE40452C1">
      <conditionExpression xsi:type="tFormalExpression"><![CDATA[${returnValidation == 0}]]></conditionExpression>
    </sequenceFlow>
    <sequenceFlow id="sid-C37BFE7C-16DF-4215-8682-2C5A71572381" sourceRef="sid-89BDAEA7-0209-4788-A5FC-93A85B3D2D6D" targetRef="sid-37CABA28-51F6-4DEB-AFB9-5E9747809C05">
      <conditionExpression xsi:type="tFormalExpression"><![CDATA[${returnValidation == 2}]]></conditionExpression>
    </sequenceFlow>
    <sequenceFlow id="sid-24F68FF7-CDEC-4B16-AFA2-51FC66B180BA" sourceRef="sid-8AD6ABA5-0398-49AD-9910-7EE522686786" targetRef="sid-9374F8EE-9996-4675-A84E-3F0BA27D6011">
      <conditionExpression xsi:type="tFormalExpression"><![CDATA[${returnValidation == 0}]]></conditionExpression>
    </sequenceFlow>
  </process>
  <bpmndi:BPMNDiagram id="BPMNDiagram_process">
    <bpmndi:BPMNPlane bpmnElement="process" id="BPMNPlane_process">
      <bpmndi:BPMNShape bpmnElement="sid-81C1E208-CF98-4492-8448-95600A0A21AC" id="BPMNShape_sid-81C1E208-CF98-4492-8448-95600A0A21AC">
        <omgdc:Bounds height="30.0" width="30.0" x="285.0" y="0.0"/>
      </bpmndi:BPMNShape>
      <bpmndi:BPMNShape bpmnElement="sid-C6E52299-BC31-49AF-ADC7-A6A6EC7A3701" id="BPMNShape_sid-C6E52299-BC31-49AF-ADC7-A6A6EC7A3701">
        <omgdc:Bounds height="63.0" width="92.0" x="254.0" y="60.0"/>
      </bpmndi:BPMNShape>
      <bpmndi:BPMNShape bpmnElement="sid-8AD6ABA5-0398-49AD-9910-7EE522686786" id="BPMNShape_sid-8AD6ABA5-0398-49AD-9910-7EE522686786">
        <omgdc:Bounds height="40.0" width="40.0" x="280.0" y="150.0"/>
      </bpmndi:BPMNShape>
      <bpmndi:BPMNShape bpmnElement="sid-83DD02A7-A952-499C-94F6-5AB2A747218D" id="BPMNShape_sid-83DD02A7-A952-499C-94F6-5AB2A747218D">
        <omgdc:Bounds height="65.0" width="100.0" x="145.0" y="210.0"/>
      </bpmndi:BPMNShape>
      <bpmndi:BPMNShape bpmnElement="sid-9374F8EE-9996-4675-A84E-3F0BA27D6011" id="BPMNShape_sid-9374F8EE-9996-4675-A84E-3F0BA27D6011">
        <omgdc:Bounds height="64.0" width="95.0" x="349.0" y="210.0"/>
      </bpmndi:BPMNShape>
      <bpmndi:BPMNShape bpmnElement="sid-0DA0B96C-5438-4771-A280-623073029781" id="BPMNShape_sid-0DA0B96C-5438-4771-A280-623073029781">
        <omgdc:Bounds height="40.0" width="40.0" x="284.0" y="1005.0"/>
      </bpmndi:BPMNShape>
      <bpmndi:BPMNShape bpmnElement="sid-1A950FE8-8B1A-4E16-B061-B649D082F941" id="BPMNShape_sid-1A950FE8-8B1A-4E16-B061-B649D082F941">
        <omgdc:Bounds height="28.0" width="28.0" x="290.0" y="1082.0"/>
      </bpmndi:BPMNShape>
      <bpmndi:BPMNShape bpmnElement="sid-19AB52C8-9E79-4CF3-BE07-BD848AB307C6" id="BPMNShape_sid-19AB52C8-9E79-4CF3-BE07-BD848AB307C6">
        <omgdc:Bounds height="61.0" width="96.0" x="350.0" y="305.0"/>
      </bpmndi:BPMNShape>
      <bpmndi:BPMNShape bpmnElement="sid-5F10DB9F-745D-4B3D-B316-A8930F880155" id="BPMNShape_sid-5F10DB9F-745D-4B3D-B316-A8930F880155">
        <omgdc:Bounds height="61.0" width="97.0" x="350.0" y="405.0"/>
      </bpmndi:BPMNShape>
      <bpmndi:BPMNShape bpmnElement="sid-6DCDA6D5-4D39-4F70-AA7E-010EEE24355E" id="BPMNShape_sid-6DCDA6D5-4D39-4F70-AA7E-010EEE24355E">
        <omgdc:Bounds height="60.0" width="97.0" x="350.0" y="505.0"/>
      </bpmndi:BPMNShape>
      <bpmndi:BPMNShape bpmnElement="sid-89BDAEA7-0209-4788-A5FC-93A85B3D2D6D" id="BPMNShape_sid-89BDAEA7-0209-4788-A5FC-93A85B3D2D6D">
        <omgdc:Bounds height="40.0" width="40.0" x="378.0" y="605.0"/>
      </bpmndi:BPMNShape>
      <bpmndi:BPMNShape bpmnElement="sid-37CABA28-51F6-4DEB-AFB9-5E9747809C05" id="BPMNShape_sid-37CABA28-51F6-4DEB-AFB9-5E9747809C05">
        <omgdc:Bounds height="72.0" width="104.0" x="430.0" y="665.0"/>
      </bpmndi:BPMNShape>
      <bpmndi:BPMNShape bpmnElement="sid-D4EE83D6-E293-474B-846A-284EE40452C1" id="BPMNShape_sid-D4EE83D6-E293-474B-846A-284EE40452C1">
        <omgdc:Bounds height="71.0" width="104.0" x="255.0" y="665.0"/>
      </bpmndi:BPMNShape>
      <bpmndi:BPMNShape bpmnElement="sid-1DBC77BC-DB8D-4538-9526-230C58350763" id="BPMNShape_sid-1DBC77BC-DB8D-4538-9526-230C58350763">
        <omgdc:Bounds height="40.0" width="40.0" x="379.0" y="940.0"/>
      </bpmndi:BPMNShape>
      <bpmndi:BPMNShape bpmnElement="sid-51F3BDE9-CACD-496E-B8E6-BA7631E39482" id="BPMNShape_sid-51F3BDE9-CACD-496E-B8E6-BA7631E39482">
        <omgdc:Bounds height="40.0" width="40.0" x="287.0" y="765.0"/>
      </bpmndi:BPMNShape>
      <bpmndi:BPMNShape bpmnElement="sid-C845D158-616F-4F23-A9DD-4F2B3F74980B" id="BPMNShape_sid-C845D158-616F-4F23-A9DD-4F2B3F74980B">
        <omgdc:Bounds height="40.0" width="40.0" x="287.0" y="880.0"/>
      </bpmndi:BPMNShape>
      <bpmndi:BPMNShape bpmnElement="sid-27A5EFDC-1D78-4506-8973-35FFE5E47768" id="BPMNShape_sid-27A5EFDC-1D78-4506-8973-35FFE5E47768">
        <omgdc:Bounds height="63.0" width="89.0" x="211.5" y="815.0"/>
      </bpmndi:BPMNShape>
      <bpmndi:BPMNShape bpmnElement="sid-60629C47-6E3C-49D7-9C37-14920388A0F0" id="BPMNShape_sid-60629C47-6E3C-49D7-9C37-14920388A0F0">
        <omgdc:Bounds height="63.0" width="91.0" x="329.0" y="815.0"/>
      </bpmndi:BPMNShape>
      <bpmndi:BPMNEdge bpmnElement="sid-726391BE-386E-4FA5-A316-6BC55A15B6E4" id="BPMNEdge_sid-726391BE-386E-4FA5-A316-6BC55A15B6E4">
        <omgdi:waypoint x="397.0133689839572" y="274.0"/>
        <omgdi:waypoint x="397.51069518716577" y="305.0"/>
      </bpmndi:BPMNEdge>
      <bpmndi:BPMNEdge bpmnElement="sid-E1FF4BC0-C150-4CAF-B239-6F86497A5345" id="BPMNEdge_sid-E1FF4BC0-C150-4CAF-B239-6F86497A5345">
        <omgdi:waypoint x="482.0" y="737.0"/>
        <omgdi:waypoint x="482.0" y="960.5"/>
        <omgdi:waypoint x="418.5" y="960.5"/>
      </bpmndi:BPMNEdge>
      <bpmndi:BPMNEdge bpmnElement="sid-F07EF589-C48D-42C6-8353-D7EDB398FA4B" id="BPMNEdge_sid-F07EF589-C48D-42C6-8353-D7EDB398FA4B">
        <omgdi:waypoint x="398.15250000000003" y="366.0"/>
        <omgdi:waypoint x="398.34749999999997" y="405.0"/>
      </bpmndi:BPMNEdge>
      <bpmndi:BPMNEdge bpmnElement="sid-82A80807-C6C7-4B92-8345-893A3CCAA6B7" id="BPMNEdge_sid-82A80807-C6C7-4B92-8345-893A3CCAA6B7">
        <omgdi:waypoint x="398.5" y="565.0"/>
        <omgdi:waypoint x="398.5" y="584.0"/>
        <omgdi:waypoint x="398.0" y="582.0"/>
        <omgdi:waypoint x="398.0" y="605.0"/>
      </bpmndi:BPMNEdge>
      <bpmndi:BPMNEdge bpmnElement="sid-0F7D02D3-04F6-4A02-BFDA-558E80022491" id="BPMNEdge_sid-0F7D02D3-04F6-4A02-BFDA-558E80022491">
        <omgdi:waypoint x="398.5" y="466.0"/>
        <omgdi:waypoint x="398.5" y="505.0"/>
      </bpmndi:BPMNEdge>
      <bpmndi:BPMNEdge bpmnElement="sid-13922CD7-6A0D-45E6-B217-E22323CF0836" id="BPMNEdge_sid-13922CD7-6A0D-45E6-B217-E22323CF0836">
        <omgdi:waypoint x="307.5" y="919.5"/>
        <omgdi:waypoint x="307.5" y="960.0"/>
        <omgdi:waypoint x="379.0" y="960.0"/>
      </bpmndi:BPMNEdge>
      <bpmndi:BPMNEdge bpmnElement="sid-61186A21-E18E-4268-B1AA-240186FAFAC5" id="BPMNEdge_sid-61186A21-E18E-4268-B1AA-240186FAFAC5">
        <omgdi:waypoint x="256.0" y="878.0"/>
        <omgdi:waypoint x="256.0" y="900.5"/>
        <omgdi:waypoint x="287.5" y="900.5"/>
      </bpmndi:BPMNEdge>
      <bpmndi:BPMNEdge bpmnElement="sid-A6C26FFD-2ECF-4AFB-A90A-031F6EBF0210" id="BPMNEdge_sid-A6C26FFD-2ECF-4AFB-A90A-031F6EBF0210">
        <omgdi:waypoint x="378.5" y="625.5"/>
        <omgdi:waypoint x="307.0" y="625.5"/>
        <omgdi:waypoint x="307.0" y="665.0"/>
      </bpmndi:BPMNEdge>
      <bpmndi:BPMNEdge bpmnElement="sid-24F68FF7-CDEC-4B16-AFA2-51FC66B180BA" id="BPMNEdge_sid-24F68FF7-CDEC-4B16-AFA2-51FC66B180BA">
        <omgdi:waypoint x="319.5" y="170.5"/>
        <omgdi:waypoint x="396.5" y="170.5"/>
        <omgdi:waypoint x="396.5" y="210.0"/>
      </bpmndi:BPMNEdge>
      <bpmndi:BPMNEdge bpmnElement="sid-54429319-B9BB-4E9C-A148-EF99AA1DD7E2" id="BPMNEdge_sid-54429319-B9BB-4E9C-A148-EF99AA1DD7E2">
        <omgdi:waypoint x="300.1993670886076" y="123.0"/>
        <omgdi:waypoint x="300.37261146496814" y="150.37261146496814"/>
      </bpmndi:BPMNEdge>
      <bpmndi:BPMNEdge bpmnElement="sid-DD3AACA6-DAE8-43B1-8C23-AF21077000D8" id="BPMNEdge_sid-DD3AACA6-DAE8-43B1-8C23-AF21077000D8">
        <omgdi:waypoint x="287.5" y="785.5"/>
        <omgdi:waypoint x="256.0" y="785.5"/>
        <omgdi:waypoint x="256.0" y="815.0"/>
      </bpmndi:BPMNEdge>
      <bpmndi:BPMNEdge bpmnElement="sid-95C51CAF-CC0F-4BCA-AC05-A1BF3CF2764F" id="BPMNEdge_sid-95C51CAF-CC0F-4BCA-AC05-A1BF3CF2764F">
        <omgdi:waypoint x="195.0" y="275.0"/>
        <omgdi:waypoint x="195.0" y="1025.5"/>
        <omgdi:waypoint x="284.5" y="1025.5"/>
      </bpmndi:BPMNEdge>
      <bpmndi:BPMNEdge bpmnElement="sid-4B048DD9-2C00-4592-820B-6FE6345D4B34" id="BPMNEdge_sid-4B048DD9-2C00-4592-820B-6FE6345D4B34">
        <omgdi:waypoint x="304.3642857142857" y="1044.6357142857144"/>
        <omgdi:waypoint x="304.09928828310865" y="1082.000352081683"/>
      </bpmndi:BPMNEdge>
      <bpmndi:BPMNEdge bpmnElement="sid-5EBCCB31-D14A-440D-9341-492447505B87" id="BPMNEdge_sid-5EBCCB31-D14A-440D-9341-492447505B87">
        <omgdi:waypoint x="307.20882352941175" y="736.0"/>
        <omgdi:waypoint x="307.3816568047337" y="765.3816568047338"/>
      </bpmndi:BPMNEdge>
      <bpmndi:BPMNEdge bpmnElement="sid-6BFCA909-81EF-460E-A062-DE1EA144B7F2" id="BPMNEdge_sid-6BFCA909-81EF-460E-A062-DE1EA144B7F2">
        <omgdi:waypoint x="326.5" y="785.5"/>
        <omgdi:waypoint x="374.5" y="785.5"/>
        <omgdi:waypoint x="374.5" y="815.0"/>
      </bpmndi:BPMNEdge>
      <bpmndi:BPMNEdge bpmnElement="sid-A0E32F11-7737-4FE1-A8AD-81D98A075AD6" id="BPMNEdge_sid-A0E32F11-7737-4FE1-A8AD-81D98A075AD6">
        <omgdi:waypoint x="300.0" y="30.0"/>
        <omgdi:waypoint x="300.0" y="60.0"/>
      </bpmndi:BPMNEdge>
      <bpmndi:BPMNEdge bpmnElement="sid-31F6E0E8-4381-4ECA-BD04-460BD7A30CE2" id="BPMNEdge_sid-31F6E0E8-4381-4ECA-BD04-460BD7A30CE2">
        <omgdi:waypoint x="374.5" y="878.0"/>
        <omgdi:waypoint x="374.5" y="900.0"/>
        <omgdi:waypoint x="327.0" y="900.0"/>
      </bpmndi:BPMNEdge>
      <bpmndi:BPMNEdge bpmnElement="sid-C5A4FB99-CD7B-4F5C-90D1-1D8939028B18" id="BPMNEdge_sid-C5A4FB99-CD7B-4F5C-90D1-1D8939028B18">
        <omgdi:waypoint x="399.5" y="979.5"/>
        <omgdi:waypoint x="399.5" y="1025.0"/>
        <omgdi:waypoint x="324.0" y="1025.0"/>
      </bpmndi:BPMNEdge>
      <bpmndi:BPMNEdge bpmnElement="sid-648AA245-D90F-4314-98DE-12AA858001FD" id="BPMNEdge_sid-648AA245-D90F-4314-98DE-12AA858001FD">
        <omgdi:waypoint x="280.5" y="170.5"/>
        <omgdi:waypoint x="195.0" y="170.5"/>
        <omgdi:waypoint x="195.0" y="210.0"/>
      </bpmndi:BPMNEdge>
      <bpmndi:BPMNEdge bpmnElement="sid-C37BFE7C-16DF-4215-8682-2C5A71572381" id="BPMNEdge_sid-C37BFE7C-16DF-4215-8682-2C5A71572381">
        <omgdi:waypoint x="417.5" y="625.5"/>
        <omgdi:waypoint x="482.0" y="625.5"/>
        <omgdi:waypoint x="482.0" y="665.0"/>
      </bpmndi:BPMNEdge>
    </bpmndi:BPMNPlane>
  </bpmndi:BPMNDiagram>
</definitions>