<?xml version="1.0" encoding="UTF-8"?>
<definitions xmlns="http://www.omg.org/spec/BPMN/20100524/MODEL" xmlns:bpmndi="http://www.omg.org/spec/BPMN/20100524/DI" xmlns:omgdc="http://www.omg.org/spec/DD/20100524/DC" xmlns:omgdi="http://www.omg.org/spec/DD/20100524/DI" xmlns:signavio="http://www.signavio.com" xmlns:xsi="http://www.w3.org/2001/XMLSchema-instance" exporter="Signavio Process Editor, http://www.signavio.com" exporterVersion="" expressionLanguage="http://www.w3.org/1999/XPath" id="sid-df8af1d9-d16d-4506-813b-b1243d1abbe0" targetNamespace="http://www.signavio.com/bpmn20" typeLanguage="http://www.w3.org/2001/XMLSchema" xmlns:activiti="http://activiti.org/bpmn"  xsi:schemaLocation="http://www.omg.org/spec/BPMN/20100524/MODEL http://www.omg.org/spec/BPMN/2.0/20100501/BPMN20.xsd" >
	<process id="emailer" name="emailer">
	 <startEvent id="start" />
		<sequenceFlow id="flow1" sourceRef="start" targetRef="sendMail" />
		<serviceTask id="sendMail" activiti:type="mail">
			<extensionElements>
				<activiti:field name="from" stringValue="sprint@ldmail.yahoo.com" />
				<activiti:field name="to" stringValue="sprint@ldmail.yahoo.com" />
				<activiti:field name="subject" stringValue="Entity Created" />
				<activiti:field name="html">
				<activiti:expression> 
				        <![CDATA[
				          <html>
				            <body>
				              Hello,<br/><br/>
				                 
				              Your entity ${businessEntity.toString()} has been created <b>Successfully</b>.<br/><br/>
				                  
				              Kind regards,<br/>
				                  
				              Team.
				            </body>
				          </html>
				        ]]>
				</activiti:expression>
				</activiti:field>

			</extensionElements>
		</serviceTask>
		<sequenceFlow id="flow2" sourceRef="sendMail" targetRef="end" />
		<endEvent id="end" />
	</process>
</definitions>
