<?xml version="1.0" encoding="UTF-8"?>
<definitions xmlns="http://www.omg.org/spec/BPMN/20100524/MODEL" xmlns:xsi="http://www.w3.org/2001/XMLSchema-instance" xmlns:xsd="http://www.w3.org/2001/XMLSchema" xmlns:activiti="http://activiti.org/bpmn" xmlns:bpmndi="http://www.omg.org/spec/BPMN/20100524/DI" xmlns:omgdc="http://www.omg.org/spec/DD/20100524/DC" xmlns:omgdi="http://www.omg.org/spec/DD/20100524/DI" typeLanguage="http://www.w3.org/2001/XMLSchema" expressionLanguage="http://www.w3.org/1999/XPath" targetNamespace="http://www.activiti.org/PSNewPostWorkflow">
  <process id="AdditionalCorrespondenceWorkflow" name="Additional Correspondence Workflow" isExecutable="true">
    <endEvent id="endevent1" name="End"></endEvent>
    <startEvent id="alfrescoStartevent1" name="Alfresco start" activiti:formKey="pswf:standardWorkflow"></startEvent>
    <userTask id="usertask1" name="Workflow Deletion Request" activiti:assignee="${pswf_checker}" activiti:formKey="pswf:standardWorkflow">
      <extensionElements>
        <activiti:taskListener event="create" class="org.alfresco.repo.workflow.activiti.tasklistener.ScriptTaskListener">
          <activiti:field name="script">
            <activiti:string><![CDATA[execution.setVariableLocal('owdbpm_jspStepProcessor',"customJsp/psJsp/PS_AdditionalCorrespondence.jsp");
execution.setVariableLocal('bpm_description',"Workflow Deletion Request");]]></activiti:string>
          </activiti:field>
        </activiti:taskListener>
        <activiti:taskListener event="complete" class="org.alfresco.repo.workflow.activiti.tasklistener.ScriptTaskListener">
          <activiti:field name="script">
            <activiti:string><![CDATA[execution.setVariable('pswf_sourceSystem', task.getVariable('pswf_sourceSystem'));
execution.setVariable('pswf_dateReceived', task.getVariable('pswf_dateReceived'));
execution.setVariable('pswf_teamName', task.getVariable('pswf_teamName'));
execution.setVariable('pswf_certificateWorkflowRequired',false);
execution.setVariable('pswf_workflowTaskType', task.getVariable('pswf_workflowTaskType'));
execution.setVariable('pswf_decision', task.getVariable('pswf_decision'));
execution.setVariable('pswf_activity', task.getVariable('pswf_activity'));
execution.setVariable('pswf_subActivity', task.getVariable('pswf_subActivity'));
execution.setVariable('pswf_deadline', task.getVariable('pswf_deadline'));
execution.setVariable('pswf_internalDeadline', task.getVariable('pswf_internalDeadline'));
execution.setVariable('bpm_comment', task.getVariable('bpm_comment'));
execution.setVariable('pswf_taskDetail', task.getVariable('pswf_taskDetail'));
execution.setVariable('pswf_taskStatus', task.getVariable('pswf_taskStatus'));
execution.setVariable('pswf_taskNumber', task.getVariable('pswf_taskNumber'));
execution.setVariable('pswf_calcs', task.getVariable('pswf_calcs'));
execution.setVariable('pswf_centralID', task.getVariable('pswf_centralID'));
execution.setVariable('pswf_firstName', task.getVariable('pswf_firstName'));
execution.setVariable('pswf_surname', task.getVariable('pswf_surname'));
execution.setVariable('pswf_nino', task.getVariable('pswf_nino'));
execution.setVariable('pswf_dob', task.getVariable('pswf_dob'));
execution.setVariable('pswf_releventMemberID', task.getVariable('pswf_releventMemberID'));
execution.setVariable('pswf_adminSchemeID', task.getVariable('pswf_adminSchemeID'));
execution.setVariable('pswf_adminSchemeName', task.getVariable('pswf_adminSchemeName'));
execution.setVariable('pswf_payrollSchemeID', task.getVariable('pswf_payrollSchemeID'));
execution.setVariable('pswf_payrollSchemeName', task.getVariable('pswf_payrollSchemeName'));
execution.setVariable('pswf_greenErrors', task.getVariable('pswf_greenErrors'));
execution.setVariable('pswf_amberErrors', task.getVariable('pswf_amberErrors'));
execution.setVariable('pswf_redErrors', task.getVariable('pswf_redErrors'));
execution.setVariable('pswf_errorExplanation', task.getVariable('pswf_errorExplanation'));
execution.setVariable('pswf_doer', task.getVariable('pswf_doer'));
execution.setVariable('pswf_doerDate', task.getVariable('pswf_doerDate'));
execution.setVariable('pswf_checker', task.getVariable('pswf_checker'));
execution.setVariable('pswf_checkerDate', task.getVariable('pswf_checkerDate'));
execution.setVariable('pswf_authoriser', task.getVariable('pswf_authoriser'));
execution.setVariable('pswf_authoriserDate', task.getVariable('pswf_authoriserDate'));
execution.setVariable('pswf_completedBy', task.getVariable('pswf_completedBy'));
execution.setVariable('pswf_completedDate', task.getVariable('pswf_completedDate'));
execution.setVariable('pswf_processID', task.getVariable('pswf_processID'));
execution.setVariable('pswf_documentAddedBy', task.getVariable('pswf_documentAddedBy'));
execution.setVariable('pswf_documentName', task.getVariable('pswf_documentName'));]]></activiti:string>
          </activiti:field>
        </activiti:taskListener>
      </extensionElements>
    </userTask>
    <sequenceFlow id="flow2" sourceRef="usertask1" targetRef="endevent1"></sequenceFlow>
    <exclusiveGateway id="exclusivegateway1" name="Exclusive Gateway"></exclusiveGateway>
    <sequenceFlow id="flow4" name="Pass to checker" sourceRef="exclusivegateway1" targetRef="usertask1">
      <conditionExpression xsi:type="tFormalExpression"><![CDATA[${pswf_decision.substring(0,7) == 'Pass to'}]]></conditionExpression>
    </sequenceFlow>
    <sequenceFlow id="flow5" name="Complete task" sourceRef="exclusivegateway1" targetRef="endevent1">
      <conditionExpression xsi:type="tFormalExpression"><![CDATA[${pswf_decision == 'End task'}]]></conditionExpression>
    </sequenceFlow>
    <serviceTask id="alfrescoScripttask1" name="Alfresco Script Task" activiti:class="org.alfresco.repo.workflow.activiti.script.AlfrescoScriptDelegate">
      <extensionElements>
        <activiti:field name="script">
          <activiti:string><![CDATA[var username = String(execution.getVariable('pswf_doer'));
username = people.getPerson(username);  
var groupnames = people.getContainerGroups(username);
var previousDecision = execution.getVariable('pswf_decision')
if(previousDecision == 'AddCorresFromPostStage'){
	execution.setVariable('pswf_decision','Pass to checker from post stage')
}
if(previousDecision == 'Additional correspondence'){
	execution.setVariable('pswf_decision','Pass to checker from doer stage')
}


for (var i = 0; i < groupnames.length; i++)
{
	if (groupnames[i].properties["authorityName"] == "GROUP_ALF-AdminSecurity-High") {
		execution.setVariable('pswf_decision','End task')
	}
}]]></activiti:string>
        </activiti:field>
      </extensionElements>
    </serviceTask>
    <sequenceFlow id="flow6" sourceRef="alfrescoStartevent1" targetRef="alfrescoScripttask1"></sequenceFlow>
    <sequenceFlow id="flow7" sourceRef="alfrescoScripttask1" targetRef="exclusivegateway1"></sequenceFlow>
  </process>
  <bpmndi:BPMNDiagram id="BPMNDiagram_AdditionalCorrespondenceWorkflow">
    <bpmndi:BPMNPlane bpmnElement="AdditionalCorrespondenceWorkflow" id="BPMNPlane_AdditionalCorrespondenceWorkflow">
      <bpmndi:BPMNShape bpmnElement="endevent1" id="BPMNShape_endevent1">
        <omgdc:Bounds height="35.0" width="35.0" x="660.0" y="143.0"></omgdc:Bounds>
      </bpmndi:BPMNShape>
      <bpmndi:BPMNShape bpmnElement="alfrescoStartevent1" id="BPMNShape_alfrescoStartevent1">
        <omgdc:Bounds height="35.0" width="35.0" x="88.0" y="143.0"></omgdc:Bounds>
      </bpmndi:BPMNShape>
      <bpmndi:BPMNShape bpmnElement="usertask1" id="BPMNShape_usertask1">
        <omgdc:Bounds height="71.0" width="163.0" x="450.0" y="251.0"></omgdc:Bounds>
      </bpmndi:BPMNShape>
      <bpmndi:BPMNShape bpmnElement="exclusivegateway1" id="BPMNShape_exclusivegateway1">
        <omgdc:Bounds height="40.0" width="40.0" x="370.0" y="140.0"></omgdc:Bounds>
      </bpmndi:BPMNShape>
      <bpmndi:BPMNShape bpmnElement="alfrescoScripttask1" id="BPMNShape_alfrescoScripttask1">
        <omgdc:Bounds height="55.0" width="105.0" x="220.0" y="133.0"></omgdc:Bounds>
      </bpmndi:BPMNShape>
      <bpmndi:BPMNEdge bpmnElement="flow2" id="BPMNEdge_flow2">
        <omgdi:waypoint x="613.0" y="286.0"></omgdi:waypoint>
        <omgdi:waypoint x="677.0" y="287.0"></omgdi:waypoint>
        <omgdi:waypoint x="677.0" y="178.0"></omgdi:waypoint>
      </bpmndi:BPMNEdge>
      <bpmndi:BPMNEdge bpmnElement="flow4" id="BPMNEdge_flow4">
        <omgdi:waypoint x="390.0" y="180.0"></omgdi:waypoint>
        <omgdi:waypoint x="390.0" y="287.0"></omgdi:waypoint>
        <omgdi:waypoint x="450.0" y="286.0"></omgdi:waypoint>
        <bpmndi:BPMNLabel>
          <omgdc:Bounds height="14.0" width="78.0" x="300.0" y="259.0"></omgdc:Bounds>
        </bpmndi:BPMNLabel>
      </bpmndi:BPMNEdge>
      <bpmndi:BPMNEdge bpmnElement="flow5" id="BPMNEdge_flow5">
        <omgdi:waypoint x="410.0" y="160.0"></omgdi:waypoint>
        <omgdi:waypoint x="660.0" y="160.0"></omgdi:waypoint>
        <bpmndi:BPMNLabel>
          <omgdc:Bounds height="14.0" width="100.0" x="469.0" y="140.0"></omgdc:Bounds>
        </bpmndi:BPMNLabel>
      </bpmndi:BPMNEdge>
      <bpmndi:BPMNEdge bpmnElement="flow6" id="BPMNEdge_flow6">
        <omgdi:waypoint x="123.0" y="160.0"></omgdi:waypoint>
        <omgdi:waypoint x="220.0" y="160.0"></omgdi:waypoint>
      </bpmndi:BPMNEdge>
      <bpmndi:BPMNEdge bpmnElement="flow7" id="BPMNEdge_flow7">
        <omgdi:waypoint x="325.0" y="160.0"></omgdi:waypoint>
        <omgdi:waypoint x="370.0" y="160.0"></omgdi:waypoint>
      </bpmndi:BPMNEdge>
    </bpmndi:BPMNPlane>
  </bpmndi:BPMNDiagram>
</definitions>