<?xml version="1.0" encoding="UTF-8"?>
<definitions xmlns="http://www.omg.org/spec/BPMN/20100524/MODEL" xmlns:xsi="http://www.w3.org/2001/XMLSchema-instance" xmlns:xsd="http://www.w3.org/2001/XMLSchema" xmlns:activiti="http://activiti.org/bpmn" xmlns:bpmndi="http://www.omg.org/spec/BPMN/20100524/DI" xmlns:omgdc="http://www.omg.org/spec/DD/20100524/DC" xmlns:omgdi="http://www.omg.org/spec/DD/20100524/DI" typeLanguage="http://www.w3.org/2001/XMLSchema" expressionLanguage="http://www.w3.org/1999/XPath" targetNamespace="http://www.activiti.org/PSDeleteDocumentWorkflow">
  <process id="DocumentDeletionRequestWorkflow" name="Request Document Deletion" isExecutable="true">
    <serviceTask id="alfrescoScripttask_DeleteFile" name="Delete File" activiti:class="org.alfresco.repo.workflow.activiti.script.AlfrescoScriptDelegate">
      <extensionElements>
        <activiti:field name="script">
          <activiti:string><![CDATA[if (bpm_package.children[0])
{
	bpm_package.children[0].remove();
}]]></activiti:string>
        </activiti:field>
      </extensionElements>
    </serviceTask>
    <endEvent id="endevent1" name="End"></endEvent>
    <startEvent id="alfrescoStartevent1" name="Alfresco start" activiti:formKey="pswf:standardWorkflow"></startEvent>
    <userTask id="alfrescoUsertaskInitialRequest" name="File deletion request" activiti:assignee="${initiator.properties.userName}" activiti:formKey="pswf:standardWorkflow">
      <extensionElements>
        <activiti:taskListener event="create" class="org.alfresco.repo.workflow.activiti.tasklistener.ScriptTaskListener">
          <activiti:field name="script">
            <activiti:string><![CDATA[execution.setVariableLocal('owdbpm_jspStepProcessor',"customJsp/psJsp/deleteFile/PS_DeletionRequest.jsp");
execution.setVariableLocal('bpm_description',"File Deletion Request");
execution.setVariableLocal('pswf_documentName',bpm_package.children[0].name);
if ( execution.getVariable('pswf_dateReceived') == null) {
	var now = new java.util.Date();
	 execution.setVariableLocal('pswf_dateReceived', now)
}
execution.setVariableLocal('pswf_doer',initiator.properties.userName);]]></activiti:string>
          </activiti:field>
        </activiti:taskListener>
        <activiti:taskListener event="complete" class="org.alfresco.repo.workflow.activiti.tasklistener.ScriptTaskListener">
          <activiti:field name="script">
            <activiti:string><![CDATA[execution.setVariable('pswf_sourceSystem', task.getVariable('pswf_sourceSystem'));
execution.setVariable('pswf_dateReceived', task.getVariable('pswf_dateReceived'));
execution.setVariable('pswf_teamName', task.getVariable('pswf_teamName'));
execution.setVariable('pswf_certificateWorkflowRequired', task.getVariable('pswf_certificateWorkflowRequired'));
execution.setVariable('pswf_workflowTaskType', task.getVariable('pswf_workflowTaskType'));
execution.setVariable('pswf_decision', task.getVariable('pswf_decision'));
execution.setVariable('pswf_activity', task.getVariable('pswf_activity'));
execution.setVariable('pswf_subActivity', task.getVariable('pswf_subActivity'));
execution.setVariable('pswf_deadline', task.getVariable('pswf_deadline'));
execution.setVariable('pswf_internalDeadline', task.getVariable('pswf_internalDeadline'));
execution.setVariable('bpm_comment', task.getVariable('bpm_comment'));
execution.setVariable('pswf_taskDetail', task.getVariable('pswf_taskDetail'));
execution.setVariable('pswf_taskStatus', task.getVariable('pswf_taskStatus'));
execution.setVariable('pswf_taskNumber', task.getVariable('pswf_taskNumber'));
execution.setVariable('pswf_calcs', task.getVariable('pswf_calcs'));
execution.setVariable('pswf_centralID', task.getVariable('pswf_centralID'));
execution.setVariable('pswf_firstName', task.getVariable('pswf_firstName'));
execution.setVariable('pswf_surname', task.getVariable('pswf_surname'));
execution.setVariable('pswf_nino', task.getVariable('pswf_nino'));
execution.setVariable('pswf_dob', task.getVariable('pswf_dob'));
execution.setVariable('pswf_releventMemberID', task.getVariable('pswf_releventMemberID'));
execution.setVariable('pswf_adminSchemeID', task.getVariable('pswf_adminSchemeID'));
execution.setVariable('pswf_adminSchemeName', task.getVariable('pswf_adminSchemeName'));
execution.setVariable('pswf_payrollSchemeID', task.getVariable('pswf_payrollSchemeID'));
execution.setVariable('pswf_payrollSchemeName', task.getVariable('pswf_payrollSchemeName'));
execution.setVariable('pswf_doer',initiator.properties.firstName + " " + initiator.properties.lastName );
execution.setVariable('pswf_doerDate', task.getVariable('pswf_doerDate'));
execution.setVariable('pswf_checker', task.getVariable('pswf_checker'));
execution.setVariable('pswf_checkerDate', task.getVariable('pswf_checkerDate'));
execution.setVariable('pswf_authoriser', task.getVariable('pswf_authoriser'));
execution.setVariable('pswf_authoriserDate', task.getVariable('pswf_authoriserDate'));
execution.setVariable('pswf_completedBy', task.getVariable('pswf_completedBy'));
execution.setVariable('pswf_completedDate', task.getVariable('pswf_completedDate'));
execution.setVariable('pswf_processID', task.getVariable('pswf_processID'));
execution.setVariable('pswf_documentAddedBy', task.getVariable('pswf_documentAddedBy'));
execution.setVariable('pswf_documentName', task.getVariable('pswf_documentName'));]]></activiti:string>
          </activiti:field>
        </activiti:taskListener>
      </extensionElements>
    </userTask>
    <exclusiveGateway id="exclusivegateway1" name="Exclusive Gateway"></exclusiveGateway>
    <sequenceFlow id="flow8" name="Approved" sourceRef="exclusivegateway1" targetRef="alfrescoScripttask_DeleteFile">
      <conditionExpression xsi:type="tFormalExpression"><![CDATA[${pswf_decision == 'Approved'}]]></conditionExpression>
    </sequenceFlow>
    <userTask id="alfrescoUsertaskDecision" name="File Deletion Request - Authorise" activiti:assignee="${pswf_checker}" activiti:formKey="pswf:standardWorkflow">
      <extensionElements>
        <activiti:taskListener event="create" class="org.alfresco.repo.workflow.activiti.tasklistener.ScriptTaskListener">
          <activiti:field name="script">
            <activiti:string><![CDATA[execution.setVariableLocal('owdbpm_jspStepProcessor',"customJsp/psJsp/deleteFile/PS_DeletionDecision.jsp");
execution.setVariableLocal('bpm_description',"File Deletion Request - Authorise");]]></activiti:string>
          </activiti:field>
        </activiti:taskListener>
        <activiti:taskListener event="complete" class="org.alfresco.repo.workflow.activiti.tasklistener.ScriptTaskListener">
          <activiti:field name="script">
            <activiti:string><![CDATA[execution.setVariable('pswf_sourceSystem', task.getVariable('pswf_sourceSystem'));
execution.setVariable('pswf_dateReceived', task.getVariable('pswf_dateReceived'));
execution.setVariable('pswf_teamName', task.getVariable('pswf_teamName'));
execution.setVariable('pswf_certificateWorkflowRequired', task.getVariable('pswf_certificateWorkflowRequired'));
execution.setVariable('pswf_workflowTaskType', task.getVariable('pswf_workflowTaskType'));
execution.setVariable('pswf_decision', task.getVariable('pswf_decision'));
execution.setVariable('pswf_activity', task.getVariable('pswf_activity'));
execution.setVariable('pswf_subActivity', task.getVariable('pswf_subActivity'));
execution.setVariable('pswf_deadline', task.getVariable('pswf_deadline'));
execution.setVariable('pswf_internalDeadline', task.getVariable('pswf_internalDeadline'));
execution.setVariable('bpm_comment', task.getVariable('bpm_comment'));
execution.setVariable('pswf_taskDetail', task.getVariable('pswf_taskDetail'));
execution.setVariable('pswf_taskStatus', task.getVariable('pswf_taskStatus'));
execution.setVariable('pswf_taskNumber', task.getVariable('pswf_taskNumber'));
execution.setVariable('pswf_calcs', task.getVariable('pswf_calcs'));
execution.setVariable('pswf_centralID', task.getVariable('pswf_centralID'));
execution.setVariable('pswf_firstName', task.getVariable('pswf_firstName'));
execution.setVariable('pswf_surname', task.getVariable('pswf_surname'));
execution.setVariable('pswf_nino', task.getVariable('pswf_nino'));
execution.setVariable('pswf_dob', task.getVariable('pswf_dob'));
execution.setVariable('pswf_releventMemberID', task.getVariable('pswf_releventMemberID'));
execution.setVariable('pswf_adminSchemeID', task.getVariable('pswf_adminSchemeID'));
execution.setVariable('pswf_adminSchemeName', task.getVariable('pswf_adminSchemeName'));
execution.setVariable('pswf_payrollSchemeID', task.getVariable('pswf_payrollSchemeID'));
execution.setVariable('pswf_payrollSchemeName', task.getVariable('pswf_payrollSchemeName'));
execution.setVariable('pswf_doer', task.getVariable('pswf_doer'));
execution.setVariable('pswf_doerDate', task.getVariable('pswf_doerDate'));
execution.setVariable('pswf_checker', task.getVariable('pswf_checker'));
execution.setVariable('pswf_checkerDate', task.getVariable('pswf_checkerDate'));
execution.setVariable('pswf_authoriser', task.getVariable('pswf_authoriser'));
execution.setVariable('pswf_authoriserDate', task.getVariable('pswf_authoriserDate'));
execution.setVariable('pswf_completedBy', task.getVariable('pswf_completedBy'));
execution.setVariable('pswf_completedDate', task.getVariable('pswf_completedDate'));
execution.setVariable('pswf_processID', task.getVariable('pswf_processID'));
execution.setVariable('pswf_documentAddedBy', task.getVariable('pswf_documentAddedBy'));
execution.setVariable('pswf_documentName', task.getVariable('pswf_documentName'));]]></activiti:string>
          </activiti:field>
        </activiti:taskListener>
      </extensionElements>
    </userTask>
    <userTask id="alfrescoUsertaskFileNotDeleted" name="File not deleted" activiti:assignee="${initiator.properties.userName}" activiti:formKey="pswf:standardWorkflow">
      <extensionElements>
        <activiti:taskListener event="create" class="org.alfresco.repo.workflow.activiti.tasklistener.ScriptTaskListener">
          <activiti:field name="script">
            <activiti:string><![CDATA[execution.setVariableLocal('owdbpm_jspStepProcessor',"customJsp/psJsp/deleteFile/PS_DeletionRejected.jsp");
execution.setVariableLocal('bpm_description',"File Deletion Request - Rejected");]]></activiti:string>
          </activiti:field>
        </activiti:taskListener>
        <activiti:taskListener event="complete" class="org.alfresco.repo.workflow.activiti.tasklistener.ScriptTaskListener">
          <activiti:field name="script">
            <activiti:string><![CDATA[execution.setVariable('pswf_sourceSystem', task.getVariable('pswf_sourceSystem'));
execution.setVariable('pswf_dateReceived', task.getVariable('pswf_dateReceived'));
execution.setVariable('pswf_teamName', task.getVariable('pswf_teamName'));
execution.setVariable('pswf_certificateWorkflowRequired', task.getVariable('pswf_certificateWorkflowRequired'));
execution.setVariable('pswf_workflowTaskType', task.getVariable('pswf_workflowTaskType'));
execution.setVariable('pswf_decision', task.getVariable('pswf_decision'));
execution.setVariable('pswf_activity', task.getVariable('pswf_activity'));
execution.setVariable('pswf_subActivity', task.getVariable('pswf_subActivity'));
execution.setVariable('pswf_deadline', task.getVariable('pswf_deadline'));
execution.setVariable('pswf_internalDeadline', task.getVariable('pswf_internalDeadline'));
execution.setVariable('bpm_comment', task.getVariable('bpm_comment'));
execution.setVariable('pswf_taskDetail', task.getVariable('pswf_taskDetail'));
execution.setVariable('pswf_taskStatus', task.getVariable('pswf_taskStatus'));
execution.setVariable('pswf_taskNumber', task.getVariable('pswf_taskNumber'));
execution.setVariable('pswf_calcs', task.getVariable('pswf_calcs'));
execution.setVariable('pswf_centralID', task.getVariable('pswf_centralID'));
execution.setVariable('pswf_firstName', task.getVariable('pswf_firstName'));
execution.setVariable('pswf_surname', task.getVariable('pswf_surname'));
execution.setVariable('pswf_nino', task.getVariable('pswf_nino'));
execution.setVariable('pswf_dob', task.getVariable('pswf_dob'));
execution.setVariable('pswf_releventMemberID', task.getVariable('pswf_releventMemberID'));
execution.setVariable('pswf_adminSchemeID', task.getVariable('pswf_adminSchemeID'));
execution.setVariable('pswf_adminSchemeName', task.getVariable('pswf_adminSchemeName'));
execution.setVariable('pswf_payrollSchemeID', task.getVariable('pswf_payrollSchemeID'));
execution.setVariable('pswf_payrollSchemeName', task.getVariable('pswf_payrollSchemeName'));
execution.setVariable('pswf_doer', task.getVariable('pswf_doer'));
execution.setVariable('pswf_doerDate', task.getVariable('pswf_doerDate'));
execution.setVariable('pswf_checker', task.getVariable('pswf_checker'));
execution.setVariable('pswf_checkerDate', task.getVariable('pswf_checkerDate'));
execution.setVariable('pswf_authoriser', task.getVariable('pswf_authoriser'));
execution.setVariable('pswf_authoriserDate', task.getVariable('pswf_authoriserDate'));
execution.setVariable('pswf_completedBy', task.getVariable('pswf_completedBy'));
execution.setVariable('pswf_completedDate', task.getVariable('pswf_completedDate'));
execution.setVariable('pswf_processID', task.getVariable('pswf_processID'));
execution.setVariable('pswf_documentAddedBy', task.getVariable('pswf_documentAddedBy'));
execution.setVariable('pswf_documentName', task.getVariable('pswf_documentName'));]]></activiti:string>
          </activiti:field>
        </activiti:taskListener>
      </extensionElements>
    </userTask>
    <userTask id="alfrescoUsertaskFileDeleted" name="File deleted" activiti:assignee="${initiator.properties.userName}" activiti:formKey="pswf:standardWorkflow">
      <extensionElements>
        <activiti:taskListener event="create" class="org.alfresco.repo.workflow.activiti.tasklistener.ScriptTaskListener">
          <activiti:field name="script">
            <activiti:string><![CDATA[execution.setVariableLocal('owdbpm_jspStepProcessor',"customJsp/psJsp/deleteFile/PS_DeletionApproved.jsp");
execution.setVariableLocal('bpm_description',"File Deletion Request - Approved");]]></activiti:string>
          </activiti:field>
        </activiti:taskListener>
        <activiti:taskListener event="complete" class="org.alfresco.repo.workflow.activiti.tasklistener.ScriptTaskListener">
          <activiti:field name="script">
            <activiti:string><![CDATA[execution.setVariable('pswf_sourceSystem', task.getVariable('pswf_sourceSystem'));
execution.setVariable('pswf_dateReceived', task.getVariable('pswf_dateReceived'));
execution.setVariable('pswf_teamName', task.getVariable('pswf_teamName'));
execution.setVariable('pswf_certificateWorkflowRequired', task.getVariable('pswf_certificateWorkflowRequired'));
execution.setVariable('pswf_workflowTaskType', task.getVariable('pswf_workflowTaskType'));
execution.setVariable('pswf_decision', task.getVariable('pswf_decision'));
execution.setVariable('pswf_activity', task.getVariable('pswf_activity'));
execution.setVariable('pswf_subActivity', task.getVariable('pswf_subActivity'));
execution.setVariable('pswf_deadline', task.getVariable('pswf_deadline'));
execution.setVariable('pswf_internalDeadline', task.getVariable('pswf_internalDeadline'));
execution.setVariable('bpm_comment', task.getVariable('bpm_comment'));
execution.setVariable('pswf_taskDetail', task.getVariable('pswf_taskDetail'));
execution.setVariable('pswf_taskStatus', task.getVariable('pswf_taskStatus'));
execution.setVariable('pswf_taskNumber', task.getVariable('pswf_taskNumber'));
execution.setVariable('pswf_calcs', task.getVariable('pswf_calcs'));
execution.setVariable('pswf_centralID', task.getVariable('pswf_centralID'));
execution.setVariable('pswf_firstName', task.getVariable('pswf_firstName'));
execution.setVariable('pswf_surname', task.getVariable('pswf_surname'));
execution.setVariable('pswf_nino', task.getVariable('pswf_nino'));
execution.setVariable('pswf_dob', task.getVariable('pswf_dob'));
execution.setVariable('pswf_releventMemberID', task.getVariable('pswf_releventMemberID'));
execution.setVariable('pswf_adminSchemeID', task.getVariable('pswf_adminSchemeID'));
execution.setVariable('pswf_adminSchemeName', task.getVariable('pswf_adminSchemeName'));
execution.setVariable('pswf_payrollSchemeID', task.getVariable('pswf_payrollSchemeID'));
execution.setVariable('pswf_payrollSchemeName', task.getVariable('pswf_payrollSchemeName'));
execution.setVariable('pswf_doer', task.getVariable('pswf_doer'));
execution.setVariable('pswf_doerDate', task.getVariable('pswf_doerDate'));
execution.setVariable('pswf_checker', task.getVariable('pswf_checker'));
execution.setVariable('pswf_checkerDate', task.getVariable('pswf_checkerDate'));
execution.setVariable('pswf_authoriser', task.getVariable('pswf_authoriser'));
execution.setVariable('pswf_authoriserDate', task.getVariable('pswf_authoriserDate'));
execution.setVariable('pswf_completedBy', task.getVariable('pswf_completedBy'));
execution.setVariable('pswf_completedDate', task.getVariable('pswf_completedDate'));
execution.setVariable('pswf_processID', task.getVariable('pswf_processID'));
execution.setVariable('pswf_documentAddedBy', task.getVariable('pswf_documentAddedBy'));
execution.setVariable('pswf_documentName', task.getVariable('pswf_documentName'));]]></activiti:string>
          </activiti:field>
        </activiti:taskListener>
      </extensionElements>
    </userTask>
    <sequenceFlow id="flow9" sourceRef="alfrescoUsertaskInitialRequest" targetRef="alfrescoUsertaskDecision"></sequenceFlow>
    <sequenceFlow id="flow10" sourceRef="alfrescoUsertaskDecision" targetRef="exclusivegateway1"></sequenceFlow>
    <sequenceFlow id="flow11" sourceRef="alfrescoScripttask_DeleteFile" targetRef="alfrescoUsertaskFileDeleted"></sequenceFlow>
    <sequenceFlow id="flow12" sourceRef="alfrescoUsertaskFileDeleted" targetRef="endevent1"></sequenceFlow>
    <sequenceFlow id="flow13" sourceRef="alfrescoUsertaskFileNotDeleted" targetRef="endevent1"></sequenceFlow>
    <sequenceFlow id="flow14" name="Rejected" sourceRef="exclusivegateway1" targetRef="alfrescoUsertaskFileNotDeleted">
      <conditionExpression xsi:type="tFormalExpression"><![CDATA[${pswf_decision == 'Rejected'}]]></conditionExpression>
    </sequenceFlow>
    <sequenceFlow id="flow15" sourceRef="alfrescoStartevent1" targetRef="alfrescoUsertaskInitialRequest"></sequenceFlow>
  </process>
  <bpmndi:BPMNDiagram id="BPMNDiagram_DocumentDeletionRequestWorkflow">
    <bpmndi:BPMNPlane bpmnElement="DocumentDeletionRequestWorkflow" id="BPMNPlane_DocumentDeletionRequestWorkflow">
      <bpmndi:BPMNShape bpmnElement="alfrescoScripttask_DeleteFile" id="BPMNShape_alfrescoScripttask_DeleteFile">
        <omgdc:Bounds height="55.0" width="105.0" x="540.0" y="308.0"></omgdc:Bounds>
      </bpmndi:BPMNShape>
      <bpmndi:BPMNShape bpmnElement="endevent1" id="BPMNShape_endevent1">
        <omgdc:Bounds height="35.0" width="35.0" x="860.0" y="318.0"></omgdc:Bounds>
      </bpmndi:BPMNShape>
      <bpmndi:BPMNShape bpmnElement="alfrescoStartevent1" id="BPMNShape_alfrescoStartevent1">
        <omgdc:Bounds height="35.0" width="35.0" x="40.0" y="318.0"></omgdc:Bounds>
      </bpmndi:BPMNShape>
      <bpmndi:BPMNShape bpmnElement="alfrescoUsertaskInitialRequest" id="BPMNShape_alfrescoUsertaskInitialRequest">
        <omgdc:Bounds height="55.0" width="131.0" x="130.0" y="308.0"></omgdc:Bounds>
      </bpmndi:BPMNShape>
      <bpmndi:BPMNShape bpmnElement="exclusivegateway1" id="BPMNShape_exclusivegateway1">
        <omgdc:Bounds height="40.0" width="40.0" x="460.0" y="315.0"></omgdc:Bounds>
      </bpmndi:BPMNShape>
      <bpmndi:BPMNShape bpmnElement="alfrescoUsertaskDecision" id="BPMNShape_alfrescoUsertaskDecision">
        <omgdc:Bounds height="55.0" width="105.0" x="300.0" y="308.0"></omgdc:Bounds>
      </bpmndi:BPMNShape>
      <bpmndi:BPMNShape bpmnElement="alfrescoUsertaskFileNotDeleted" id="BPMNShape_alfrescoUsertaskFileNotDeleted">
        <omgdc:Bounds height="55.0" width="105.0" x="690.0" y="198.0"></omgdc:Bounds>
      </bpmndi:BPMNShape>
      <bpmndi:BPMNShape bpmnElement="alfrescoUsertaskFileDeleted" id="BPMNShape_alfrescoUsertaskFileDeleted">
        <omgdc:Bounds height="55.0" width="105.0" x="690.0" y="308.0"></omgdc:Bounds>
      </bpmndi:BPMNShape>
      <bpmndi:BPMNEdge bpmnElement="flow8" id="BPMNEdge_flow8">
        <omgdi:waypoint x="500.0" y="335.0"></omgdi:waypoint>
        <omgdi:waypoint x="540.0" y="335.0"></omgdi:waypoint>
        <bpmndi:BPMNLabel>
          <omgdc:Bounds height="14.0" width="48.0" x="489.0" y="352.0"></omgdc:Bounds>
        </bpmndi:BPMNLabel>
      </bpmndi:BPMNEdge>
      <bpmndi:BPMNEdge bpmnElement="flow9" id="BPMNEdge_flow9">
        <omgdi:waypoint x="261.0" y="335.0"></omgdi:waypoint>
        <omgdi:waypoint x="300.0" y="335.0"></omgdi:waypoint>
      </bpmndi:BPMNEdge>
      <bpmndi:BPMNEdge bpmnElement="flow10" id="BPMNEdge_flow10">
        <omgdi:waypoint x="405.0" y="335.0"></omgdi:waypoint>
        <omgdi:waypoint x="460.0" y="335.0"></omgdi:waypoint>
      </bpmndi:BPMNEdge>
      <bpmndi:BPMNEdge bpmnElement="flow11" id="BPMNEdge_flow11">
        <omgdi:waypoint x="645.0" y="335.0"></omgdi:waypoint>
        <omgdi:waypoint x="690.0" y="335.0"></omgdi:waypoint>
      </bpmndi:BPMNEdge>
      <bpmndi:BPMNEdge bpmnElement="flow12" id="BPMNEdge_flow12">
        <omgdi:waypoint x="795.0" y="335.0"></omgdi:waypoint>
        <omgdi:waypoint x="860.0" y="335.0"></omgdi:waypoint>
      </bpmndi:BPMNEdge>
      <bpmndi:BPMNEdge bpmnElement="flow13" id="BPMNEdge_flow13">
        <omgdi:waypoint x="795.0" y="225.0"></omgdi:waypoint>
        <omgdi:waypoint x="877.0" y="225.0"></omgdi:waypoint>
        <omgdi:waypoint x="877.0" y="318.0"></omgdi:waypoint>
      </bpmndi:BPMNEdge>
      <bpmndi:BPMNEdge bpmnElement="flow14" id="BPMNEdge_flow14">
        <omgdi:waypoint x="480.0" y="315.0"></omgdi:waypoint>
        <omgdi:waypoint x="480.0" y="225.0"></omgdi:waypoint>
        <omgdi:waypoint x="690.0" y="225.0"></omgdi:waypoint>
        <bpmndi:BPMNLabel>
          <omgdc:Bounds height="14.0" width="42.0" x="510.0" y="212.0"></omgdc:Bounds>
        </bpmndi:BPMNLabel>
      </bpmndi:BPMNEdge>
      <bpmndi:BPMNEdge bpmnElement="flow15" id="BPMNEdge_flow15">
        <omgdi:waypoint x="75.0" y="335.0"></omgdi:waypoint>
        <omgdi:waypoint x="130.0" y="335.0"></omgdi:waypoint>
      </bpmndi:BPMNEdge>
    </bpmndi:BPMNPlane>
  </bpmndi:BPMNDiagram>
</definitions>