<?xml version="1.0" encoding="UTF-8"?>
<definitions xmlns="http://www.omg.org/spec/BPMN/20100524/MODEL" xmlns:xsi="http://www.w3.org/2001/XMLSchema-instance"
  xmlns:activiti="http://activiti.org/bpmn" xmlns:bpmndi="http://www.omg.org/spec/BPMN/20100524/DI" xmlns:omgdc="http://www.omg.org/spec/DD/20100524/DC"
  xmlns:omgdi="http://www.omg.org/spec/DD/20100524/DI" typeLanguage="http://www.w3.org/2001/XMLSchema"
  expressionLanguage="http://www.w3.org/1999/XPath" targetNamespace="Cool Processes">
  <process id="simpleApprovalProcess" name="Simple approval process">
    
    <documentation>This is a simple approval process.</documentation>
    
    <startEvent id="startevent2" name="Start" activiti:initiator="initiator">
      <extensionElements>
        <activiti:formProperty id="approver" name="Approver" type="user" required="true" />
        <activiti:formProperty id="duedate" name="Approval due date" datePattern="dd-MM-yyyy hh:mm" type="date" required="true" />
        <activiti:formProperty id="difficulty" name="Difficulty (number)" type="long" />
        <activiti:formProperty id="instructions" name="Instructions" type="textarea" />
      </extensionElements>
    </startEvent>
    
    <userTask id="usertask2" name="Approval task" activiti:assignee="${approver}" activiti:dueDate="${duedate}">
      <documentation>Approval request created by ${initiator}: ${instructions} </documentation>
      <extensionElements>
         <activiti:formProperty id="approved" name="Decision" type="enum"
          required="true">
          <activiti:value id="true" name="Approve" />
          <activiti:value id="false" name="Reject" />
        </activiti:formProperty>
        <activiti:formProperty id="motivation" name="Motivation" type="string" required="true" />
      </extensionElements>
    </userTask>
    <endEvent id="endevent2" name="End"></endEvent>
    <sequenceFlow id="flow3" name="" sourceRef="startevent2" targetRef="usertask2"></sequenceFlow>
    <sequenceFlow id="flow4" name="" sourceRef="usertask2" targetRef="usertask3"></sequenceFlow>
    
    <userTask id="usertask3" name="Check outcome" activiti:assignee="${initiator}">
      <documentation textFormat="text/plain">Task completed by ${approver}: ${(approved.equals('true')) ? 'Approved.' : 'Rejected!'}</documentation>
      <extensionElements>
         <activiti:formProperty id="motivation" name="Motivation" type="string" writable="false" />
      </extensionElements>
    </userTask>
    <sequenceFlow id="flow5" name="" sourceRef="usertask3" targetRef="endevent2"></sequenceFlow>
  </process>


  <bpmndi:BPMNDiagram id="BPMNDiagram_simpleApprovalProcess">
    <bpmndi:BPMNPlane bpmnElement="simpleApprovalProcess" id="BPMNPlane_simpleApprovalProcess">
      <bpmndi:BPMNShape bpmnElement="startevent2" id="BPMNShape_startevent2">
        <omgdc:Bounds height="55" width="55" x="200" y="180"></omgdc:Bounds>
      </bpmndi:BPMNShape>
      <bpmndi:BPMNShape bpmnElement="usertask2" id="BPMNShape_usertask2">
        <omgdc:Bounds height="55" width="105" x="320" y="180"></omgdc:Bounds>
      </bpmndi:BPMNShape>
      <bpmndi:BPMNShape bpmnElement="endevent2" id="BPMNShape_endevent2">
        <omgdc:Bounds height="55" width="55" x="660" y="180"></omgdc:Bounds>
      </bpmndi:BPMNShape>
      <bpmndi:BPMNShape bpmnElement="usertask3" id="BPMNShape_usertask3">
        <omgdc:Bounds height="55" width="105" x="490" y="180"></omgdc:Bounds>
      </bpmndi:BPMNShape>
      <bpmndi:BPMNEdge bpmnElement="flow3" id="BPMNEdge_flow3">
        <omgdi:waypoint x="255" y="207"></omgdi:waypoint>
        <omgdi:waypoint x="320" y="207"></omgdi:waypoint>
      </bpmndi:BPMNEdge>
      <bpmndi:BPMNEdge bpmnElement="flow4" id="BPMNEdge_flow4">
        <omgdi:waypoint x="425" y="207"></omgdi:waypoint>
        <omgdi:waypoint x="490" y="207"></omgdi:waypoint>
      </bpmndi:BPMNEdge>
      <bpmndi:BPMNEdge bpmnElement="flow5" id="BPMNEdge_flow5">
        <omgdi:waypoint x="595" y="207"></omgdi:waypoint>
        <omgdi:waypoint x="660" y="207"></omgdi:waypoint>
      </bpmndi:BPMNEdge>
    </bpmndi:BPMNPlane>
  </bpmndi:BPMNDiagram>
</definitions>