<?xml version="1.0" encoding="UTF-8" ?>

<definitions id="definitions" targetNamespace="http://activiti.org/bpmn20"
	xmlns="http://www.omg.org/spec/BPMN/20100524/MODEL" 
	xmlns:xsi="http://www.w3.org/2001/XMLSchema-instance"
	xmlns:activiti="http://activiti.org/bpmn"
	xmlns:bpmndi="http://www.omg.org/spec/BPMN/20100524/DI" 
    xmlns:omgdc="http://www.omg.org/spec/DD/20100524/DC"
    xmlns:omgdi="http://www.omg.org/spec/DD/20100524/DI">

	<process id="dummyJpaProcess" name="Activiti JPA work tutorial">
	
	   
        <startEvent id="request" activiti:initiator="employeeName">
			<extensionElements>
				<activiti:formProperty id="numberOfDays" name="Number of days"
					type="long" value="1" required="true" />
				<activiti:formProperty id="startDate"
					name="First day of holiday (dd-MM-yyy)" datePattern="dd-MM-yyyy hh:mm"
					type="date" required="true" />
				<activiti:formProperty id="vacationMotivation"
					name="Motivation" type="string" />
			</extensionElements>
		</startEvent>

		<sequenceFlow id="flow1" sourceRef="request" targetRef="registerRequest" />
		

		<serviceTask id="registerRequest" name="Create Vacation request"    activiti:expression="${vacationRequestBean.newVacationRequest(employeeName, numberOfDays, vacationMotivation, startDate)}"   activiti:resultVariable="vacationRequest"/>    
		
		
		<sequenceFlow id="flow2" sourceRef="registerRequest" targetRef="capriciousServiceTask"/>
		
		
		<serviceTask id="capriciousServiceTask"  name="Capricious service task"  activiti:class="com.activititest.jpa.example.CapriciousService" />
		
		
		<sequenceFlow id="flow3" sourceRef="capriciousServiceTask" targetRef="theEnd"/>
		
			
		<endEvent id="theEnd" />

	</process>


	

</definitions>

