{"_id": "5044a7f60594ca7534b83f97", "categories": {"audience": [], "database": [], "developmentstatus": [], "environment": [], "language": [], "license": [], "os": [], "topic": [], "translation": []}, "creation_date": "2012-09-03", "developers": [{"name": "Johannes Haan", "url": "http://sourceforge.net/u/jhaan83/", "username": "jhaan83"}], "external_homepage": "", "icon_url": null, "labels": [], "moved_to_url": "", "name": "BPMN 2.0 XSD to .NET", "preferred_support_tool": "", "preferred_support_url": "", "private": false, "screenshots": [], "short_description": "BPMN 2.0 XSD to .NET", "shortname": "bpmn-xsd2dotnet", "socialnetworks": [], "status": "active", "summary": "", "tools": [{"label": "Files", "mount_point": "downloads", "name": "files"}, {"label": "Wiki", "mount_point": "wiki", "name": "wiki"}, {"label": "Code", "mount_point": "code", "name": "git"}, {"label": "Tickets", "mount_point": "tickets", "name": "tickets"}, {"label": "Discussion", "mount_point": "discussion", "name": "discussion"}, {"label": "Blog", "mount_point": "blog", "name": "blog"}, {"label": "Code", "mount_point": "code-0", "name": "svn"}, {"label": "Code", "mount_point": "code-1", "name": "hg"}, {"label": "Summary", "mount_point": "summary", "name": "summary", "sourceforge_group_id": 880656}, {"label": "Reviews", "mount_point": "reviews", "name": "reviews"}, {"label": "Support", "mount_point": "support", "name": "support"}, {"label": "Activity", "mount_point": "activity", "name": "activity"}], "url": "http://sourceforge.net/p/bpmn-xsd2dotnet/", "video_url": ""}
