{"_id": "518fe0e20594ca3d38ef3e1a", "categories": {"audience": [], "database": [], "developmentstatus": [], "environment": [], "language": [], "license": [], "os": [], "topic": [], "translation": []}, "creation_date": "2013-05-12", "developers": [{"name": "Ma\u0142gorzata Sadowska", "url": "http://sourceforge.net/u/sadowska/", "username": "sadowska"}], "external_homepage": "", "icon_url": null, "labels": [], "moved_to_url": "", "name": "Quality of business models in BPMN", "preferred_support_tool": "", "preferred_support_url": "", "private": false, "screenshots": [], "short_description": "This project is a part of Master Thesis \"Quality of business models expressed in BPMN\"\r\nMa\u0142gorzata Sadowska 2013", "shortname": "bpmn-quality", "socialnetworks": [{"accounturl": "", "socialnetwork": "Twitter"}], "status": "active", "summary": "Quality of business models expressed in BPMN - MTh", "tools": [{"label": "Files", "mount_point": "files", "name": "files"}, {"label": "Code", "mount_point": "code", "name": "git"}, {"label": "Summary", "mount_point": "summary", "name": "summary", "sourceforge_group_id": 1760074}, {"label": "Reviews", "mount_point": "reviews", "name": "reviews"}, {"label": "Support", "mount_point": "support", "name": "support"}], "url": "http://sourceforge.net/p/bpmn-quality/", "video_url": ""}
