{"_id": "51767e36c43143511ed2d4bb", "categories": {"audience": [], "database": [], "developmentstatus": [], "environment": [], "language": [], "license": [], "os": [], "topic": [], "translation": []}, "creation_date": "2013-04-23", "developers": [{"name": "Francesco De Angelis", "url": "http://sourceforge.net/u/francescodea/", "username": "francescodea"}], "external_homepage": "", "icon_url": null, "labels": [], "moved_to_url": "", "name": "ParTes", "preferred_support_tool": "", "preferred_support_url": "", "private": false, "screenshots": [], "short_description": "", "shortname": "bpmn2-partes", "socialnetworks": [{"accounturl": "", "socialnetwork": "Twitter"}], "status": "active", "summary": "", "tools": [{"label": "Summary", "mount_point": "summary", "name": "summary", "sourceforge_group_id": 1639044}, {"label": "Files", "mount_point": "files", "name": "files"}, {"label": "Reviews", "mount_point": "reviews", "name": "reviews"}, {"label": "Support", "mount_point": "support", "name": "support"}, {"label": "Activity", "mount_point": "activity", "name": "activity"}], "url": "http://sourceforge.net/p/bpmn2-partes/", "video_url": ""}
