{"_id": "4fcbbb6c1be1ce1817000005", "categories": {"audience": [{"fullname": "Information Technology", "fullpath": "Intended Audience :: by Industry or Sector :: Information Technology", "id": 363, "shortname": "informationtechnology"}, {"fullname": "Education", "fullpath": "Intended Audience :: by Industry or Sector :: Education", "id": 360, "shortname": "education"}, {"fullname": "Developers", "fullpath": "Intended Audience :: by End-User Class :: Developers", "id": 3, "shortname": "developers"}], "database": [], "developmentstatus": [], "environment": [{"fullname": "Java Swing", "fullpath": "User Interface :: Graphical :: Java Swing", "id": 471, "shortname": "ui_swing"}], "language": [{"fullname": "Java", "fullpath": "Programming Language :: Java", "id": 198, "shortname": "java"}], "license": [{"fullname": "Public Domain", "fullpath": "License :: Public Domain", "id": 197, "shortname": "publicdomain"}], "os": [{"fullname": "32-bit MS Windows (NT/2000/XP)", "fullpath": "Operating System :: Grouping and Descriptive Categories :: 32-bit MS Windows (NT/2000/XP)", "id": 219, "shortname": "winnt"}], "topic": [{"fullname": "Research", "fullpath": "Topic :: Education :: Library :: Research", "id": 819, "shortname": "research"}], "translation": []}, "creation_date": "2012-06-03", "developers": [{"name": "goKTop", "url": "http://sourceforge.net/u/dpantiuchov/", "username": "dpantiuchov"}], "external_homepage": "", "icon_url": null, "labels": ["Cloud computing", "Enterprise Architecture"], "moved_to_url": "", "name": "BPMN extension for Cloud computing", "preferred_support_tool": "", "preferred_support_url": "", "private": false, "screenshots": [{"caption": "The output of the application GUI", "thumbnail_url": "http://sourceforge.net/p/bpmn4cloud/screenshot/Capture2.PNG/thumb", "url": "http://sourceforge.net/p/bpmn4cloud/screenshot/Capture2.PNG"}, {"caption": "The output of the application. BPMN model", "thumbnail_url": "http://sourceforge.net/p/bpmn4cloud/screenshot/test1app.png/thumb", "url": "http://sourceforge.net/p/bpmn4cloud/screenshot/test1app.png"}, {"caption": "The ontology used by the application", "thumbnail_url": "http://sourceforge.net/p/bpmn4cloud/screenshot/EAmodelOntology.png/thumb", "url": "http://sourceforge.net/p/bpmn4cloud/screenshot/EAmodelOntology.png"}], "short_description": "Program based on created BPMN 2.0 Cloud extension.\r\nIt reads a model *.bpmn, which was created using jBPM BPMN 2.0 modeling tool. Then user is able to define a sensitivity of data elements. After that an Ontology is created and filled in with model elements. Special logical rules process the data. User is able to additionally define the security level. The resulting model is created and can be opened in the jBPM. ", "shortname": "bpmn4cloud", "socialnetworks": [], "status": "active", "summary": "java project for modifying jBPM models into cloud aware models", "tools": [{"label": "Wiki", "mount_point": "wiki", "name": "wiki"}, {"label": "Files", "mount_point": "downloads", "name": "files"}, {"label": "Code", "mount_point": "code", "name": "git"}, {"label": "Summary", "mount_point": "summary", "name": "summary", "sourceforge_group_id": 785717}, {"label": "Reviews", "mount_point": "reviews", "name": "reviews"}, {"label": "Support", "mount_point": "support", "name": "support"}, {"label": "Activity", "mount_point": "activity", "name": "activity"}], "url": "http://sourceforge.net/p/bpmn4cloud/", "video_url": ""}
