{"_id": "504f057871b75b71436b8cde", "categories": {"audience": [{"fullname": "Information Technology", "fullpath": "Intended Audience :: by Industry or Sector :: Information Technology", "id": 363, "shortname": "informationtechnology"}, {"fullname": "Advanced End Users", "fullpath": "Intended Audience :: by End-User Class :: Advanced End Users", "id": 536, "shortname": "enduser_advanced"}, {"fullname": "Developers", "fullpath": "Intended Audience :: by End-User Class :: Developers", "id": 3, "shortname": "developers"}, {"fullname": "End Users/Desktop", "fullpath": "Intended Audience :: by End-User Class :: End Users/Desktop", "id": 2, "shortname": "endusers"}, {"fullname": "Architects", "fullpath": "Intended Audience :: by End-User Class :: Architects", "id": 863, "shortname": "architects"}], "database": [], "developmentstatus": [{"fullname": "6 - Mature", "fullpath": "Development Status :: 6 - Mature", "id": 12, "shortname": "mature"}], "environment": [{"fullname": "Java Swing", "fullpath": "User Interface :: Graphical :: Java Swing", "id": 471, "shortname": "ui_swing"}], "language": [{"fullname": "Java", "fullpath": "Programming Language :: Java", "id": 198, "shortname": "java"}], "license": [{"fullname": "GNU General Public License version 3.0 (GPLv3)", "fullpath": "License :: OSI-Approved Open Source :: GNU General Public License version 3.0 (GPLv3)", "id": 679, "shortname": "gplv3"}], "os": [{"fullname": "OS Independent (Written in an interpreted language)", "fullpath": "Operating System :: Grouping and Descriptive Categories :: OS Independent (Written in an interpreted language)", "id": 235, "shortname": "independent"}], "topic": [{"fullname": "Modeling", "fullpath": "Topic :: Software Development :: Modeling", "id": 563, "shortname": "modeling"}, {"fullname": "Workflow", "fullpath": "Topic :: Office/Business :: Enterprise :: Workflow", "id": 641, "shortname": "workflow"}, {"fullname": "Business Process Management", "fullpath": "Topic :: Office/Business :: Enterprise :: Business Process Management", "id": 748, "shortname": "processmanagement"}], "translation": [{"fullname": "French", "fullpath": "Translations :: French", "id": 276, "shortname": "french"}, {"fullname": "Dutch", "fullpath": "Translations :: Dutch", "id": 330, "shortname": "dutch"}, {"fullname": "Polish", "fullpath": "Translations :: Polish", "id": 344, "shortname": "polish"}, {"fullname": "Italian", "fullpath": "Translations :: Italian", "id": 337, "shortname": "italian"}, {"fullname": "English", "fullpath": "Translations :: English", "id": 275, "shortname": "english"}, {"fullname": "Portuguese", "fullpath": "Translations :: Portuguese", "id": 345, "shortname": "portuguese"}, {"fullname": "Chinese (Simplified)", "fullpath": "Translations :: Chinese (Simplified)", "id": 382, "shortname": "chinesesimplified"}, {"fullname": "German", "fullpath": "Translations :: German", "id": 279, "shortname": "german"}, {"fullname": "Spanish", "fullpath": "Translations :: Spanish", "id": 277, "shortname": "spanish"}, {"fullname": "Russian", "fullpath": "Translations :: Russian", "id": 295, "shortname": "russian"}]}, "creation_date": "2010-05-27", "developers": [{"name": "\u53f2\u8000\u5f3a(Blenta)", "url": "http://sourceforge.net/u/blenta/", "username": "blenta"}], "external_homepage": "http://bpmn.sourceforge.net", "icon_url": "http://sourceforge.net/p/bpmn/icon", "labels": ["BPMN"], "moved_to_url": "", "name": "Yaoqiang BPMN Editor", "preferred_support_tool": "support-requests", "preferred_support_url": "", "private": false, "screenshots": [{"caption": "Yaoqiang BPMN Editor 3.0", "thumbnail_url": "http://sourceforge.net/p/bpmn/screenshot/Yaoqiang%20BPMN%20Editor%203.0.png/thumb", "url": "http://sourceforge.net/p/bpmn/screenshot/Yaoqiang%20BPMN%20Editor%203.0.png"}, {"caption": "Yaoqiang BPMN Editor 3.0", "thumbnail_url": "http://sourceforge.net/p/bpmn/screenshot/slide-1.png/thumb", "url": "http://sourceforge.net/p/bpmn/screenshot/slide-1.png"}, {"caption": "New File Wizard", "thumbnail_url": "http://sourceforge.net/p/bpmn/screenshot/slide-2.png/thumb", "url": "http://sourceforge.net/p/bpmn/screenshot/slide-2.png"}, {"caption": "Definitions Navigator", "thumbnail_url": "http://sourceforge.net/p/bpmn/screenshot/slide-4.png/thumb", "url": "http://sourceforge.net/p/bpmn/screenshot/slide-4.png"}, {"caption": "Custom Artifacts Admin GUI", "thumbnail_url": "http://sourceforge.net/p/bpmn/screenshot/slide-3.png/thumb", "url": "http://sourceforge.net/p/bpmn/screenshot/slide-3.png"}, {"caption": "BPMN Source View", "thumbnail_url": "http://sourceforge.net/p/bpmn/screenshot/BPMN%20Source%20View.png/thumb", "url": "http://sourceforge.net/p/bpmn/screenshot/BPMN%20Source%20View.png"}], "short_description": "Yaoqiang BPMN Editor is a graphical editor for business process diagrams , compliant with OMG specifications (BPMN 2.0)", "shortname": "bpmn", "socialnetworks": [{"accounturl": "", "socialnetwork": "Twitter"}, {"accounturl": null, "socialnetwork": "Facebook"}], "status": "active", "summary": "an Open Source BPMN 2.0 Modeler", "tools": [{"label": "Code", "mount_point": "code", "name": "svn"}, {"label": "Donate", "mount_point": "donate", "name": "link"}, {"label": "Bugs", "mount_point": "bugs", "name": "tickets"}, {"label": "Support Requests", "mount_point": "support-requests", "name": "tickets"}, {"label": "Feature Requests", "mount_point": "feature-requests", "name": "tickets"}, {"label": "Discussion", "mount_point": "discussion", "name": "discussion"}, {"label": "Activity", "mount_point": "activity", "name": "activity"}, {"label": "Mailing Lists", "mount_point": "mailman", "name": "mailman"}, {"label": "Summary", "mount_point": "summary", "name": "summary", "sourceforge_group_id": 325200}, {"label": "Files", "mount_point": "downloads", "name": "files"}, {"label": "Support", "mount_point": "support", "name": "support"}, {"label": "Reviews", "mount_point": "reviews", "name": "reviews"}], "url": "http://sourceforge.net/p/bpmn/", "video_url": null}
