{"_id": "513e2adf271846024ef556a2", "categories": {"audience": [{"fullname": "Information Technology", "fullpath": "Intended Audience :: by Industry or Sector :: Information Technology", "id": 363, "shortname": "informationtechnology"}, {"fullname": "Advanced End Users", "fullpath": "Intended Audience :: by End-User Class :: Advanced End Users", "id": 536, "shortname": "enduser_advanced"}, {"fullname": "Developers", "fullpath": "Intended Audience :: by End-User Class :: Developers", "id": 3, "shortname": "developers"}], "database": [], "developmentstatus": [{"fullname": "1 - Planning", "fullpath": "Development Status :: 1 - Planning", "id": 7, "shortname": "planning"}], "environment": [{"fullname": "Project is a user interface (UI) system", "fullpath": "User Interface :: Grouping and Descriptive Categories (UI) :: Project is a user interface (UI) system", "id": 463, "shortname": "ui_meta_system"}], "language": [{"fullname": "XSL (XSLT/XPath/XSL-FO)", "fullpath": "Programming Language :: XSL (XSLT/XPath/XSL-FO)", "id": 560, "shortname": "xsl"}, {"fullname": "JavaScript", "fullpath": "Programming Language :: JavaScript", "id": 280, "shortname": "JavaScript"}], "license": [{"fullname": "GNU Library or Lesser General Public License version 2.0 (LGPLv2)", "fullpath": "License :: OSI-Approved Open Source :: GNU Library or Lesser General Public License version 2.0 (LGPLv2)", "id": 16, "shortname": "lgpl"}], "os": [{"fullname": "OS Independent (Written in an interpreted language)", "fullpath": "Operating System :: Grouping and Descriptive Categories :: OS Independent (Written in an interpreted language)", "id": 235, "shortname": "independent"}], "topic": [{"fullname": "Integrated Development Environments (IDE)", "fullpath": "Topic :: Text Editors :: Integrated Development Environments (IDE)", "id": 65, "shortname": "ide"}, {"fullname": "CASE", "fullpath": "Topic :: Software Development :: CASE", "id": 570, "shortname": "case_tools"}, {"fullname": "Design", "fullpath": "Topic :: Software Development :: Design", "id": 582, "shortname": "design"}], "translation": []}, "creation_date": "2006-11-20", "developers": [{"name": "Manivanna karthikeyan Doraisamy", "url": "http://sourceforge.net/u/karthi123/", "username": "karthi123"}], "external_homepage": "http://bpmn-ride.sourceforge.net", "icon_url": null, "labels": [], "moved_to_url": "", "name": "BPMN-ride", "preferred_support_tool": "", "preferred_support_url": "", "private": false, "screenshots": [], "short_description": "BPMN-ride is an IDE that runs entirely on browser to model business processes based on Business Process Modeling Notation (BPMN) specification.", "shortname": "bpmn-ride", "socialnetworks": [], "status": "active", "summary": "", "tools": [{"label": "Summary", "mount_point": "summary", "name": "summary", "sourceforge_group_id": 182851}, {"label": "Support", "mount_point": "support", "name": "support"}, {"label": "Reviews", "mount_point": "reviews", "name": "reviews"}, {"label": "Files", "mount_point": "files", "name": "files"}, {"label": "Wiki", "mount_point": "wiki", "name": "wiki"}], "url": "http://sourceforge.net/p/bpmn-ride/", "video_url": ""}
