{"_id": "4fbc8ed5b9363c1252000223", "categories": {"audience": [], "database": [], "developmentstatus": [{"fullname": "2 - Pre-Alpha", "fullpath": "Development Status :: 2 - Pre-Alpha", "id": 8, "shortname": "prealpha"}], "environment": [], "language": [{"fullname": "Java", "fullpath": "Programming Language :: Java", "id": 198, "shortname": "java"}], "license": [{"fullname": "Eclipse Public License", "fullpath": "License :: OSI-Approved Open Source :: Eclipse Public License", "id": 406, "shortname": "eclipselicense"}], "os": [], "topic": [], "translation": []}, "creation_date": "2012-05-23", "developers": [{"name": "Guido Scherp", "url": "http://sourceforge.net/u/guidoscherp/", "username": "guidoscherp"}], "external_homepage": "", "icon_url": null, "labels": [], "moved_to_url": "", "name": "BPMN2BPEL", "preferred_support_tool": "", "preferred_support_url": "", "private": false, "screenshots": [], "short_description": "This tool provides a framework for a transformation of BPMN 2.0 models into executable WS-BPEL 2.0 models. It is based on EMF. \r\n\r\nCurrently, we provide a prototype with one simple example BPMN 2.0 workflow that can be deployed on Linux systems. The example workflow invokes the temperature conversion service of http://www.w3schools.com/webservices/tempconvert.asmx. The generated BPEL workflow is executed with Apache ODE (http://ode.apache.org/). For more information please refer to the README.txt file in the example archive (http://sourceforge.net/projects/bpmn2bpel/files/).\r\n", "shortname": "bpmn2bpel", "socialnetworks": [], "status": "active", "summary": "EMF-based Framework for a BPMN2BPEL transformion", "tools": [{"label": "Files", "mount_point": "downloads", "name": "files"}, {"label": "Wiki", "mount_point": "wiki", "name": "wiki"}, {"label": "Tickets", "mount_point": "tickets", "name": "tickets"}, {"label": "Discussion", "mount_point": "discussion", "name": "discussion"}, {"label": "Blog", "mount_point": "blog", "name": "blog"}, {"label": "Code", "mount_point": "code", "name": "svn"}, {"label": "Summary", "mount_point": "summary", "name": "summary", "sourceforge_group_id": 777169}, {"label": "Reviews", "mount_point": "reviews", "name": "reviews"}, {"label": "Support", "mount_point": "support", "name": "support"}, {"label": "Activity", "mount_point": "activity", "name": "activity"}], "url": "http://sourceforge.net/p/bpmn2bpel/", "video_url": ""}
