{"_id": "4f4e2d16b9363c4eef00040c", "categories": {"audience": [], "database": [], "developmentstatus": [], "environment": [], "language": [], "license": [], "os": [], "topic": [], "translation": []}, "creation_date": "2012-02-29", "developers": [{"name": "li yang", "url": "http://sourceforge.net/u/cooperay/", "username": "cooperay"}], "external_homepage": "", "icon_url": null, "labels": [], "moved_to_url": "", "name": "bpmn2", "preferred_support_tool": "", "preferred_support_url": "", "private": false, "screenshots": [], "short_description": "flow de", "shortname": "bpmn2", "socialnetworks": [], "status": "active", "summary": "bpmn", "tools": [{"label": "Code", "mount_point": "code", "name": "svn"}, {"label": "Summary", "mount_point": "summary", "name": "summary", "sourceforge_group_id": 710536}, {"label": "Files", "mount_point": "files", "name": "files"}, {"label": "Reviews", "mount_point": "reviews", "name": "reviews"}, {"label": "Support", "mount_point": "support", "name": "support"}, {"label": "Activity", "mount_point": "activity", "name": "activity"}], "url": "http://sourceforge.net/p/bpmn2/", "video_url": ""}
