{"_id": "517fd37f5fcbc9798b11eef7", "categories": {"audience": [{"fullname": "Quality Engineers", "fullpath": "Intended Audience :: by End-User Class :: Quality Engineers", "id": 537, "shortname": "enduser_qa"}], "database": [], "developmentstatus": [{"fullname": "4 - Beta", "fullpath": "Development Status :: 4 - Beta", "id": 10, "shortname": "beta"}], "environment": [{"fullname": "Win32 (MS Windows)", "fullpath": "User Interface :: Graphical :: Win32 (MS Windows)", "id": 230, "shortname": "win32"}, {"fullname": "Plugins", "fullpath": "User Interface :: Plugins", "id": 461, "shortname": "ui_plugins"}], "language": [{"fullname": "Visual Basic .NET", "fullpath": "Programming Language :: Visual Basic .NET", "id": 453, "shortname": "vb_net"}], "license": [{"fullname": "GNU General Public License version 2.0 (GPLv2)", "fullpath": "License :: OSI-Approved Open Source :: GNU General Public License version 2.0 (GPLv2)", "id": 15, "shortname": "gpl"}], "os": [{"fullname": "All 32-bit MS Windows (95/98/NT/2000/XP)", "fullpath": "Operating System :: Grouping and Descriptive Categories :: All 32-bit MS Windows (95/98/NT/2000/XP)", "id": 435, "shortname": "mswin_all32bit"}], "topic": [{"fullname": "Office/Business", "fullpath": "Topic :: Office/Business", "id": 129, "shortname": "office"}, {"fullname": "CASE", "fullpath": "Topic :: Software Development :: CASE", "id": 570, "shortname": "case_tools"}, {"fullname": "Visualization", "fullpath": "Topic :: Scientific/Engineering :: Visualization", "id": 135, "shortname": "visualization"}], "translation": []}, "creation_date": "2005-04-14", "developers": [{"name": "GPolancic", "url": "http://sourceforge.net/u/gpolancic/", "username": "gpolancic"}, {"name": "tomirozman", "url": "http://sourceforge.net/u/tomirozman/", "username": "tomirozman"}, {"name": "kharej", "url": "http://sourceforge.net/u/kharej/", "username": "kharej"}, {"name": "Luka", "url": "http://sourceforge.net/u/lukapavlic/", "username": "lukapavlic"}, {"name": "Katja K", "url": "http://sourceforge.net/u/kousk/", "username": "kousk"}], "external_homepage": "http://bpmnpop.sourceforge.net", "icon_url": null, "labels": [], "moved_to_url": "", "name": "POEM,  BPMN Package Of Plugins", "preferred_support_tool": "_url", "preferred_support_url": "http://sourceforge.net/tracker/?func=add&group_id=136506&atid=736058", "private": false, "screenshots": [{"caption": "Example of stencil usage", "thumbnail_url": "http://sourceforge.net/p/bpmnpop/screenshot/25518.jpg/thumb", "url": "http://sourceforge.net/p/bpmnpop/screenshot/25518.jpg"}, {"caption": "Stencil overview", "thumbnail_url": "http://sourceforge.net/p/bpmnpop/screenshot/44088.jpg/thumb", "url": "http://sourceforge.net/p/bpmnpop/screenshot/44088.jpg"}], "short_description": "BPMN & POEM (Process Oriented Enterprise Modelling) Package Of Plugins contains Visio stencil and templates for integrated organizational and business process modelling.", "shortname": "bpmnpop", "socialnetworks": [], "status": "active", "summary": "", "tools": [{"label": "Summary", "mount_point": "summary", "name": "summary", "sourceforge_group_id": 136506}, {"label": "Support", "mount_point": "support", "name": "support"}, {"label": "Reviews", "mount_point": "reviews", "name": "reviews"}, {"label": "Wiki", "mount_point": "wiki", "name": "wiki"}, {"label": "Files", "mount_point": "files", "name": "files"}, {"label": "Feature Requests", "mount_point": "feature-requests", "name": "tickets"}, {"label": "Bugs", "mount_point": "bugs", "name": "tickets"}, {"label": "News", "mount_point": "news", "name": "blog"}, {"label": "Discussion", "mount_point": "discussion", "name": "discussion"}, {"label": "Donate", "mount_point": "donate", "name": "link"}, {"label": "Code", "mount_point": "code", "name": "svn"}, {"label": "Mailing Lists", "mount_point": "mailman", "name": "mailman"}, {"label": "Activity", "mount_point": "activity", "name": "activity"}], "url": "http://sourceforge.net/p/bpmnpop/", "video_url": ""}
