{"_id": "51b3792024b0d95bb1b9dc93", "categories": {"audience": [], "database": [], "developmentstatus": [], "environment": [{"fullname": "Java SWT", "fullpath": "User Interface :: Graphical :: Java SWT", "id": 472, "shortname": "ui_swt"}, {"fullname": "Eclipse", "fullpath": "User Interface :: Plugins :: Eclipse", "id": 583, "shortname": "eclipse_plugins"}], "language": [{"fullname": "Java", "fullpath": "Programming Language :: Java", "id": 198, "shortname": "java"}], "license": [], "os": [], "topic": [], "translation": []}, "creation_date": "2013-06-08", "developers": [{"name": "Marco Roque", "url": "http://sourceforge.net/u/a28774/", "username": "a28774"}], "external_homepage": null, "icon_url": null, "labels": ["BPMN 2", "BPMN 2 Animation", "BPMN2Animator"], "moved_to_url": "", "name": "BPMN2Animator", "preferred_support_tool": "", "preferred_support_url": "", "private": false, "screenshots": [{"caption": "", "thumbnail_url": "http://sourceforge.net/p/bpmn2animator/screenshot/2nd%20PEAK%20-%20Dia%2023%20-%20SLA_PROCESSING%20TIME_Average%20Wait%20Time.PNG/thumb", "url": "http://sourceforge.net/p/bpmn2animator/screenshot/2nd%20PEAK%20-%20Dia%2023%20-%20SLA_PROCESSING%20TIME_Average%20Wait%20Time.PNG"}, {"caption": "", "thumbnail_url": "http://sourceforge.net/p/bpmn2animator/screenshot/2ndPEAK%20-%20Dia%2023%20-%20processedInstances_processedInstances_waitedinstances.PNG/thumb", "url": "http://sourceforge.net/p/bpmn2animator/screenshot/2ndPEAK%20-%20Dia%2023%20-%20processedInstances_processedInstances_waitedinstances.PNG"}, {"caption": "", "thumbnail_url": "http://sourceforge.net/p/bpmn2animator/screenshot/workbench.PNG/thumb", "url": "http://sourceforge.net/p/bpmn2animator/screenshot/workbench.PNG"}], "short_description": "BPMN2Animator is an academic project based on Bpmn2 Modeler project from Eclipse. It combines a runtime extension with an engine capable of animating the diagram elements based on execution information.", "shortname": "bpmn2animator", "socialnetworks": [{"accounturl": "", "socialnetwork": "Twitter"}, {"accounturl": null, "socialnetwork": "Facebook"}], "status": "active", "summary": "BPMN2Animator is an academic project based on Bpmn2 Modeler", "tools": [{"label": "Summary", "mount_point": "summary", "name": "summary", "sourceforge_group_id": 1865726}, {"label": "Files", "mount_point": "files", "name": "files"}, {"label": "Reviews", "mount_point": "reviews", "name": "reviews"}, {"label": "Support", "mount_point": "support", "name": "support"}, {"label": "Wiki", "mount_point": "wiki", "name": "wiki"}, {"label": "Tickets", "mount_point": "tickets", "name": "tickets"}, {"label": "Discussion", "mount_point": "discussion", "name": "discussion"}, {"label": "Code", "mount_point": "code", "name": "svn"}], "url": "http://sourceforge.net/p/bpmn2animator/", "video_url": null}
