<?xml version="1.0" encoding="UTF-8"?>
<definitions xmlns="http://www.omg.org/spec/BPMN/20100524/MODEL" xmlns:xsi="http://www.w3.org/2001/XMLSchema-instance" xmlns:activiti="http://activiti.org/bpmn" xmlns:bpmndi="http://www.omg.org/spec/BPMN/20100524/DI" xmlns:omgdc="http://www.omg.org/spec/DD/20100524/DC" xmlns:omgdi="http://www.omg.org/spec/DD/20100524/DI" typeLanguage="http://www.w3.org/2001/XMLSchema" expressionLanguage="http://www.w3.org/1999/XPath" targetNamespace="http://www.activiti.org/bpmn20">
  <process id="LoanProcess" name="LoanProcess" isExecutable="true">
    <startEvent id="startevent1" name="Start"></startEvent>
    <scriptTask id="creditCheck" name="Check credit" scriptFormat="groovy" activiti:autoStoreVariables="false">
      <script>
           out:println "Checking credit for " + name;
           creditCheckOk = false;
           if((income / 2) > loanAmount) {
                out:println "Inside";
                creditCheckOk = "true";
           }
           out:println "Checked credit for " + name + " outcome is " + creditCheckOk;
           execution.setVariable("creditCheckOk", creditCheckOk);
	  </script>
    </scriptTask>
    <sequenceFlow id="flow2" sourceRef="startevent1" targetRef="creditCheck"></sequenceFlow>
    <serviceTask id="createApplication" name="Create application" activiti:class="com.learning.activiti.task.CreateApplicationTask"></serviceTask>
    <sequenceFlow id="flow3" sourceRef="creditCheck" targetRef="createApplication"></sequenceFlow>
    <endEvent id="endevent1" name="End"></endEvent>
    <sequenceFlow id="flow4" sourceRef="createApplication" targetRef="evalLoanRequest"></sequenceFlow>
    <exclusiveGateway id="exclusivegateway1" name="Exclusive Gateway"></exclusiveGateway>
    <sequenceFlow id="flow5" sourceRef="evalLoanRequest" targetRef="exclusivegateway1"></sequenceFlow>
    <serviceTask id="informCustomerTask" name="Inform customer of denial" activiti:class="com.learning.activiti.task.CustomerTask"></serviceTask>
    <serviceTask id="processRequestTask" name="Process request" activiti:class="com.learning.activiti.task.ProcessRequestTask"></serviceTask>
    <sequenceFlow id="informCustomer" name="Deny" sourceRef="exclusivegateway1" targetRef="informCustomerTask">
      <conditionExpression xsi:type="tFormalExpression"><![CDATA[${approvalStatus == false}]]></conditionExpression>
    </sequenceFlow>
    <sequenceFlow id="processRequest" name="Approved" sourceRef="exclusivegateway1" targetRef="processRequestTask">
      <conditionExpression xsi:type="tFormalExpression"><![CDATA[${approvalStatus == true}]]></conditionExpression>
    </sequenceFlow>
    <userTask id="evalLoanRequest" name="Evaluate loan request" activiti:assignee="fozzie">
      <extensionElements>
        <activiti:formProperty id="name" name="Name" type="string" expression="${loanApplication.customerName}" writable="false"></activiti:formProperty>
        <activiti:formProperty id="emailAddress" name="Email Address" type="string" expression="${loanApplication.emailAddress}" writable="false"></activiti:formProperty>
        <activiti:formProperty id="income" name="Income of customer" type="long" expression="${loanApplication.income}" writable="false"></activiti:formProperty>
        <activiti:formProperty id="loanAmount" name="Loan Amount" type="long" expression="${loanApplication.loanAmount}" writable="false"></activiti:formProperty>
        <activiti:formProperty id="creditCheckOk" name="Outcome of credit check" type="string" expression="${loanApplication.creditCheckOk}" writable="false"></activiti:formProperty>
        <activiti:formProperty id="approvalStatus" name="Do you approve the request?" type="enum" required="true">
          <activiti:value id="true" name="true"></activiti:value>
          <activiti:value id="false" name="false"></activiti:value>
        </activiti:formProperty>
        <activiti:formProperty id="explanation" name="Explanation" type="string"></activiti:formProperty>
      </extensionElements>
    </userTask>
    <boundaryEvent id="escalationTimer" name="Timer" attachedToRef="evalLoanRequest" cancelActivity="true">
      <timerEventDefinition>
        <timeDuration>PT1M</timeDuration>
      </timerEventDefinition>
    </boundaryEvent>
    <userTask id="evalLoanRequestByManager" name="Evaluate Request By Manager" activiti:candidateGroups="management">
      <extensionElements>
        <activiti:formProperty id="customerName" name="Customer Name" type="string" expression="${loanApplication.customerName}" writable="false"></activiti:formProperty>
        <activiti:formProperty id="emailAddress" name="Email Address" type="string" expression="${loanApplication.emailAddress}" writable="false"></activiti:formProperty>
        <activiti:formProperty id="Income" name="Customer Income" type="long" expression="${loanApplication.income}" writable="false"></activiti:formProperty>
        <activiti:formProperty id="loanAmount" name="Loan Amount" type="long" expression="${loanApplication.loanAmount}" writable="false"></activiti:formProperty>
        <activiti:formProperty id="creditCheckOk" name="Outcome of credit check" type="string" expression="${loanApplication.creditCheckOk}" writable="false"></activiti:formProperty>
        <activiti:formProperty id="approvalStatus" name="Do you approve the request?" type="enum">
          <activiti:value id="true" name="true"></activiti:value>
          <activiti:value id="false" name="false"></activiti:value>
        </activiti:formProperty>
        <activiti:formProperty id="explanation" name="Explanation" type="string"></activiti:formProperty>
      </extensionElements>
    </userTask>
    <sequenceFlow id="flow10" sourceRef="escalationTimer" targetRef="evalLoanRequestByManager"></sequenceFlow>
    <sequenceFlow id="flow11" sourceRef="evalLoanRequestByManager" targetRef="exclusivegateway1"></sequenceFlow>
    <serviceTask id="mailtask1" name="Mail Task" activiti:type="mail">
      <extensionElements>
        <activiti:field name="to">
          <activiti:string><![CDATA[miss.piggy@localhost]]></activiti:string>
        </activiti:field>
        <activiti:field name="subject">
          <activiti:string><![CDATA[Loan status update]]></activiti:string>
        </activiti:field>
        <activiti:field name="html">
          <activiti:expression>
	        	<![CDATA[
		              <html>
		                <body>
		                  Hello ${loanApplication.customerName},<br/><br/>

		                  Your loan request has been approved/denied for the following reason: ${explanation}. <br/><br/>

                          Customer loan data:
                          <hr>                          
                          Name: ${loanApplication.customerName}<br/>
                          Income: ${loanApplication.income}<br/>
                          Loan Amount: ${loanApplication.loanAmount}<br/>
                          Approval Status: ${approvalStatus} <br/>
                          Reason for approval/deny: ${explanation} <br/>

		                  Kind regards,<br/>

		                  The Loan Company.
		                </body>
		              </html>
	            ]]>                    
          </activiti:expression>
        </activiti:field>
      </extensionElements>
    </serviceTask>
    <sequenceFlow id="flow12" name="Send denial email" sourceRef="informCustomerTask" targetRef="mailtask1"></sequenceFlow>
    <sequenceFlow id="flow13" name="Send approval email" sourceRef="processRequestTask" targetRef="mailtask1"></sequenceFlow>
    <sequenceFlow id="flow14" sourceRef="mailtask1" targetRef="endevent1"></sequenceFlow>
  </process>
  <bpmndi:BPMNDiagram id="BPMNDiagram_LoanProcess">
    <bpmndi:BPMNPlane bpmnElement="LoanProcess" id="BPMNPlane_LoanProcess">
      <bpmndi:BPMNShape bpmnElement="startevent1" id="BPMNShape_startevent1">
        <omgdc:Bounds height="35.0" width="35.0" x="90.0" y="305.0"></omgdc:Bounds>
      </bpmndi:BPMNShape>
      <bpmndi:BPMNShape bpmnElement="creditCheck" id="BPMNShape_creditCheck">
        <omgdc:Bounds height="65.0" width="105.0" x="210.0" y="290.0"></omgdc:Bounds>
      </bpmndi:BPMNShape>
      <bpmndi:BPMNShape bpmnElement="createApplication" id="BPMNShape_createApplication">
        <omgdc:Bounds height="71.0" width="131.0" x="410.0" y="284.0"></omgdc:Bounds>
      </bpmndi:BPMNShape>
      <bpmndi:BPMNShape bpmnElement="endevent1" id="BPMNShape_endevent1">
        <omgdc:Bounds height="35.0" width="35.0" x="1520.0" y="302.0"></omgdc:Bounds>
      </bpmndi:BPMNShape>
      <bpmndi:BPMNShape bpmnElement="exclusivegateway1" id="BPMNShape_exclusivegateway1">
        <omgdc:Bounds height="41.0" width="74.0" x="870.0" y="300.0"></omgdc:Bounds>
      </bpmndi:BPMNShape>
      <bpmndi:BPMNShape bpmnElement="informCustomerTask" id="BPMNShape_informCustomerTask">
        <omgdc:Bounds height="71.0" width="161.0" x="1001.0" y="185.0"></omgdc:Bounds>
      </bpmndi:BPMNShape>
      <bpmndi:BPMNShape bpmnElement="processRequestTask" id="BPMNShape_processRequestTask">
        <omgdc:Bounds height="71.0" width="142.0" x="1011.0" y="380.0"></omgdc:Bounds>
      </bpmndi:BPMNShape>
      <bpmndi:BPMNShape bpmnElement="evalLoanRequest" id="BPMNShape_evalLoanRequest">
        <omgdc:Bounds height="81.0" width="141.0" x="620.0" y="280.0"></omgdc:Bounds>
      </bpmndi:BPMNShape>
      <bpmndi:BPMNShape bpmnElement="escalationTimer" id="BPMNShape_escalationTimer">
        <omgdc:Bounds height="30.0" width="30.0" x="670.0" y="270.0"></omgdc:Bounds>
      </bpmndi:BPMNShape>
      <bpmndi:BPMNShape bpmnElement="evalLoanRequestByManager" id="BPMNShape_evalLoanRequestByManager">
        <omgdc:Bounds height="72.0" width="141.0" x="614.0" y="100.0"></omgdc:Bounds>
      </bpmndi:BPMNShape>
      <bpmndi:BPMNShape bpmnElement="mailtask1" id="BPMNShape_mailtask1">
        <omgdc:Bounds height="55.0" width="121.0" x="1290.0" y="294.0"></omgdc:Bounds>
      </bpmndi:BPMNShape>
      <bpmndi:BPMNEdge bpmnElement="flow2" id="BPMNEdge_flow2">
        <omgdi:waypoint x="125.0" y="322.0"></omgdi:waypoint>
        <omgdi:waypoint x="210.0" y="322.0"></omgdi:waypoint>
      </bpmndi:BPMNEdge>
      <bpmndi:BPMNEdge bpmnElement="flow3" id="BPMNEdge_flow3">
        <omgdi:waypoint x="315.0" y="322.0"></omgdi:waypoint>
        <omgdi:waypoint x="410.0" y="319.0"></omgdi:waypoint>
      </bpmndi:BPMNEdge>
      <bpmndi:BPMNEdge bpmnElement="flow4" id="BPMNEdge_flow4">
        <omgdi:waypoint x="541.0" y="319.0"></omgdi:waypoint>
        <omgdi:waypoint x="620.0" y="320.0"></omgdi:waypoint>
      </bpmndi:BPMNEdge>
      <bpmndi:BPMNEdge bpmnElement="flow5" id="BPMNEdge_flow5">
        <omgdi:waypoint x="761.0" y="320.0"></omgdi:waypoint>
        <omgdi:waypoint x="870.0" y="320.0"></omgdi:waypoint>
      </bpmndi:BPMNEdge>
      <bpmndi:BPMNEdge bpmnElement="informCustomer" id="BPMNEdge_informCustomer">
        <omgdi:waypoint x="907.0" y="300.0"></omgdi:waypoint>
        <omgdi:waypoint x="890.0" y="222.0"></omgdi:waypoint>
        <omgdi:waypoint x="1001.0" y="220.0"></omgdi:waypoint>
        <bpmndi:BPMNLabel>
          <omgdc:Bounds height="18.0" width="100.0" x="903.0" y="192.0"></omgdc:Bounds>
        </bpmndi:BPMNLabel>
      </bpmndi:BPMNEdge>
      <bpmndi:BPMNEdge bpmnElement="processRequest" id="BPMNEdge_processRequest">
        <omgdi:waypoint x="907.0" y="341.0"></omgdi:waypoint>
        <omgdi:waypoint x="890.0" y="415.0"></omgdi:waypoint>
        <omgdi:waypoint x="1011.0" y="415.0"></omgdi:waypoint>
        <bpmndi:BPMNLabel>
          <omgdc:Bounds height="18.0" width="100.0" x="897.0" y="431.0"></omgdc:Bounds>
        </bpmndi:BPMNLabel>
      </bpmndi:BPMNEdge>
      <bpmndi:BPMNEdge bpmnElement="flow10" id="BPMNEdge_flow10">
        <omgdi:waypoint x="685.0" y="270.0"></omgdi:waypoint>
        <omgdi:waypoint x="684.0" y="172.0"></omgdi:waypoint>
      </bpmndi:BPMNEdge>
      <bpmndi:BPMNEdge bpmnElement="flow11" id="BPMNEdge_flow11">
        <omgdi:waypoint x="755.0" y="136.0"></omgdi:waypoint>
        <omgdi:waypoint x="850.0" y="136.0"></omgdi:waypoint>
        <omgdi:waypoint x="907.0" y="300.0"></omgdi:waypoint>
      </bpmndi:BPMNEdge>
      <bpmndi:BPMNEdge bpmnElement="flow12" id="BPMNEdge_flow12">
        <omgdi:waypoint x="1162.0" y="220.0"></omgdi:waypoint>
        <omgdi:waypoint x="1351.0" y="220.0"></omgdi:waypoint>
        <omgdi:waypoint x="1350.0" y="294.0"></omgdi:waypoint>
        <bpmndi:BPMNLabel>
          <omgdc:Bounds height="54.0" width="100.0" x="1219.0" y="160.0"></omgdc:Bounds>
        </bpmndi:BPMNLabel>
      </bpmndi:BPMNEdge>
      <bpmndi:BPMNEdge bpmnElement="flow13" id="BPMNEdge_flow13">
        <omgdi:waypoint x="1153.0" y="415.0"></omgdi:waypoint>
        <omgdi:waypoint x="1351.0" y="415.0"></omgdi:waypoint>
        <omgdi:waypoint x="1350.0" y="349.0"></omgdi:waypoint>
        <bpmndi:BPMNLabel>
          <omgdc:Bounds height="54.0" width="100.0" x="1219.0" y="431.0"></omgdc:Bounds>
        </bpmndi:BPMNLabel>
      </bpmndi:BPMNEdge>
      <bpmndi:BPMNEdge bpmnElement="flow14" id="BPMNEdge_flow14">
        <omgdi:waypoint x="1411.0" y="321.0"></omgdi:waypoint>
        <omgdi:waypoint x="1520.0" y="319.0"></omgdi:waypoint>
      </bpmndi:BPMNEdge>
    </bpmndi:BPMNPlane>
  </bpmndi:BPMNDiagram>
</definitions>