<?xml version="1.0" encoding="UTF-8"?>
<definitions xmlns="http://www.omg.org/spec/BPMN/20100524/MODEL" xmlns:xsi="http://www.w3.org/2001/XMLSchema-instance" xmlns:activiti="http://activiti.org/bpmn" xmlns:bpmndi="http://www.omg.org/spec/BPMN/20100524/DI" xmlns:omgdc="http://www.omg.org/spec/DD/20100524/DC" xmlns:omgdi="http://www.omg.org/spec/DD/20100524/DI" typeLanguage="http://www.w3.org/2001/XMLSchema" expressionLanguage="http://www.w3.org/1999/XPath" targetNamespace="http://www.activiti.org/bpmn20">
  <process id="VecationProcess" name="Vecation Process" isExecutable="true">
    <startEvent id="ptostartevent1" name="Start"></startEvent>
    <userTask id="ptousertask1" name="Handle vacation request" activiti:candidateGroups="accountancy">
      <extensionElements>
        <activiti:formProperty id="employeeName" name="Employee Name" type="string"></activiti:formProperty>
        <activiti:formProperty id="numberOfDays" name="Number Of Days" type="long" default="1"></activiti:formProperty>
        <activiti:formProperty id="startDate" name="First day of holiday (dd-MM-yyyy)" type="string" required="true"></activiti:formProperty>
        <activiti:formProperty id="vacationMotivation" name="Motivation" type="string"></activiti:formProperty>
      </extensionElements>
    </userTask>
    <userTask id="ptousertask2" name="Adjust vacation request" activiti:candidateGroups="management">
      <extensionElements>
        <activiti:formProperty id="employeeName" name="Employee Name" type="string" expression="${vacationDTO.employeeName}" writable="false"></activiti:formProperty>
        <activiti:formProperty id="numberOfDays" name="Number Of Days" type="long" expression="${vacationDTO.numberOfDays}"></activiti:formProperty>
        <activiti:formProperty id="managerMotivation" name="Motivation" type="string"></activiti:formProperty>
        <activiti:formProperty id="vacationApproved" name="Do you approve this vacation" type="enum" required="true">
          <activiti:value id="true" name="true"></activiti:value>
          <activiti:value id="false" name="false"></activiti:value>
        </activiti:formProperty>
      </extensionElements>
    </userTask>
    <serviceTask id="ptomailtask1" name="Send confirmation email" activiti:type="mail">
      <extensionElements>
        <activiti:field name="to">
          <activiti:string><![CDATA[miss.piggy@localhost]]></activiti:string>
        </activiti:field>
        <activiti:field name="html">
          <activiti:expression>&lt;html&gt;
       &lt;body&gt;
                  Hello  ${vacationDTO.employeeName},  &lt;br/&gt;&lt;br/&gt;

                  Your PTO request has been approved: &lt;br/&gt;&lt;br/&gt;

                  PTO request data:
                  &lt;hr&gt;
	              Employee Name: ${vacationDTO.employeeName}  &lt;br/&gt;
                  Number of Days : ${vacationDTO.numberOfDays}  &lt;br/&gt;
                  Employee Motivation: ${vacationDTO.vacationMotivation} &lt;br/&gt;
                  Manager Motivation: ${managerMotivation} &lt;br/&gt;
                  Vacation Approved: ${vacationApproved} &lt;br/&gt;
                  PTO Start Date: ${vacationDTO.startDate }  &lt;br/&gt;&lt;br/&gt;


                  Kind regards,&lt;br/&gt;

                  Your Manager Name:  ${vacationDTO.managerName} &lt;/br&gt;
       &lt;/body&gt;
&lt;/html&gt;</activiti:expression>
        </activiti:field>
        <activiti:field name="subject">
          <activiti:string><![CDATA[PTO Request]]></activiti:string>
        </activiti:field>
      </extensionElements>
    </serviceTask>
    <endEvent id="ptoendevent1" name="End"></endEvent>
    <sequenceFlow id="ptoflow1" sourceRef="ptostartevent1" targetRef="ptousertask1"></sequenceFlow>
    <sequenceFlow id="ptoflow5" sourceRef="ptomailtask1" targetRef="ptoendevent1"></sequenceFlow>
    <exclusiveGateway id="exclusivegateway1" name="Exclusive Gateway"></exclusiveGateway>
    <sequenceFlow id="ptoflow6" sourceRef="ptousertask2" targetRef="exclusivegateway1"></sequenceFlow>
    <sequenceFlow id="ptoflow2" name="denied" sourceRef="exclusivegateway1" targetRef="ptomailtask2">
      <conditionExpression xsi:type="tFormalExpression"><![CDATA[${vacationApproved == false}]]></conditionExpression>
    </sequenceFlow>
    <sequenceFlow id="ptoflow3" name="approved" sourceRef="exclusivegateway1" targetRef="ptomailtask1">
      <conditionExpression xsi:type="tFormalExpression"><![CDATA[${vacationApproved == true}]]></conditionExpression>
    </sequenceFlow>
    <serviceTask id="servicetask1" name="Aggregate Data" activiti:class="com.learning.activiti.task.VacationTask"></serviceTask>
    <sequenceFlow id="ptoflow7" sourceRef="ptousertask1" targetRef="servicetask1"></sequenceFlow>
    <sequenceFlow id="ptoflow8" sourceRef="servicetask1" targetRef="ptousertask2"></sequenceFlow>
    <serviceTask id="ptomailtask2" name="Send confirmation email to requestor" activiti:type="mail">
      <extensionElements>
        <activiti:field name="to">
          <activiti:string><![CDATA[miss.piggy@localhost]]></activiti:string>
        </activiti:field>
        <activiti:field name="subject">
          <activiti:string><![CDATA[PTO Request Denied]]></activiti:string>
        </activiti:field>
        <activiti:field name="html">
          <activiti:expression>&lt;html&gt;
       &lt;body&gt;
                  Hello  ${vacationDTO.employeeName},  &lt;br/&gt;&lt;br/&gt;

                  Your PTO request has been denied for the following reason: &lt;br/&gt;&lt;br/&gt;

          &lt;p style="background-color:red;"&gt; Manager Motivation: ${managerMotivation}  &lt;/p&gt;  &lt;br/&gt;&lt;br/&gt;

	   &lt;a href="http://localhost:8080/activiti-explorer"&gt;Login for details&lt;/a&gt;

                  PTO request data:
                  &lt;hr&gt;
	           Employee Name: ${vacationDTO.employeeName}  &lt;br/&gt;
                  Number of Days : ${vacationDTO.numberOfDays}  &lt;br/&gt;
                  Employee Motivation: ${vacationDTO.vacationMotivation} &lt;br/&gt;
                  Manager Motivation: ${managerMotivation} &lt;br/&gt;
                  Vacation Approved: ${vacationApproved} &lt;br/&gt;
                  PTO Start Date: ${vacationDTO.startDate }  &lt;br/&gt;&lt;br/&gt;


                  Kind regards,&lt;br/&gt;

                  Your Manager Name:  ${vacationDTO.managerName} &lt;/br&gt;
       &lt;/body&gt;
&lt;/html&gt;</activiti:expression>
        </activiti:field>
      </extensionElements>
    </serviceTask>
    <sequenceFlow id="ptoflow9" sourceRef="ptomailtask2" targetRef="ptousertask1"></sequenceFlow>
  </process>
  <bpmndi:BPMNDiagram id="BPMNDiagram_VecationProcess">
    <bpmndi:BPMNPlane bpmnElement="VecationProcess" id="BPMNPlane_VecationProcess">
      <bpmndi:BPMNShape bpmnElement="ptostartevent1" id="BPMNShape_ptostartevent1">
        <omgdc:Bounds height="35.0" width="35.0" x="70.0" y="325.0"></omgdc:Bounds>
      </bpmndi:BPMNShape>
      <bpmndi:BPMNShape bpmnElement="ptousertask1" id="BPMNShape_ptousertask1">
        <omgdc:Bounds height="71.0" width="171.0" x="190.0" y="307.0"></omgdc:Bounds>
      </bpmndi:BPMNShape>
      <bpmndi:BPMNShape bpmnElement="ptousertask2" id="BPMNShape_ptousertask2">
        <omgdc:Bounds height="65.0" width="201.0" x="620.0" y="310.0"></omgdc:Bounds>
      </bpmndi:BPMNShape>
      <bpmndi:BPMNShape bpmnElement="ptomailtask1" id="BPMNShape_ptomailtask1">
        <omgdc:Bounds height="55.0" width="201.0" x="1029.0" y="315.0"></omgdc:Bounds>
      </bpmndi:BPMNShape>
      <bpmndi:BPMNShape bpmnElement="ptoendevent1" id="BPMNShape_ptoendevent1">
        <omgdc:Bounds height="35.0" width="35.0" x="1310.0" y="325.0"></omgdc:Bounds>
      </bpmndi:BPMNShape>
      <bpmndi:BPMNShape bpmnElement="exclusivegateway1" id="BPMNShape_exclusivegateway1">
        <omgdc:Bounds height="40.0" width="40.0" x="880.0" y="322.0"></omgdc:Bounds>
      </bpmndi:BPMNShape>
      <bpmndi:BPMNShape bpmnElement="servicetask1" id="BPMNShape_servicetask1">
        <omgdc:Bounds height="71.0" width="105.0" x="440.0" y="307.0"></omgdc:Bounds>
      </bpmndi:BPMNShape>
      <bpmndi:BPMNShape bpmnElement="ptomailtask2" id="BPMNShape_ptomailtask2">
        <omgdc:Bounds height="75.0" width="221.0" x="460.0" y="140.0"></omgdc:Bounds>
      </bpmndi:BPMNShape>
      <bpmndi:BPMNEdge bpmnElement="ptoflow1" id="BPMNEdge_ptoflow1">
        <omgdi:waypoint x="105.0" y="342.0"></omgdi:waypoint>
        <omgdi:waypoint x="190.0" y="342.0"></omgdi:waypoint>
      </bpmndi:BPMNEdge>
      <bpmndi:BPMNEdge bpmnElement="ptoflow5" id="BPMNEdge_ptoflow5">
        <omgdi:waypoint x="1230.0" y="342.0"></omgdi:waypoint>
        <omgdi:waypoint x="1310.0" y="342.0"></omgdi:waypoint>
      </bpmndi:BPMNEdge>
      <bpmndi:BPMNEdge bpmnElement="ptoflow6" id="BPMNEdge_ptoflow6">
        <omgdi:waypoint x="821.0" y="342.0"></omgdi:waypoint>
        <omgdi:waypoint x="880.0" y="342.0"></omgdi:waypoint>
      </bpmndi:BPMNEdge>
      <bpmndi:BPMNEdge bpmnElement="ptoflow2" id="BPMNEdge_ptoflow2">
        <omgdi:waypoint x="900.0" y="322.0"></omgdi:waypoint>
        <omgdi:waypoint x="899.0" y="177.0"></omgdi:waypoint>
        <omgdi:waypoint x="681.0" y="177.0"></omgdi:waypoint>
        <bpmndi:BPMNLabel>
          <omgdc:Bounds height="18.0" width="48.0" x="741.0" y="151.0"></omgdc:Bounds>
        </bpmndi:BPMNLabel>
      </bpmndi:BPMNEdge>
      <bpmndi:BPMNEdge bpmnElement="ptoflow3" id="BPMNEdge_ptoflow3">
        <omgdi:waypoint x="920.0" y="342.0"></omgdi:waypoint>
        <omgdi:waypoint x="1029.0" y="342.0"></omgdi:waypoint>
        <bpmndi:BPMNLabel>
          <omgdc:Bounds height="18.0" width="66.0" x="929.0" y="310.0"></omgdc:Bounds>
        </bpmndi:BPMNLabel>
      </bpmndi:BPMNEdge>
      <bpmndi:BPMNEdge bpmnElement="ptoflow7" id="BPMNEdge_ptoflow7">
        <omgdi:waypoint x="361.0" y="342.0"></omgdi:waypoint>
        <omgdi:waypoint x="440.0" y="342.0"></omgdi:waypoint>
      </bpmndi:BPMNEdge>
      <bpmndi:BPMNEdge bpmnElement="ptoflow8" id="BPMNEdge_ptoflow8">
        <omgdi:waypoint x="545.0" y="342.0"></omgdi:waypoint>
        <omgdi:waypoint x="620.0" y="342.0"></omgdi:waypoint>
      </bpmndi:BPMNEdge>
      <bpmndi:BPMNEdge bpmnElement="ptoflow9" id="BPMNEdge_ptoflow9">
        <omgdi:waypoint x="460.0" y="177.0"></omgdi:waypoint>
        <omgdi:waypoint x="275.0" y="177.0"></omgdi:waypoint>
        <omgdi:waypoint x="275.0" y="307.0"></omgdi:waypoint>
      </bpmndi:BPMNEdge>
    </bpmndi:BPMNPlane>
  </bpmndi:BPMNDiagram>
</definitions>