<?xml version="1.0" encoding="UTF-8"?>
<definitions xmlns="http://www.omg.org/spec/BPMN/20100524/MODEL" xmlns:xsi="http://www.w3.org/2001/XMLSchema-instance" xmlns:xsd="http://www.w3.org/2001/XMLSchema" xmlns:activiti="http://activiti.org/bpmn" xmlns:bpmndi="http://www.omg.org/spec/BPMN/20100524/DI" xmlns:omgdc="http://www.omg.org/spec/DD/20100524/DC" xmlns:omgdi="http://www.omg.org/spec/DD/20100524/DI" typeLanguage="http://www.w3.org/2001/XMLSchema" expressionLanguage="http://www.w3.org/1999/XPath" targetNamespace="http://www.activiti.org/processdef">
  <process id="TestProcess" name="TestProcess" isExecutable="true">
    <startEvent id="startEvent1"></startEvent>
    <userTask id="sid-0ADE2BEF-03B0-47CB-947D-A346E4F3D18E" name="A" activiti:assignee="$INITIATOR">
      <extensionElements>
        <modeler:activiti-idm-initiator xmlns:modeler="http://activiti.com/modeler"><![CDATA[true]]></modeler:activiti-idm-initiator>
      </extensionElements>
    </userTask>
    <sequenceFlow id="sid-547BBA58-EAB9-4D75-8A8A-F973BEA2B817" sourceRef="startEvent1" targetRef="sid-0ADE2BEF-03B0-47CB-947D-A346E4F3D18E"></sequenceFlow>
    <userTask id="sid-997D90EB-67E6-4813-85BE-E8057D3A225C" name="B" activiti:assignee="$INITIATOR">
      <extensionElements>
        <modeler:activiti-idm-initiator xmlns:modeler="http://activiti.com/modeler"><![CDATA[true]]></modeler:activiti-idm-initiator>
      </extensionElements>
    </userTask>
    <sequenceFlow id="sid-3213B317-4060-4828-B5DE-D944A2F00B0A" sourceRef="sid-0ADE2BEF-03B0-47CB-947D-A346E4F3D18E" targetRef="sid-997D90EB-67E6-4813-85BE-E8057D3A225C"></sequenceFlow>
    <endEvent id="sid-6DCC1533-FF7A-418F-8828-5CA19E022B4C"></endEvent>
    <sequenceFlow id="sid-EE1B32C1-CAAC-48DA-A093-7D061840F295" sourceRef="sid-997D90EB-67E6-4813-85BE-E8057D3A225C" targetRef="sid-6DCC1533-FF7A-418F-8828-5CA19E022B4C"></sequenceFlow>
  </process>
  <bpmndi:BPMNDiagram id="BPMNDiagram_TestProcess">
    <bpmndi:BPMNPlane bpmnElement="TestProcess" id="BPMNPlane_TestProcess">
      <bpmndi:BPMNShape bpmnElement="startEvent1" id="BPMNShape_startEvent1">
        <omgdc:Bounds height="30.0" width="30.0" x="100.0" y="163.0"></omgdc:Bounds>
      </bpmndi:BPMNShape>
      <bpmndi:BPMNShape bpmnElement="sid-0ADE2BEF-03B0-47CB-947D-A346E4F3D18E" id="BPMNShape_sid-0ADE2BEF-03B0-47CB-947D-A346E4F3D18E">
        <omgdc:Bounds height="80.0" width="100.0" x="175.0" y="138.0"></omgdc:Bounds>
      </bpmndi:BPMNShape>
      <bpmndi:BPMNShape bpmnElement="sid-997D90EB-67E6-4813-85BE-E8057D3A225C" id="BPMNShape_sid-997D90EB-67E6-4813-85BE-E8057D3A225C">
        <omgdc:Bounds height="80.0" width="100.0" x="320.0" y="138.0"></omgdc:Bounds>
      </bpmndi:BPMNShape>
      <bpmndi:BPMNShape bpmnElement="sid-6DCC1533-FF7A-418F-8828-5CA19E022B4C" id="BPMNShape_sid-6DCC1533-FF7A-418F-8828-5CA19E022B4C">
        <omgdc:Bounds height="28.0" width="28.0" x="465.0" y="164.0"></omgdc:Bounds>
      </bpmndi:BPMNShape>
      <bpmndi:BPMNEdge bpmnElement="sid-EE1B32C1-CAAC-48DA-A093-7D061840F295" id="BPMNEdge_sid-EE1B32C1-CAAC-48DA-A093-7D061840F295">
        <omgdi:waypoint x="420.0" y="178.0"></omgdi:waypoint>
        <omgdi:waypoint x="465.0" y="178.0"></omgdi:waypoint>
      </bpmndi:BPMNEdge>
      <bpmndi:BPMNEdge bpmnElement="sid-547BBA58-EAB9-4D75-8A8A-F973BEA2B817" id="BPMNEdge_sid-547BBA58-EAB9-4D75-8A8A-F973BEA2B817">
        <omgdi:waypoint x="130.0" y="178.0"></omgdi:waypoint>
        <omgdi:waypoint x="175.0" y="178.0"></omgdi:waypoint>
      </bpmndi:BPMNEdge>
      <bpmndi:BPMNEdge bpmnElement="sid-3213B317-4060-4828-B5DE-D944A2F00B0A" id="BPMNEdge_sid-3213B317-4060-4828-B5DE-D944A2F00B0A">
        <omgdi:waypoint x="275.0" y="178.0"></omgdi:waypoint>
        <omgdi:waypoint x="320.0" y="178.0"></omgdi:waypoint>
      </bpmndi:BPMNEdge>
    </bpmndi:BPMNPlane>
  </bpmndi:BPMNDiagram>
</definitions>