<?xml version="1.0" encoding="UTF-8"?>
<definitions xmlns="http://www.omg.org/spec/BPMN/20100524/MODEL" xmlns:xsi="http://www.w3.org/2001/XMLSchema-instance" xmlns:xsd="http://www.w3.org/2001/XMLSchema" xmlns:activiti="http://activiti.org/bpmn" xmlns:bpmndi="http://www.omg.org/spec/BPMN/20100524/DI" xmlns:omgdc="http://www.omg.org/spec/DD/20100524/DC" xmlns:omgdi="http://www.omg.org/spec/DD/20100524/DI" typeLanguage="http://www.w3.org/2001/XMLSchema" expressionLanguage="http://www.w3.org/1999/XPath" targetNamespace="http://www.bpmnwithactiviti.org">
  <process id="bookorder" name="bookorder" isExecutable="true">
    <startEvent id="startevent1" name="Start"></startEvent>
    <scriptTask id="scripttask1" name="Validate order" scriptFormat="groovy" activiti:autoStoreVariables="false">
      <script>out:print "validating order for isbn " + isbn + "\n";</script>
    </scriptTask>
    <sequenceFlow id="sequenceflow1" name="Validate order" sourceRef="startevent1" targetRef="scripttask1"></sequenceFlow>
    <userTask id="usertask1" name="Complete order" activiti:candidateGroups="sales">
      <documentation>book order user task</documentation>
    </userTask>
    <sequenceFlow id="sequenceflow2" name="Sending to management" sourceRef="scripttask1" targetRef="usertask1"></sequenceFlow>
    <endEvent id="endevent1" name="End"></endEvent>
    <sequenceFlow id="sequenceflow3" name="flow" sourceRef="usertask1" targetRef="endevent1"></sequenceFlow>
  </process>
  <bpmndi:BPMNDiagram id="BPMNDiagram_bookorder">
    <bpmndi:BPMNPlane bpmnElement="bookorder" id="BPMNPlane_bookorder">
      <bpmndi:BPMNShape bpmnElement="startevent1" id="BPMNShape_startevent1">
        <omgdc:Bounds height="35.0" width="35.0" x="0.0" y="15.0"></omgdc:Bounds>
      </bpmndi:BPMNShape>
      <bpmndi:BPMNShape bpmnElement="scripttask1" id="BPMNShape_scripttask1">
        <omgdc:Bounds height="60.0" width="100.0" x="80.0" y="0.0"></omgdc:Bounds>
      </bpmndi:BPMNShape>
      <bpmndi:BPMNShape bpmnElement="usertask1" id="BPMNShape_usertask1">
        <omgdc:Bounds height="60.0" width="100.0" x="230.0" y="0.0"></omgdc:Bounds>
      </bpmndi:BPMNShape>
      <bpmndi:BPMNShape bpmnElement="endevent1" id="BPMNShape_endevent1">
        <omgdc:Bounds height="35.0" width="35.0" x="380.0" y="15.0"></omgdc:Bounds>
      </bpmndi:BPMNShape>
      <bpmndi:BPMNEdge bpmnElement="sequenceflow1" id="BPMNEdge_sequenceflow1">
        <omgdi:waypoint x="35.0" y="32.0"></omgdi:waypoint>
        <omgdi:waypoint x="42.0" y="30.0"></omgdi:waypoint>
        <omgdi:waypoint x="42.0" y="30.0"></omgdi:waypoint>
        <omgdi:waypoint x="80.0" y="30.0"></omgdi:waypoint>
        <bpmndi:BPMNLabel>
          <omgdc:Bounds height="12.0" width="100.0" x="45.0" y="32.0"></omgdc:Bounds>
        </bpmndi:BPMNLabel>
      </bpmndi:BPMNEdge>
      <bpmndi:BPMNEdge bpmnElement="sequenceflow2" id="BPMNEdge_sequenceflow2">
        <omgdi:waypoint x="180.0" y="30.0"></omgdi:waypoint>
        <omgdi:waypoint x="192.0" y="30.0"></omgdi:waypoint>
        <omgdi:waypoint x="192.0" y="30.0"></omgdi:waypoint>
        <omgdi:waypoint x="230.0" y="30.0"></omgdi:waypoint>
        <bpmndi:BPMNLabel>
          <omgdc:Bounds height="36.0" width="100.0" x="190.0" y="30.0"></omgdc:Bounds>
        </bpmndi:BPMNLabel>
      </bpmndi:BPMNEdge>
      <bpmndi:BPMNEdge bpmnElement="sequenceflow3" id="BPMNEdge_sequenceflow3">
        <omgdi:waypoint x="330.0" y="30.0"></omgdi:waypoint>
        <omgdi:waypoint x="342.0" y="30.0"></omgdi:waypoint>
        <omgdi:waypoint x="342.0" y="30.0"></omgdi:waypoint>
        <omgdi:waypoint x="380.0" y="32.0"></omgdi:waypoint>
        <bpmndi:BPMNLabel>
          <omgdc:Bounds height="12.0" width="100.0" x="340.0" y="30.0"></omgdc:Bounds>
        </bpmndi:BPMNLabel>
      </bpmndi:BPMNEdge>
    </bpmndi:BPMNPlane>
  </bpmndi:BPMNDiagram>
</definitions>