<?xml version="1.0" encoding="UTF-8"?>
<definitions
        xmlns:bpmndi="http://www.omg.org/spec/BPMN/20100524/DI"
        xmlns:omgdc="http://www.omg.org/spec/DD/20100524/DC"
        xmlns:omgdi="http://www.omg.org/spec/DD/20100524/DI" xmlns="http://www.omg.org/spec/BPMN/20100524/MODEL"
        typeLanguage="http://www.w3.org/2001/XMLSchema" expressionLanguage="http://www.w3.org/1999/XPath"
        targetNamespace="http://www.activiti.org/processdef">
    <process id="WF_Order" name="OrderWorkflow" isExecutable="true">
        <startEvent id="startEvent1" name="Create"></startEvent>
        <userTask id="sid-1DB3C43A-F141-4149-9F38-794C7D705C44" name="Chef Approval">
            <extensionElements>
                <ta
            </extensionElements>
        </userTask>
        <userTask id="sid-95E77F1F-226C-425E-BE45-5E62FBEDDAF0" name="Delivery"></userTask>
        <endEvent id="sid-AF09C536-E7C7-4DB6-A870-BAEC720AD586"></endEvent>
        <sequenceFlow id="sid-0C9BFFAB-4B0A-41BB-BA4B-BDE8FA2D3753" sourceRef="sid-95E77F1F-226C-425E-BE45-5E62FBEDDAF0"
                      targetRef="sid-AF09C536-E7C7-4DB6-A870-BAEC720AD586"></sequenceFlow>
        <sequenceFlow id="sid-E3E5D2D0-8606-41DC-8454-968F445AE1F4" sourceRef="sid-1DB3C43A-F141-4149-9F38-794C7D705C44"
                      targetRef="sid-95E77F1F-226C-425E-BE45-5E62FBEDDAF0"></sequenceFlow>
        <userTask id="sid-C76CCB84-65EF-4E1F-8257-5E81F721CFC9" name="Reject Order"></userTask>
        <userTask id="sid-D6ECF866-B7A1-4FC3-A36A-1A30F9B8B256" name="Accept Order"></userTask>
        <endEvent id="sid-CADC6C47-6347-4C05-8151-D8861E9EB545"></endEvent>
        <sequenceFlow id="sid-EE844BC4-5A92-4565-BD1F-0F4B8CD1FA4A" sourceRef="sid-C76CCB84-65EF-4E1F-8257-5E81F721CFC9"
                      targetRef="sid-CADC6C47-6347-4C05-8151-D8861E9EB545"></sequenceFlow>
        <sequenceFlow id="sid-CAF337B9-AED7-4076-A33E-47D5CB9935B7" sourceRef="startEvent1"
                      targetRef="sid-C76CCB84-65EF-4E1F-8257-5E81F721CFC9"></sequenceFlow>
        <sequenceFlow id="sid-86FADF3A-864E-405B-A799-AE5FD00E1981" sourceRef="startEvent1"
                      targetRef="sid-D6ECF866-B7A1-4FC3-A36A-1A30F9B8B256"></sequenceFlow>
        <sequenceFlow id="sid-451D4F5B-FECB-4E65-9D95-856CAB89D909" sourceRef="sid-D6ECF866-B7A1-4FC3-A36A-1A30F9B8B256"
                      targetRef="sid-1DB3C43A-F141-4149-9F38-794C7D705C44"></sequenceFlow>
    </process>
    <bpmndi:BPMNDiagram id="BPMNDiagram_WF_Order">
        <bpmndi:BPMNPlane bpmnElement="WF_Order" id="BPMNPlane_WF_Order">
            <bpmndi:BPMNShape bpmnElement="startEvent1" id="BPMNShape_startEvent1">
                <omgdc:Bounds height="30.0" width="30.0" x="90.0" y="135.0"></omgdc:Bounds>
            </bpmndi:BPMNShape>
            <bpmndi:BPMNShape bpmnElement="sid-1DB3C43A-F141-4149-9F38-794C7D705C44"
                              id="BPMNShape_sid-1DB3C43A-F141-4149-9F38-794C7D705C44">
                <omgdc:Bounds height="68.0" width="100.0" x="615.0" y="90.0"></omgdc:Bounds>
            </bpmndi:BPMNShape>
            <bpmndi:BPMNShape bpmnElement="sid-95E77F1F-226C-425E-BE45-5E62FBEDDAF0"
                              id="BPMNShape_sid-95E77F1F-226C-425E-BE45-5E62FBEDDAF0">
                <omgdc:Bounds height="80.0" width="100.0" x="801.75" y="84.0"></omgdc:Bounds>
            </bpmndi:BPMNShape>
            <bpmndi:BPMNShape bpmnElement="sid-AF09C536-E7C7-4DB6-A870-BAEC720AD586"
                              id="BPMNShape_sid-AF09C536-E7C7-4DB6-A870-BAEC720AD586">
                <omgdc:Bounds height="28.0" width="28.0" x="933.75" y="110.0"></omgdc:Bounds>
            </bpmndi:BPMNShape>
            <bpmndi:BPMNShape bpmnElement="sid-C76CCB84-65EF-4E1F-8257-5E81F721CFC9"
                              id="BPMNShape_sid-C76CCB84-65EF-4E1F-8257-5E81F721CFC9">
                <omgdc:Bounds height="80.0" width="100.0" x="420.0" y="165.0"></omgdc:Bounds>
            </bpmndi:BPMNShape>
            <bpmndi:BPMNShape bpmnElement="sid-D6ECF866-B7A1-4FC3-A36A-1A30F9B8B256"
                              id="BPMNShape_sid-D6ECF866-B7A1-4FC3-A36A-1A30F9B8B256">
                <omgdc:Bounds height="80.0" width="100.0" x="390.0" y="45.0"></omgdc:Bounds>
            </bpmndi:BPMNShape>
            <bpmndi:BPMNShape bpmnElement="sid-CADC6C47-6347-4C05-8151-D8861E9EB545"
                              id="BPMNShape_sid-CADC6C47-6347-4C05-8151-D8861E9EB545">
                <omgdc:Bounds height="28.0" width="28.0" x="577.75" y="191.0"></omgdc:Bounds>
            </bpmndi:BPMNShape>
            <bpmndi:BPMNEdge bpmnElement="sid-EE844BC4-5A92-4565-BD1F-0F4B8CD1FA4A"
                             id="BPMNEdge_sid-EE844BC4-5A92-4565-BD1F-0F4B8CD1FA4A">
                <omgdi:waypoint x="520.0" y="205.0"></omgdi:waypoint>
                <omgdi:waypoint x="577.75" y="205.0"></omgdi:waypoint>
            </bpmndi:BPMNEdge>
            <bpmndi:BPMNEdge bpmnElement="sid-CAF337B9-AED7-4076-A33E-47D5CB9935B7"
                             id="BPMNEdge_sid-CAF337B9-AED7-4076-A33E-47D5CB9935B7">
                <omgdi:waypoint x="119.83255160638126" y="152.23504202287936"></omgdi:waypoint>
                <omgdi:waypoint x="420.0" y="197.46575342465752"></omgdi:waypoint>
            </bpmndi:BPMNEdge>
            <bpmndi:BPMNEdge bpmnElement="sid-86FADF3A-864E-405B-A799-AE5FD00E1981"
                             id="BPMNEdge_sid-86FADF3A-864E-405B-A799-AE5FD00E1981">
                <omgdi:waypoint x="119.72537351516128" y="147.1428379746702"></omgdi:waypoint>
                <omgdi:waypoint x="390.0" y="94.70149253731343"></omgdi:waypoint>
            </bpmndi:BPMNEdge>
            <bpmndi:BPMNEdge bpmnElement="sid-0C9BFFAB-4B0A-41BB-BA4B-BDE8FA2D3753"
                             id="BPMNEdge_sid-0C9BFFAB-4B0A-41BB-BA4B-BDE8FA2D3753">
                <omgdi:waypoint x="901.75" y="124.0"></omgdi:waypoint>
                <omgdi:waypoint x="933.75" y="124.0"></omgdi:waypoint>
            </bpmndi:BPMNEdge>
            <bpmndi:BPMNEdge bpmnElement="sid-451D4F5B-FECB-4E65-9D95-856CAB89D909"
                             id="BPMNEdge_sid-451D4F5B-FECB-4E65-9D95-856CAB89D909">
                <omgdi:waypoint x="490.0" y="93.66666666666666"></omgdi:waypoint>
                <omgdi:waypoint x="615.0" y="115.33333333333334"></omgdi:waypoint>
            </bpmndi:BPMNEdge>
            <bpmndi:BPMNEdge bpmnElement="sid-E3E5D2D0-8606-41DC-8454-968F445AE1F4"
                             id="BPMNEdge_sid-E3E5D2D0-8606-41DC-8454-968F445AE1F4">
                <omgdi:waypoint x="715.0" y="124.0"></omgdi:waypoint>
                <omgdi:waypoint x="801.75" y="124.0"></omgdi:waypoint>
            </bpmndi:BPMNEdge>
        </bpmndi:BPMNPlane>
    </bpmndi:BPMNDiagram>
</definitions>