<?xml version="1.0" encoding="UTF-8"?>
<bpmn:definitions xmlns:bpmn="http://www.omg.org/spec/BPMN/20100524/MODEL" xmlns:bpmndi="http://www.omg.org/spec/BPMN/20100524/DI" xmlns:di="http://www.omg.org/spec/DD/20100524/DI" xmlns:dc="http://www.omg.org/spec/DD/20100524/DC" xmlns:camunda="http://camunda.org/schema/1.0/bpmn" xmlns:xsi="http://www.w3.org/2001/XMLSchema-instance" xmlns:bioc="http://bpmn.io/schema/bpmn/biocolor/1.0" id="Definitions_1" targetNamespace="http://bpmn.io/schema/bpmn" exporter="Camunda Modeler" exporterVersion="1.11.3">
  <bpmn:process id="Process_AanvraagOntheffingStraatoptreden" name="Aanvraag ontheffing straatoptreden" isExecutable="true" camunda:versionTag="1">
    <bpmn:startEvent id="StartEvent_AanvragenOntheffingStraatoptreden" camunda:formKey="embedded:app:forms/startProcess.html" camunda:initiator="starter">
      <bpmn:extensionElements>
        <camunda:formData />
      </bpmn:extensionElements>
      <bpmn:outgoing>SequenceFlow_0dod00n</bpmn:outgoing>
    </bpmn:startEvent>
    <bpmn:serviceTask id="Task_controlerenAantalOntheffingen" name="Controleren verstrekte aantal ontheffingen" camunda:class="nl.haarlem.services.zkn.OntheffingStraatoptredens.ControlerenOntheffingenDelegate">
      <bpmn:documentation><![CDATA[Controleer of het maximaal aantal verstrekte kwartaalontheffingen in het lopende jaar niet meer is dan 40 per jaar.
Als het aantal verstrekte ontheffingen meer is dan 40, stopt het proces en wordt de aanvrager gemeld dat hij/zij geen ontheffing kan ontvangen.
Controleer of het aantal verstrekte dagontheffingen niet meer is dan 10 is voor de betreffende dag.
]]></bpmn:documentation>
      <bpmn:incoming>SequenceFlow_1tbkmnh</bpmn:incoming>
      <bpmn:outgoing>SequenceFlow_0pic5xz</bpmn:outgoing>
    </bpmn:serviceTask>
    <bpmn:endEvent id="EndEvent_0bqxvld">
      <bpmn:incoming>SequenceFlow_102is32</bpmn:incoming>
    </bpmn:endEvent>
    <bpmn:manualTask id="ManualTask_controlerenIdentiteit" name="Controleren identiteit">
      <bpmn:incoming>SequenceFlow_0dod00n</bpmn:incoming>
      <bpmn:outgoing>SequenceFlow_1tbkmnh</bpmn:outgoing>
    </bpmn:manualTask>
    <bpmn:callActivity id="Task_VerstrekkenOntheffingen" name="Verstrekken ontheffingen" calledElement="Process_VerstrekkenOntheffingen">
      <bpmn:extensionElements>
        <camunda:in variables="all" />
        <camunda:out variables="all" />
      </bpmn:extensionElements>
      <bpmn:incoming>SequenceFlow_12foaih</bpmn:incoming>
      <bpmn:incoming>SequenceFlow_soortOntheffingDag</bpmn:incoming>
      <bpmn:outgoing>SequenceFlow_15zamt9</bpmn:outgoing>
      <bpmn:multiInstanceLoopCharacteristics isSequential="true" camunda:collection="${dataInput.prop(&#34;terms&#34;).elements()}" camunda:elementVariable="element" />
    </bpmn:callActivity>
    <bpmn:sequenceFlow id="SequenceFlow_0kyzr1y" sourceRef="Task_gbaOphalenGegevens" targetRef="ManualTask_innenLeges" />
    <bpmn:serviceTask id="Task_gbaOphalenGegevens" name="Ophalen persoonsgegevens" camunda:class="nl.haarlem.services.gba.GBADelegate">
      <bpmn:documentation><![CDATA[
]]></bpmn:documentation>
      <bpmn:incoming>SequenceFlow_1ongbh4</bpmn:incoming>
      <bpmn:outgoing>SequenceFlow_0kyzr1y</bpmn:outgoing>
    </bpmn:serviceTask>
    <bpmn:userTask id="Task_GegevensInvoeren" name="Gegevens invoeren (${zaaknummer})&#10;" camunda:formKey="embedded:app:forms/ontheffingStraatoptredens.html" camunda:assignee="${starter}" camunda:priority="100">
      <bpmn:documentation><![CDATA[Kwartaalontheffingen die zijn aangevraagd in het laatste kwartaal van het jaar zijn altijd maar geldig tot het einde van het jaar.
]]></bpmn:documentation>
      <bpmn:extensionElements>
        <camunda:formData />
      </bpmn:extensionElements>
      <bpmn:incoming>SequenceFlow_0pic5xz</bpmn:incoming>
      <bpmn:incoming>SequenceFlow_1p8migp</bpmn:incoming>
      <bpmn:outgoing>SequenceFlow_041n8kw</bpmn:outgoing>
    </bpmn:userTask>
    <bpmn:sequenceFlow id="SequenceFlow_041n8kw" sourceRef="Task_GegevensInvoeren" targetRef="ExclusiveGateway_soortOntheffing" />
    <bpmn:sequenceFlow id="SequenceFlow_0pic5xz" sourceRef="Task_controlerenAantalOntheffingen" targetRef="Task_GegevensInvoeren" />
    <bpmn:exclusiveGateway id="ExclusiveGateway_soortOntheffing" name="Soort ontheffing?">
      <bpmn:incoming>SequenceFlow_041n8kw</bpmn:incoming>
      <bpmn:outgoing>SequenceFlow_soortOntheffingDag</bpmn:outgoing>
      <bpmn:outgoing>SequenceFlow_soortOntheffingKwartaal</bpmn:outgoing>
    </bpmn:exclusiveGateway>
    <bpmn:sequenceFlow id="SequenceFlow_soortOntheffingDag" name="Dag" sourceRef="ExclusiveGateway_soortOntheffing" targetRef="Task_VerstrekkenOntheffingen">
      <bpmn:conditionExpression xsi:type="bpmn:tFormalExpression"><![CDATA[${aanvraag.dagOfKwartaal == 'Dagontheffing'}]]></bpmn:conditionExpression>
    </bpmn:sequenceFlow>
    <bpmn:sequenceFlow id="SequenceFlow_soortOntheffingKwartaal" name="Kwartaal" sourceRef="ExclusiveGateway_soortOntheffing" targetRef="ExclusiveGateway_useBSN">
      <bpmn:conditionExpression xsi:type="bpmn:tFormalExpression"><![CDATA[${aanvraag.dagOfKwartaal == 'Kwartaalontheffing'}]]></bpmn:conditionExpression>
    </bpmn:sequenceFlow>
    <bpmn:manualTask id="ManualTask_innenLeges" name="Innen leges">
      <bpmn:documentation><![CDATA[Laat de aanvrager de leges betalen. Maak daarbij gebruik van de legesverordening.
]]></bpmn:documentation>
      <bpmn:incoming>SequenceFlow_0kyzr1y</bpmn:incoming>
      <bpmn:incoming>SequenceFlow_1jm5kew</bpmn:incoming>
      <bpmn:outgoing>SequenceFlow_12foaih</bpmn:outgoing>
    </bpmn:manualTask>
    <bpmn:sequenceFlow id="SequenceFlow_12foaih" sourceRef="ManualTask_innenLeges" targetRef="Task_VerstrekkenOntheffingen" />
    <bpmn:sequenceFlow id="SequenceFlow_102is32" sourceRef="Task_verzendenEmailHandhaving" targetRef="EndEvent_0bqxvld" />
    <bpmn:serviceTask id="Task_verzendenEmailHandhaving" name="Verzenden overzicht alle ontheffingen van dit jaar" camunda:class="nl.haarlem.services.zkn.OntheffingStraatoptredens.SendMailDelegate">
      <bpmn:incoming>SequenceFlow_0ixhylx</bpmn:incoming>
      <bpmn:outgoing>SequenceFlow_102is32</bpmn:outgoing>
    </bpmn:serviceTask>
    <bpmn:callActivity id="Task_ophalenGegevensZaakmagazijn" name="Gegevens ophalen uit zaakmagazijn" calledElement="Process_GegevensOphalenZaakmagazijn">
      <bpmn:extensionElements>
        <camunda:in variables="all" />
        <camunda:out variables="all" />
      </bpmn:extensionElements>
      <bpmn:incoming>SequenceFlow_1ulvv0c</bpmn:incoming>
      <bpmn:outgoing>SequenceFlow_0ixhylx</bpmn:outgoing>
      <bpmn:multiInstanceLoopCharacteristics isSequential="true" camunda:collection="${zakenIds.getZaken()}" camunda:elementVariable="elementZaak" />
    </bpmn:callActivity>
    <bpmn:sequenceFlow id="SequenceFlow_0dod00n" sourceRef="StartEvent_AanvragenOntheffingStraatoptreden" targetRef="ManualTask_controlerenIdentiteit" />
    <bpmn:sequenceFlow id="SequenceFlow_1tbkmnh" sourceRef="ManualTask_controlerenIdentiteit" targetRef="Task_controlerenAantalOntheffingen" />
    <bpmn:sequenceFlow id="SequenceFlow_15zamt9" sourceRef="Task_VerstrekkenOntheffingen" targetRef="UserTask_069tvny" />
    <bpmn:sequenceFlow id="SequenceFlow_0ixhylx" sourceRef="Task_ophalenGegevensZaakmagazijn" targetRef="Task_verzendenEmailHandhaving" />
    <bpmn:boundaryEvent id="BoundaryEvent_1mqw03f" attachedToRef="Task_gbaOphalenGegevens">
      <bpmn:outgoing>SequenceFlow_1p8migp</bpmn:outgoing>
      <bpmn:errorEventDefinition errorRef="Error_05s9sry" />
    </bpmn:boundaryEvent>
    <bpmn:sequenceFlow id="SequenceFlow_1p8migp" name="BSN ongeldig" sourceRef="BoundaryEvent_1mqw03f" targetRef="Task_GegevensInvoeren" />
    <bpmn:userTask id="UserTask_069tvny" name="Print ontheffing(en) straatoptreden" camunda:asyncAfter="true" camunda:formKey="embedded:app:forms/printPDF.html" camunda:assignee="${starter}" camunda:priority="100">
      <bpmn:extensionElements>
        <camunda:formData />
      </bpmn:extensionElements>
      <bpmn:incoming>SequenceFlow_15zamt9</bpmn:incoming>
      <bpmn:outgoing>SequenceFlow_05meusq</bpmn:outgoing>
    </bpmn:userTask>
    <bpmn:sequenceFlow id="SequenceFlow_05meusq" sourceRef="UserTask_069tvny" targetRef="ManualTask_0r19627" />
    <bpmn:manualTask id="ManualTask_0r19627" name="Verstrekken ontheffing">
      <bpmn:documentation><![CDATA[Reik de dag- of kwartaalontheffing uit aan de aanvrager.
Attendeer de aanvrager dat aan de voorschriften op de achterzijde van de ontheffing moet worden voldaan.
]]></bpmn:documentation>
      <bpmn:incoming>SequenceFlow_05meusq</bpmn:incoming>
      <bpmn:outgoing>SequenceFlow_1ulvv0c</bpmn:outgoing>
    </bpmn:manualTask>
    <bpmn:sequenceFlow id="SequenceFlow_1ulvv0c" sourceRef="ManualTask_0r19627" targetRef="Task_ophalenGegevensZaakmagazijn" />
    <bpmn:exclusiveGateway id="ExclusiveGateway_useBSN" name="BSN?">
      <bpmn:incoming>SequenceFlow_soortOntheffingKwartaal</bpmn:incoming>
      <bpmn:outgoing>SequenceFlow_1ongbh4</bpmn:outgoing>
      <bpmn:outgoing>SequenceFlow_1jm5kew</bpmn:outgoing>
    </bpmn:exclusiveGateway>
    <bpmn:sequenceFlow id="SequenceFlow_1ongbh4" name="Ja" sourceRef="ExclusiveGateway_useBSN" targetRef="Task_gbaOphalenGegevens">
      <bpmn:conditionExpression xsi:type="bpmn:tFormalExpression">${aanvraag.usebsn}</bpmn:conditionExpression>
    </bpmn:sequenceFlow>
    <bpmn:sequenceFlow id="SequenceFlow_1jm5kew" name="Nee" sourceRef="ExclusiveGateway_useBSN" targetRef="ManualTask_innenLeges">
      <bpmn:conditionExpression xsi:type="bpmn:tFormalExpression">${!aanvraag.usebsn}</bpmn:conditionExpression>
    </bpmn:sequenceFlow>
  </bpmn:process>
  <bpmn:message id="Message_0nhstx1" />
  <bpmn:error id="Error_05s9sry" name="Error_BSN_NOT_VALID" errorCode="BSN_NOT_VALID" />
  <bpmndi:BPMNDiagram id="BPMNDiagram_1">
    <bpmndi:BPMNPlane id="BPMNPlane_1" bpmnElement="Process_AanvraagOntheffingStraatoptreden">
      <bpmndi:BPMNShape id="StartEvent_1tzxbg3_di" bpmnElement="StartEvent_AanvragenOntheffingStraatoptreden">
        <dc:Bounds x="43" y="102" width="36" height="36" />
        <bpmndi:BPMNLabel>
          <dc:Bounds x="-29" y="138" width="90" height="12" />
        </bpmndi:BPMNLabel>
      </bpmndi:BPMNShape>
      <bpmndi:BPMNShape id="ServiceTask_0lf8958_di" bpmnElement="Task_controlerenAantalOntheffingen">
        <dc:Bounds x="315" y="80" width="100" height="80" />
      </bpmndi:BPMNShape>
      <bpmndi:BPMNShape id="EndEvent_0bqxvld_di" bpmnElement="EndEvent_0bqxvld">
        <dc:Bounds x="1989" y="102" width="36" height="36" />
        <bpmndi:BPMNLabel>
          <dc:Bounds x="1962" y="142" width="90" height="12" />
        </bpmndi:BPMNLabel>
      </bpmndi:BPMNShape>
      <bpmndi:BPMNShape id="ManualTask_0v3hnfu_di" bpmnElement="ManualTask_controlerenIdentiteit" bioc:stroke="#8E24AA" bioc:fill="#E1BEE7">
        <dc:Bounds x="159" y="80" width="100" height="80" />
      </bpmndi:BPMNShape>
      <bpmndi:BPMNShape id="CallActivity_0mhzyx1_di" bpmnElement="Task_VerstrekkenOntheffingen">
        <dc:Bounds x="1139" y="80" width="100" height="80" />
      </bpmndi:BPMNShape>
      <bpmndi:BPMNEdge id="SequenceFlow_0kyzr1y_di" bpmnElement="SequenceFlow_0kyzr1y">
        <di:waypoint xsi:type="dc:Point" x="978" y="307" />
        <di:waypoint xsi:type="dc:Point" x="1013" y="307" />
        <di:waypoint xsi:type="dc:Point" x="1013" y="307" />
        <di:waypoint xsi:type="dc:Point" x="1053" y="307" />
        <bpmndi:BPMNLabel>
          <dc:Bounds x="983" y="301" width="90" height="12" />
        </bpmndi:BPMNLabel>
      </bpmndi:BPMNEdge>
      <bpmndi:BPMNShape id="ServiceTask_1uu09wx_di" bpmnElement="Task_gbaOphalenGegevens">
        <dc:Bounds x="878" y="267" width="100" height="80" />
      </bpmndi:BPMNShape>
      <bpmndi:BPMNShape id="UserTask_1bmoy1h_di" bpmnElement="Task_GegevensInvoeren" bioc:stroke="#FB8C00" bioc:fill="#FFE0B2">
        <dc:Bounds x="499" y="80" width="100" height="80" />
      </bpmndi:BPMNShape>
      <bpmndi:BPMNEdge id="SequenceFlow_041n8kw_di" bpmnElement="SequenceFlow_041n8kw">
        <di:waypoint xsi:type="dc:Point" x="599" y="120" />
        <di:waypoint xsi:type="dc:Point" x="668" y="120" />
        <bpmndi:BPMNLabel>
          <dc:Bounds x="588.5" y="99" width="90" height="12" />
        </bpmndi:BPMNLabel>
      </bpmndi:BPMNEdge>
      <bpmndi:BPMNEdge id="SequenceFlow_0pic5xz_di" bpmnElement="SequenceFlow_0pic5xz">
        <di:waypoint xsi:type="dc:Point" x="415" y="120" />
        <di:waypoint xsi:type="dc:Point" x="499" y="120" />
        <bpmndi:BPMNLabel>
          <dc:Bounds x="412" y="99" width="90" height="12" />
        </bpmndi:BPMNLabel>
      </bpmndi:BPMNEdge>
      <bpmndi:BPMNShape id="ExclusiveGateway_13s0zvd_di" bpmnElement="ExclusiveGateway_soortOntheffing" isMarkerVisible="true">
        <dc:Bounds x="668" y="95" width="50" height="50" />
        <bpmndi:BPMNLabel>
          <dc:Bounds x="652" y="149" width="84" height="14" />
        </bpmndi:BPMNLabel>
      </bpmndi:BPMNShape>
      <bpmndi:BPMNEdge id="SequenceFlow_111nrsq_di" bpmnElement="SequenceFlow_soortOntheffingDag">
        <di:waypoint xsi:type="dc:Point" x="718" y="120" />
        <di:waypoint xsi:type="dc:Point" x="1139" y="120" />
        <bpmndi:BPMNLabel>
          <dc:Bounds x="769.9999999999999" y="98" width="19" height="14" />
        </bpmndi:BPMNLabel>
      </bpmndi:BPMNEdge>
      <bpmndi:BPMNEdge id="SequenceFlow_0p5qvsp_di" bpmnElement="SequenceFlow_soortOntheffingKwartaal">
        <di:waypoint xsi:type="dc:Point" x="693" y="145" />
        <di:waypoint xsi:type="dc:Point" x="693" y="246" />
        <di:waypoint xsi:type="dc:Point" x="766" y="246" />
        <bpmndi:BPMNLabel>
          <dc:Bounds x="683" y="225" width="43" height="12" />
        </bpmndi:BPMNLabel>
      </bpmndi:BPMNEdge>
      <bpmndi:BPMNShape id="ManualTask_1nly9e6_di" bpmnElement="ManualTask_innenLeges" bioc:stroke="#8E24AA" bioc:fill="#E1BEE7">
        <dc:Bounds x="1053" y="267" width="100" height="80" />
      </bpmndi:BPMNShape>
      <bpmndi:BPMNEdge id="SequenceFlow_12foaih_di" bpmnElement="SequenceFlow_12foaih">
        <di:waypoint xsi:type="dc:Point" x="1153" y="307" />
        <di:waypoint xsi:type="dc:Point" x="1189" y="307" />
        <di:waypoint xsi:type="dc:Point" x="1189" y="160" />
        <bpmndi:BPMNLabel>
          <dc:Bounds x="1126" y="286" width="90" height="12" />
        </bpmndi:BPMNLabel>
      </bpmndi:BPMNEdge>
      <bpmndi:BPMNEdge id="SequenceFlow_102is32_di" bpmnElement="SequenceFlow_102is32">
        <di:waypoint xsi:type="dc:Point" x="1909" y="120" />
        <di:waypoint xsi:type="dc:Point" x="1989" y="120" />
        <bpmndi:BPMNLabel>
          <dc:Bounds x="1904" y="99" width="90" height="12" />
        </bpmndi:BPMNLabel>
      </bpmndi:BPMNEdge>
      <bpmndi:BPMNShape id="ServiceTask_0dvoghk_di" bpmnElement="Task_verzendenEmailHandhaving">
        <dc:Bounds x="1809" y="80" width="100" height="80" />
      </bpmndi:BPMNShape>
      <bpmndi:BPMNShape id="CallActivity_11jheck_di" bpmnElement="Task_ophalenGegevensZaakmagazijn">
        <dc:Bounds x="1623" y="80" width="100" height="80" />
      </bpmndi:BPMNShape>
      <bpmndi:BPMNEdge id="SequenceFlow_0dod00n_di" bpmnElement="SequenceFlow_0dod00n">
        <di:waypoint xsi:type="dc:Point" x="79" y="120" />
        <di:waypoint xsi:type="dc:Point" x="159" y="120" />
        <bpmndi:BPMNLabel>
          <dc:Bounds x="119" y="99" width="0" height="12" />
        </bpmndi:BPMNLabel>
      </bpmndi:BPMNEdge>
      <bpmndi:BPMNEdge id="SequenceFlow_1tbkmnh_di" bpmnElement="SequenceFlow_1tbkmnh">
        <di:waypoint xsi:type="dc:Point" x="259" y="120" />
        <di:waypoint xsi:type="dc:Point" x="315" y="120" />
        <bpmndi:BPMNLabel>
          <dc:Bounds x="287" y="99" width="0" height="12" />
        </bpmndi:BPMNLabel>
      </bpmndi:BPMNEdge>
      <bpmndi:BPMNEdge id="SequenceFlow_15zamt9_di" bpmnElement="SequenceFlow_15zamt9">
        <di:waypoint xsi:type="dc:Point" x="1239" y="120" />
        <di:waypoint xsi:type="dc:Point" x="1303" y="120" />
        <bpmndi:BPMNLabel>
          <dc:Bounds x="1226" y="99" width="90" height="12" />
        </bpmndi:BPMNLabel>
      </bpmndi:BPMNEdge>
      <bpmndi:BPMNEdge id="SequenceFlow_0ixhylx_di" bpmnElement="SequenceFlow_0ixhylx">
        <di:waypoint xsi:type="dc:Point" x="1723" y="120" />
        <di:waypoint xsi:type="dc:Point" x="1809" y="120" />
        <bpmndi:BPMNLabel>
          <dc:Bounds x="1721" y="99" width="90" height="12" />
        </bpmndi:BPMNLabel>
      </bpmndi:BPMNEdge>
      <bpmndi:BPMNShape id="BoundaryEvent_0zsobe6_di" bpmnElement="BoundaryEvent_1mqw03f">
        <dc:Bounds x="960" y="329" width="36" height="36" />
        <bpmndi:BPMNLabel>
          <dc:Bounds x="874" y="369" width="90" height="14" />
        </bpmndi:BPMNLabel>
      </bpmndi:BPMNShape>
      <bpmndi:BPMNEdge id="SequenceFlow_1p8migp_di" bpmnElement="SequenceFlow_1p8migp">
        <di:waypoint xsi:type="dc:Point" x="978" y="365" />
        <di:waypoint xsi:type="dc:Point" x="978" y="388" />
        <di:waypoint xsi:type="dc:Point" x="549" y="388" />
        <di:waypoint xsi:type="dc:Point" x="549" y="160" />
        <bpmndi:BPMNLabel>
          <dc:Bounds x="725.7037037037037" y="394" width="65" height="12" />
        </bpmndi:BPMNLabel>
      </bpmndi:BPMNEdge>
      <bpmndi:BPMNShape id="UserTask_069tvny_di" bpmnElement="UserTask_069tvny" bioc:stroke="#FB8C00" bioc:fill="#FFE0B2">
        <dc:Bounds x="1303" y="80" width="100" height="80" />
      </bpmndi:BPMNShape>
      <bpmndi:BPMNEdge id="SequenceFlow_05meusq_di" bpmnElement="SequenceFlow_05meusq">
        <di:waypoint xsi:type="dc:Point" x="1403" y="120" />
        <di:waypoint xsi:type="dc:Point" x="1456" y="120" />
        <bpmndi:BPMNLabel>
          <dc:Bounds x="1429.5" y="99" width="0" height="12" />
        </bpmndi:BPMNLabel>
      </bpmndi:BPMNEdge>
      <bpmndi:BPMNShape id="ManualTask_0r19627_di" bpmnElement="ManualTask_0r19627" bioc:stroke="#8E24AA" bioc:fill="#E1BEE7">
        <dc:Bounds x="1456" y="80" width="100" height="80" />
      </bpmndi:BPMNShape>
      <bpmndi:BPMNEdge id="SequenceFlow_1ulvv0c_di" bpmnElement="SequenceFlow_1ulvv0c">
        <di:waypoint xsi:type="dc:Point" x="1556" y="120" />
        <di:waypoint xsi:type="dc:Point" x="1623" y="120" />
        <bpmndi:BPMNLabel>
          <dc:Bounds x="1589.5" y="99" width="0" height="12" />
        </bpmndi:BPMNLabel>
      </bpmndi:BPMNEdge>
      <bpmndi:BPMNShape id="ExclusiveGateway_1aar0x3_di" bpmnElement="ExclusiveGateway_useBSN" isMarkerVisible="true">
        <dc:Bounds x="766" y="221" width="50" height="50" />
        <bpmndi:BPMNLabel>
          <dc:Bounds x="777" y="275" width="28" height="12" />
        </bpmndi:BPMNLabel>
      </bpmndi:BPMNShape>
      <bpmndi:BPMNEdge id="SequenceFlow_1ongbh4_di" bpmnElement="SequenceFlow_1ongbh4">
        <di:waypoint xsi:type="dc:Point" x="791" y="271" />
        <di:waypoint xsi:type="dc:Point" x="791" y="307" />
        <di:waypoint xsi:type="dc:Point" x="878" y="307" />
        <bpmndi:BPMNLabel>
          <dc:Bounds x="825.153846153846" y="291" width="12" height="12" />
        </bpmndi:BPMNLabel>
      </bpmndi:BPMNEdge>
      <bpmndi:BPMNEdge id="SequenceFlow_1jm5kew_di" bpmnElement="SequenceFlow_1jm5kew">
        <di:waypoint xsi:type="dc:Point" x="791" y="221" />
        <di:waypoint xsi:type="dc:Point" x="791" y="190" />
        <di:waypoint xsi:type="dc:Point" x="1103" y="190" />
        <di:waypoint xsi:type="dc:Point" x="1103" y="267" />
        <bpmndi:BPMNLabel>
          <dc:Bounds x="935.0858895705521" y="199" width="20" height="12" />
        </bpmndi:BPMNLabel>
      </bpmndi:BPMNEdge>
    </bpmndi:BPMNPlane>
  </bpmndi:BPMNDiagram>
</bpmn:definitions>
