<?xml version="1.0" encoding="UTF-8"?>
<!--
 Copyright (c) 2015-2019 Linagora
 
 This program/library is free software: you can redistribute it and/or modify
 it under the terms of the GNU Lesser General Public License as published by
 the Free Software Foundation, either version 2.1 of the License, or (at your
 option) any later version.
 
 This program/library is distributed in the hope that it will be useful, but
 WITHOUT ANY WARRANTY; without even the implied warranty of MERCHANTABILITY or
 FITNESS FOR A PARTICULAR PURPOSE. See the GNU Lesser General Public License
 for more details.
 
 You should have received a copy of the GNU Lesser General Public License
 along with this program/library; If not, see http://www.gnu.org/licenses/
 for the GNU Lesser General Public License version 2.1.
-->
<definitions
   id="vacationRequestProcess"
   targetNamespace="http://petals.ow2.org/samples/se-flowable/vacation/vacationProcess"
   
   xmlns="http://www.omg.org/spec/BPMN/20100524/MODEL"
   xmlns:xsi="http://www.w3.org/2001/XMLSchema-instance"
   xmlns:xsd="http://www.w3.org/2001/XMLSchema"
   xmlns:activiti="http://activiti.org/bpmn"
   xmlns:bpmndi="http://www.omg.org/spec/BPMN/20100524/DI"
   xmlns:omgdc="http://www.omg.org/spec/DD/20100524/DC"
   xmlns:omgdi="http://www.omg.org/spec/DD/20100524/DI"
   
   xmlns:vacationProcess="http://petals.ow2.org/samples/se-flowable/vacation/vacationProcess"
   xmlns:archiveService="http://petals.ow2.org/samples/se-flowable/vacation/archiveService"
   xmlns:notifyService="http://petals.ow2.org/samples/se-flowable/vacation/notifyVacationService"
   
   typeLanguage="http://www.w3.org/2001/XMLSchema"
   expressionLanguage="http://www.w3.org/1999/XPath" >
   
   <!-- ==========================================
            Declaration of the Petals services
        ========================================== -->
   <!-- TODO: Relative imports are not supported by Activiti/Flowable: ACT-2173 -->
   <import location="archiveService.wsdl" namespace="http://petals.ow2.org/samples/se-flowable/vacation/archiveService"
      importType="http://schemas.xmlsoap.org/wsdl/" />
   <import location="notifyVacationService.wsdl" namespace="http://petals.ow2.org/samples/se-flowable/vacation/notifyVacationService"
      importType="http://schemas.xmlsoap.org/wsdl/" />

   <!-- ===================================
            The vacation process
        =================================== -->
   <process id="vacationRequest" name="Vacation request" isExecutable="true">
      <startEvent id="start" activiti:initiator="employeeName">
         <extensionElements>
            <activiti:formProperty id="numberOfDays" name="Number of days" type="long" required="true" />
            <activiti:formProperty id="startDate" name="First day of holiday (dd-MM-yyy)" type="date" datePattern="dd-MM-yyyy hh:mm" required="true" />
            <activiti:formProperty id="vacationMotivation" name="Motivation" type="string" />
         </extensionElements>
      </startEvent>
      <sequenceFlow id="flow9" sourceRef="start" targetRef="notifyNewVacationRequest" />
      <serviceTask id="notifyNewVacationRequest" name="Notify the new vacation request to managers" implementation="##WebService"
         operationRef="vacationProcess:newVacationRequestOp">
         <ioSpecification>
            <dataInput itemSubjectRef="vacationProcess:notifyNewVacationRequestItem" id="dataInputOfNotifyNewVacationRequest" />
            <inputSet>
               <dataInputRefs>dataInputOfNotifyNewVacationRequest</dataInputRefs>
            </inputSet>
            <outputSet />
         </ioSpecification>
         <dataInputAssociation>
            <targetRef>dataInputOfNotifyNewVacationRequest</targetRef>
            <assignment>
               <from>${employeeName}</from>
               <to>${dataInputOfNotifyNewVacationRequest.enquirer}</to>
            </assignment>
            <assignment>
               <from>${numberOfDays}</from>
               <to>${dataInputOfNotifyNewVacationRequest.dayNumber}</to>
            </assignment>
            <assignment>
               <from>${startDate}</from>
               <to>${dataInputOfNotifyNewVacationRequest.startDate}</to>
            </assignment>
            <assignment>
               <from>${vacationMotivation}</from>
               <to>${dataInputOfNotifyNewVacationRequest.reason}</to>
            </assignment>
            <assignment>
               <from>${execution.processInstanceId}</from>
               <to>${dataInputOfNotifyNewVacationRequest.vacationRequestId}</to>
            </assignment>
         </dataInputAssociation>
      </serviceTask>
      <sequenceFlow id="flow10" sourceRef="notifyNewVacationRequest" targetRef="handleVacationRequest" />
      <userTask id="handleVacationRequest" name="Handle vacation request" activiti:candidateGroups="management">
         <documentation>${employeeName} would like to take ${numberOfDays} day(s) of vacation (Motivation:${vacationMotivation}).</documentation>
         <extensionElements>
            <activiti:formProperty id="vacationApproved" name="Do you approve this vacation" type="enum" required="true">
               <activiti:value id="true" name="Approve" />
               <activiti:value id="false" name="Reject" />
            </activiti:formProperty>
            <activiti:formProperty id="managerMotivation" name="Motivation" type="string" />
         </extensionElements>
      </userTask>
      <sequenceFlow id="flow2" sourceRef="handleVacationRequest" targetRef="requestApprovedDecision" />
      <exclusiveGateway id="requestApprovedDecision" name="Request approved?"></exclusiveGateway>
      <sequenceFlow id="flow5" name="Vacation rejected" sourceRef="requestApprovedDecision" targetRef="adjustVacationRequest">
         <conditionExpression xsi:type="tFormalExpression"><![CDATA[${vacationApproved == 'false'}]]></conditionExpression>
      </sequenceFlow>
      <userTask id="adjustVacationRequest" name="Adjust vacation request" activiti:candidateUsers="${employeeName}">
         <documentation>Your manager has disapproved your vacation request for ${numberOfDays} days.
            Reason:
            ${managerMotivation}
         </documentation>
         <extensionElements>
            <activiti:formProperty id="numberOfDays" name="Number of days" type="long" required="true"></activiti:formProperty>
            <activiti:formProperty id="startDate" name="First day of holiday (dd-MM-yyy)" type="date"
               datePattern="dd-MM-yyyy hh:mm" required="true"></activiti:formProperty>
            <activiti:formProperty id="vacationMotivation" name="Motivation" type="string"></activiti:formProperty>
            <activiti:formProperty id="resendRequest" name="Resend vacation request to manager?"
               type="enum" required="true">
               <activiti:value id="true" name="Yes"></activiti:value>
               <activiti:value id="false" name="No"></activiti:value>
            </activiti:formProperty>
         </extensionElements>
      </userTask>
      <sequenceFlow id="flow6" sourceRef="adjustVacationRequest" targetRef="resendRequestDecision"></sequenceFlow>
      <exclusiveGateway id="resendRequestDecision" name="Resend request?"></exclusiveGateway>
      <sequenceFlow id="flow7" name="Vacation request updated" sourceRef="resendRequestDecision" targetRef="notifyVacationRequestUpdated">
         <conditionExpression xsi:type="tFormalExpression"><![CDATA[${resendRequest == 'true'}]]></conditionExpression>
      </sequenceFlow>
      <sequenceFlow id="flow8" name="Vacation request canceled" sourceRef="resendRequestDecision"
         targetRef="archiveVacationRequest">
         <conditionExpression xsi:type="tFormalExpression"><![CDATA[${resendRequest == 'false'}]]></conditionExpression>
      </sequenceFlow>
      <serviceTask id="notifyVacationRequestUpdated" name="Notify vacation request updated" implementation="##WebService"
         operationRef="vacationProcess:vacationRequestUpdated">
         <ioSpecification>
            <dataInput itemSubjectRef="vacationProcess:notifyVacationRequestUpdatedItem" id="dataInputOfNotifyVacationRequestUpdated" />
            <inputSet>
               <dataInputRefs>dataInputOfNotifyVacationRequestUpdated</dataInputRefs>
            </inputSet>
            <outputSet />
         </ioSpecification>
         <dataInputAssociation>
            <targetRef>dataInputOfNotifyVacationRequestUpdated</targetRef>
            <assignment>
               <from>${employeeName}</from>
               <to>${dataInputOfNotifyVacationRequestUpdated.enquirer}</to>
            </assignment>
            <assignment>
               <from>${numberOfDays}</from>
               <to>${dataInputOfNotifyVacationRequestUpdated.dayNumber}</to>
            </assignment>
            <assignment>
               <from>${startDate}</from>
               <to>${dataInputOfNotifyVacationRequestUpdated.startDate}</to>
            </assignment>
            <assignment>
               <from>${vacationMotivation}</from>
               <to>${dataInputOfNotifyVacationRequestUpdated.reason}</to>
            </assignment>
            <assignment>
               <from>${resendRequest}</from>
               <to>${dataInputOfNotifyVacationRequestUpdated.confirmed}</to>
            </assignment>
            <assignment>
               <from>${execution.processInstanceId}</from>
               <to>${dataInputOfNotifyVacationRequestUpdated.vacationRequestId}</to>
            </assignment>
         </dataInputAssociation>
      </serviceTask>
      <sequenceFlow id="flow11" sourceRef="notifyVacationRequestUpdated" targetRef="handleVacationRequest"></sequenceFlow>
      <serviceTask id="archiveVacationRequest" name="Archive vacation request" implementation="##WebService"
         operationRef="vacationProcess:archiveVacationRequestOp">
         <ioSpecification>
            <dataInput itemSubjectRef="vacationProcess:archiveVacationRequestItem" id="dataInputOfArchiveVacationRequest" />
            <inputSet>
               <dataInputRefs>dataInputOfArchiveVacationRequest</dataInputRefs>
            </inputSet>
            <outputSet />
         </ioSpecification>
         <dataInputAssociation>
            <targetRef>dataInputOfArchiveVacationRequest</targetRef>
            <assignment>
               <from>${employeeName}</from>
               <to>${dataInputOfArchiveVacationRequest.enquirer}</to>
            </assignment>
            <assignment>
               <from>${numberOfDays}</from>
               <to>${dataInputOfArchiveVacationRequest.dayNumber}</to>
            </assignment>
            <assignment>
               <from>${startDate}</from>
               <to>${dataInputOfArchiveVacationRequest.startDate}</to>
            </assignment>
            <assignment>
               <from>${vacationMotivation}</from>
               <to>${dataInputOfArchiveVacationRequest.reason}</to>
            </assignment>
            <assignment>
               <from>${employeeName}</from>
               <to>${dataInputOfArchiveVacationRequest.approvedBy}</to>
            </assignment>
            <assignment>
               <from>${execution.processInstanceId}</from>
               <to>${dataInputOfArchiveVacationRequest.vacationRequestId}</to>
            </assignment>
         </dataInputAssociation>
      </serviceTask>
      <serviceTask id="notifyVacationApproved" name="Notify vacation approved" implementation="##WebService"
         operationRef="vacationProcess:vacationRequestApprovedRequest">
         <ioSpecification>
            <dataInput itemSubjectRef="vacationProcess:notifyVacationRequestApprovedItem" id="dataInputOfNotifyVacationApproved" />
            <inputSet>
               <dataInputRefs>dataInputOfNotifyVacationApproved</dataInputRefs>
            </inputSet>
            <outputSet />
         </ioSpecification>
         <dataInputAssociation>
            <targetRef>dataInputOfNotifyVacationApproved</targetRef>
            <assignment>
               <from>${employeeName}</from>
               <to>${dataInputOfNotifyVacationApproved.enquirer}</to>
            </assignment>
            <assignment>
               <from>${numberOfDays}</from>
               <to>${dataInputOfNotifyVacationApproved.dayNumber}</to>
            </assignment>
            <assignment>
               <from>${startDate}</from>
               <to>${dataInputOfNotifyVacationApproved.startDate}</to>
            </assignment>
            <assignment>
               <from>${vacationMotivation}</from>
               <to>${dataInputOfNotifyVacationApproved.reason}</to>
            </assignment>
            <assignment>
               <from>${employeeName}</from>
               <to>${dataInputOfNotifyVacationApproved.approvedBy}</to>
            </assignment>
            <assignment>
               <from>${execution.processInstanceId}</from>
               <to>${dataInputOfNotifyVacationApproved.vacationRequestId}</to>
            </assignment>
         </dataInputAssociation>
      </serviceTask>
      <endEvent id="endevent1" name="End"></endEvent>
      <sequenceFlow id="flow14" sourceRef="archiveVacationRequest" targetRef="endevent1"></sequenceFlow>
      <sequenceFlow id="flow15" sourceRef="notifyVacationApproved" targetRef="archiveVacationRequest"></sequenceFlow>
      <sequenceFlow id="flow16" name="Vacation approved" sourceRef="requestApprovedDecision" targetRef="notifyVacationApproved">
         <conditionExpression xsi:type="tFormalExpression"><![CDATA[${vacationApproved == 'true'}]]></conditionExpression>
      </sequenceFlow>
   </process>

   <interface name="Archiving Service" implementationRef="archiveService:archive">
      <operation id="archiveVacationRequestOp" name="Archive vacation request operation" implementationRef="archiveService:archiveVacationRequest">
         <inMessageRef>vacationProcess:archiveVacationRequestMessage</inMessageRef>
      </operation>
   </interface>
   <interface name="Vacation notification Service" implementationRef="notifyService:notifyVacation">
      <operation id="newVacationRequestOp" name="Notify a new vacation request" implementationRef="notifyService:newVacationRequest">
         <inMessageRef>vacationProcess:notifyNewVacationRequestMessage</inMessageRef>
      </operation>
      <operation id="vacationRequestApprovedRequest" name="Notify a vacation request approval" implementationRef="notifyService:vacationRequestApproved">
         <inMessageRef>vacationProcess:notifyVacationRequestApprovedMessage</inMessageRef>
      </operation>
      <operation id="vacationRequestUpdated" name="Notify a new vacation request" implementationRef="notifyService:vacationRequestUpdated">
         <inMessageRef>vacationProcess:notifyVacationRequestUpdatedMessage</inMessageRef>
      </operation>
   </interface>

   <message id="archiveVacationRequestMessage" itemRef="vacationProcess:archiveVacationRequestItem" />
   <message id="notifyNewVacationRequestMessage" itemRef="vacationProcess:notifyNewVacationRequestItem" />
   <message id="notifyVacationRequestApprovedMessage" itemRef="vacationProcess:notifyVacationRequestApprovedItem" />
   <message id="notifyVacationRequestUpdatedMessage" itemRef="vacationProcess:notifyVacationRequestUpdatedItem" />

   <itemDefinition id="archiveVacationRequestItem" structureRef="archiveService:archiveVacationRequest" />
   <itemDefinition id="notifyNewVacationRequestItem" structureRef="notifyService:newVacationRequest" />
   <itemDefinition id="notifyVacationRequestApprovedItem" structureRef="notifyService:vacationRequestApproved" />
   <itemDefinition id="notifyVacationRequestUpdatedItem" structureRef="notifyService:vacationRequestUpdated" />
  
   <!-- ===================================
            BPMN Diagram
        =================================== -->
   <bpmndi:BPMNDiagram id="BPMNDiagram_vacationRequest">
      <bpmndi:BPMNPlane bpmnElement="vacationRequest" id="BPMNPlane_vacationRequest">
         <bpmndi:BPMNShape bpmnElement="start" id="BPMNShape_start">
            <omgdc:Bounds height="35.0" width="35.0" x="10.0" y="223.0"></omgdc:Bounds>
         </bpmndi:BPMNShape>
         <bpmndi:BPMNShape bpmnElement="notifyNewVacationRequest" id="BPMNShape_notifyNewVacationRequest">
            <omgdc:Bounds height="81.0" width="105.0" x="140.0" y="200.0"></omgdc:Bounds>
         </bpmndi:BPMNShape>
         <bpmndi:BPMNShape bpmnElement="handleVacationRequest" id="BPMNShape_handleVacationRequest">
            <omgdc:Bounds height="60.0" width="100.0" x="350.0" y="211.0"></omgdc:Bounds>
         </bpmndi:BPMNShape>
         <bpmndi:BPMNShape bpmnElement="requestApprovedDecision" id="BPMNShape_requestApprovedDecision">
            <omgdc:Bounds height="40.0" width="40.0" x="482.0" y="220.0"></omgdc:Bounds>
         </bpmndi:BPMNShape>
         <bpmndi:BPMNShape bpmnElement="adjustVacationRequest" id="BPMNShape_adjustVacationRequest">
            <omgdc:Bounds height="60.0" width="100.0" x="640.0" y="327.0"></omgdc:Bounds>
         </bpmndi:BPMNShape>
         <bpmndi:BPMNShape bpmnElement="resendRequestDecision" id="BPMNShape_resendRequestDecision">
            <omgdc:Bounds height="40.0" width="40.0" x="770.0" y="336.0"></omgdc:Bounds>
         </bpmndi:BPMNShape>
         <bpmndi:BPMNShape bpmnElement="notifyVacationRequestUpdated" id="BPMNShape_notifyVacationRequestUpdated">
            <omgdc:Bounds height="61.0" width="105.0" x="530.0" y="460.0"></omgdc:Bounds>
         </bpmndi:BPMNShape>
         <bpmndi:BPMNShape bpmnElement="archiveVacationRequest" id="BPMNShape_archiveVacationRequest">
            <omgdc:Bounds height="64.0" width="105.0" x="950.0" y="325.0"></omgdc:Bounds>
         </bpmndi:BPMNShape>
         <bpmndi:BPMNShape bpmnElement="notifyVacationApproved" id="BPMNShape_notifyVacationApproved">
            <omgdc:Bounds height="60.0" width="105.0" x="640.0" y="101.0"></omgdc:Bounds>
         </bpmndi:BPMNShape>
         <bpmndi:BPMNShape bpmnElement="endevent1" id="BPMNShape_endevent1">
            <omgdc:Bounds height="35.0" width="35.0" x="1160.0" y="339.0"></omgdc:Bounds>
         </bpmndi:BPMNShape>
         <bpmndi:BPMNEdge bpmnElement="flow9" id="BPMNEdge_flow9">
            <omgdi:waypoint x="45.0" y="240.0"></omgdi:waypoint>
            <omgdi:waypoint x="140.0" y="240.0"></omgdi:waypoint>
         </bpmndi:BPMNEdge>
         <bpmndi:BPMNEdge bpmnElement="flow10" id="BPMNEdge_flow10">
            <omgdi:waypoint x="245.0" y="240.0"></omgdi:waypoint>
            <omgdi:waypoint x="350.0" y="241.0"></omgdi:waypoint>
         </bpmndi:BPMNEdge>
         <bpmndi:BPMNEdge bpmnElement="flow2" id="BPMNEdge_flow2">
            <omgdi:waypoint x="450.0" y="241.0"></omgdi:waypoint>
            <omgdi:waypoint x="482.0" y="240.0"></omgdi:waypoint>
         </bpmndi:BPMNEdge>
         <bpmndi:BPMNEdge bpmnElement="flow5" id="BPMNEdge_flow5">
            <omgdi:waypoint x="502.0" y="260.0"></omgdi:waypoint>
            <omgdi:waypoint x="502.0" y="356.0"></omgdi:waypoint>
            <omgdi:waypoint x="602.0" y="356.0"></omgdi:waypoint>
            <omgdi:waypoint x="640.0" y="357.0"></omgdi:waypoint>
            <bpmndi:BPMNLabel>
               <omgdc:Bounds height="13.0" width="82.0" x="510.0" y="299.0"></omgdc:Bounds>
            </bpmndi:BPMNLabel>
         </bpmndi:BPMNEdge>
         <bpmndi:BPMNEdge bpmnElement="flow6" id="BPMNEdge_flow6">
            <omgdi:waypoint x="740.0" y="357.0"></omgdi:waypoint>
            <omgdi:waypoint x="752.0" y="357.0"></omgdi:waypoint>
            <omgdi:waypoint x="770.0" y="356.0"></omgdi:waypoint>
         </bpmndi:BPMNEdge>
         <bpmndi:BPMNEdge bpmnElement="flow7" id="BPMNEdge_flow7">
            <omgdi:waypoint x="790.0" y="376.0"></omgdi:waypoint>
            <omgdi:waypoint x="789.0" y="490.0"></omgdi:waypoint>
            <omgdi:waypoint x="635.0" y="490.0"></omgdi:waypoint>
            <bpmndi:BPMNLabel>
               <omgdc:Bounds height="39.0" width="100.0" x="703.0" y="448.0"></omgdc:Bounds>
            </bpmndi:BPMNLabel>
         </bpmndi:BPMNEdge>
         <bpmndi:BPMNEdge bpmnElement="flow8" id="BPMNEdge_flow8">
            <omgdi:waypoint x="810.0" y="356.0"></omgdi:waypoint>
            <omgdi:waypoint x="950.0" y="357.0"></omgdi:waypoint>
            <bpmndi:BPMNLabel>
               <omgdc:Bounds height="39.0" width="100.0" x="820.0" y="356.0"></omgdc:Bounds>
            </bpmndi:BPMNLabel>
         </bpmndi:BPMNEdge>
         <bpmndi:BPMNEdge bpmnElement="flow11" id="BPMNEdge_flow11">
            <omgdi:waypoint x="530.0" y="490.0"></omgdi:waypoint>
            <omgdi:waypoint x="399.0" y="490.0"></omgdi:waypoint>
            <omgdi:waypoint x="400.0" y="271.0"></omgdi:waypoint>
         </bpmndi:BPMNEdge>
         <bpmndi:BPMNEdge bpmnElement="flow14" id="BPMNEdge_flow14">
            <omgdi:waypoint x="1055.0" y="357.0"></omgdi:waypoint>
            <omgdi:waypoint x="1160.0" y="356.0"></omgdi:waypoint>
         </bpmndi:BPMNEdge>
         <bpmndi:BPMNEdge bpmnElement="flow15" id="BPMNEdge_flow15">
            <omgdi:waypoint x="745.0" y="131.0"></omgdi:waypoint>
            <omgdi:waypoint x="1002.0" y="131.0"></omgdi:waypoint>
            <omgdi:waypoint x="1002.0" y="325.0"></omgdi:waypoint>
         </bpmndi:BPMNEdge>
         <bpmndi:BPMNEdge bpmnElement="flow16" id="BPMNEdge_flow16">
            <omgdi:waypoint x="502.0" y="220.0"></omgdi:waypoint>
            <omgdi:waypoint x="502.0" y="131.0"></omgdi:waypoint>
            <omgdi:waypoint x="640.0" y="131.0"></omgdi:waypoint>
            <bpmndi:BPMNLabel>
               <omgdc:Bounds height="13.0" width="100.0" x="510.0" y="171.0"></omgdc:Bounds>
            </bpmndi:BPMNLabel>
         </bpmndi:BPMNEdge>
      </bpmndi:BPMNPlane>
   </bpmndi:BPMNDiagram>
</definitions>