<?xml version="1.0" encoding="UTF-8"?>
<definitions xmlns="http://www.omg.org/spec/BPMN/20100524/MODEL" xmlns:xsi="http://www.w3.org/2001/XMLSchema-instance" xmlns:xsd="http://www.w3.org/2001/XMLSchema" xmlns:activiti="http://activiti.org/bpmn" xmlns:bpmndi="http://www.omg.org/spec/BPMN/20100524/DI" xmlns:omgdc="http://www.omg.org/spec/DD/20100524/DC" xmlns:omgdi="http://www.omg.org/spec/DD/20100524/DI" typeLanguage="http://www.w3.org/2001/XMLSchema" expressionLanguage="http://www.w3.org/1999/XPath" targetNamespace="http://www.activiti.org/test">
  <process id="leaveRequest" name="Leave Request" isExecutable="true">
    <startEvent id="startRequest" name="New Leave Request" activiti:initiator="employeeID" activiti:formKey="static/startLeaveApplicationForm.html">
      <documentation>New Leave Application Request Start</documentation>
      <extensionElements>
        <activiti:formProperty id="xmlStringForm" name="XML Form as String" type="string" required="true"></activiti:formProperty>
      </extensionElements>
    </startEvent>
    <userTask id="handleLeaveRequest1" name="Handle Request" activiti:candidateGroups="manager1" activiti:formKey="static/handleRequest1LeaveApplicationForm.html">
      <documentation>Handle Leave Request (First line Support) User task</documentation>
      <extensionElements>
        <activiti:formProperty id="xmlStringForm1" name="XML Form as String" type="string" required="true"></activiti:formProperty>
        <activiti:formProperty id="leaveApproved" name="Leave Approved?" type="enum" required="true">
          <activiti:value id="true" name="Approve"></activiti:value>
          <activiti:value id="false" name="Reject"></activiti:value>
        </activiti:formProperty>
      </extensionElements>
    </userTask>
    <boundaryEvent id="escalationTimer" name="Timer for 3 Days" attachedToRef="handleLeaveRequest1" cancelActivity="true">
      <documentation>Timer Boundary Event</documentation>
      <timerEventDefinition>
        <timeDuration>P3D</timeDuration>
      </timerEventDefinition>
    </boundaryEvent>
    <sequenceFlow id="flow1" name="To Manager 1" sourceRef="startRequest" targetRef="handleLeaveRequest1"></sequenceFlow>
    <exclusiveGateway id="leaveApprovedDecision1" name="Approved?">
      <documentation>Exclusive Gateway to decide if the leave is accepted or rejected</documentation>
    </exclusiveGateway>
    <serviceTask id="sendApprovalMail1" name="Send confirmation mail" activiti:type="mail">
      <documentation>Leave Confirmation Mail Task</documentation>
      <extensionElements>
        <activiti:field name="to">
          <activiti:string><![CDATA[tanvi@silvereye.co]]></activiti:string>
        </activiti:field>
        <activiti:field name="from">
          <activiti:string><![CDATA[tanushri17@gmail.com]]></activiti:string>
        </activiti:field>
        <activiti:field name="subject">
          <activiti:string><![CDATA[Leave Approved]]></activiti:string>
        </activiti:field>
        <activiti:field name="charset">
          <activiti:string><![CDATA[UTF-8]]></activiti:string>
        </activiti:field>
        <activiti:field name="html">
          <activiti:string><![CDATA[Hello,
 your leave application has been accepted.
 
Best regards]]></activiti:string>
        </activiti:field>
      </extensionElements>
    </serviceTask>
    <userTask id="adjustLeaveRequest" name="Adjust Leave" activiti:assignee="${employeeID}" activiti:formKey="static/readjustLeaveApplicationForm.html">
      <documentation>Adjust Leave Request UserTask</documentation>
      <extensionElements>
        <activiti:formProperty id="xmlStringForm2" name="XML Form as String" type="string" required="true"></activiti:formProperty>
        <activiti:formProperty id="resendRequest" name="Resend vacation request to manager?" type="enum" required="true">
          <activiti:value id="true" name="Yes"></activiti:value>
          <activiti:value id="false" name="No"></activiti:value>
        </activiti:formProperty>
      </extensionElements>
    </userTask>
    <sequenceFlow id="flow2" name="Approved?" sourceRef="handleLeaveRequest1" targetRef="leaveApprovedDecision1"></sequenceFlow>
    <sequenceFlow id="flow3" name="Yes" sourceRef="leaveApprovedDecision1" targetRef="sendApprovalMail1">
      <conditionExpression xsi:type="tFormalExpression"><![CDATA[${leaveApproved == 'true'}]]></conditionExpression>
    </sequenceFlow>
    <sequenceFlow id="flow5" name="No" sourceRef="leaveApprovedDecision1" targetRef="adjustLeaveRequest">
      <conditionExpression xsi:type="tFormalExpression"><![CDATA[${leaveApproved == 'false'}]]></conditionExpression>
    </sequenceFlow>
    <endEvent id="theEnd1" name="End 1">
      <documentation>End Event 1</documentation>
    </endEvent>
    <sequenceFlow id="flow4" name="End" sourceRef="sendApprovalMail1" targetRef="theEnd1"></sequenceFlow>
    <endEvent id="theEnd2" name="End 2">
      <documentation>End Event 2</documentation>
    </endEvent>
    <exclusiveGateway id="resendRequestDecision" name="Resend?">
      <documentation>Resend Request Exclusive Gateway</documentation>
    </exclusiveGateway>
    <sequenceFlow id="flow6" name="Resend Request?" sourceRef="adjustLeaveRequest" targetRef="resendRequestDecision"></sequenceFlow>
    <sequenceFlow id="flow7" name="No" sourceRef="resendRequestDecision" targetRef="theEnd2">
      <conditionExpression xsi:type="tFormalExpression"><![CDATA[${resendRequest == 'false'}]]></conditionExpression>
    </sequenceFlow>
    <sequenceFlow id="flow8" name="Yes" sourceRef="resendRequestDecision" targetRef="handleLeaveRequest1">
      <conditionExpression xsi:type="tFormalExpression"><![CDATA[${resendRequest == 'true'}]]></conditionExpression>
    </sequenceFlow>
    <userTask id="handleLeaveRequest2" name="Handle Request" activiti:candidateGroups="manager2" activiti:formKey="static/handleRequest1LeaveApplicationForm.html">
      <documentation>Handle Leave Request (Second line Support) User task</documentation>
      <extensionElements>
        <activiti:formProperty id="xmlStringForm1" name="XML Form as String" type="string" required="true"></activiti:formProperty>
      </extensionElements>
    </userTask>
    <sequenceFlow id="flow9" name="To Manager 2 (if not handled by Manager 1 for 3 mins)" sourceRef="escalationTimer" targetRef="handleLeaveRequest2"></sequenceFlow>
    <sequenceFlow id="flow10" name="Approved?" sourceRef="handleLeaveRequest2" targetRef="leaveApprovedDecision1"></sequenceFlow>
  </process>
  <bpmndi:BPMNDiagram id="BPMNDiagram_leaveRequest">
    <bpmndi:BPMNPlane bpmnElement="leaveRequest" id="BPMNPlane_leaveRequest">
      <bpmndi:BPMNShape bpmnElement="startRequest" id="BPMNShape_startRequest">
        <omgdc:Bounds height="35.0" width="35.0" x="90.0" y="221.0"></omgdc:Bounds>
      </bpmndi:BPMNShape>
      <bpmndi:BPMNShape bpmnElement="handleLeaveRequest1" id="BPMNShape_handleLeaveRequest1">
        <omgdc:Bounds height="55.0" width="105.0" x="210.0" y="211.0"></omgdc:Bounds>
      </bpmndi:BPMNShape>
      <bpmndi:BPMNShape bpmnElement="escalationTimer" id="BPMNShape_escalationTimer">
        <omgdc:Bounds height="30.0" width="30.0" x="250.0" y="191.0"></omgdc:Bounds>
      </bpmndi:BPMNShape>
      <bpmndi:BPMNShape bpmnElement="leaveApprovedDecision1" id="BPMNShape_leaveApprovedDecision1">
        <omgdc:Bounds height="40.0" width="40.0" x="420.0" y="216.0"></omgdc:Bounds>
      </bpmndi:BPMNShape>
      <bpmndi:BPMNShape bpmnElement="sendApprovalMail1" id="BPMNShape_sendApprovalMail1">
        <omgdc:Bounds height="71.0" width="105.0" x="550.0" y="201.0"></omgdc:Bounds>
      </bpmndi:BPMNShape>
      <bpmndi:BPMNShape bpmnElement="adjustLeaveRequest" id="BPMNShape_adjustLeaveRequest">
        <omgdc:Bounds height="55.0" width="105.0" x="550.0" y="284.0"></omgdc:Bounds>
      </bpmndi:BPMNShape>
      <bpmndi:BPMNShape bpmnElement="theEnd1" id="BPMNShape_theEnd1">
        <omgdc:Bounds height="35.0" width="35.0" x="730.0" y="219.0"></omgdc:Bounds>
      </bpmndi:BPMNShape>
      <bpmndi:BPMNShape bpmnElement="theEnd2" id="BPMNShape_theEnd2">
        <omgdc:Bounds height="35.0" width="35.0" x="730.0" y="378.0"></omgdc:Bounds>
      </bpmndi:BPMNShape>
      <bpmndi:BPMNShape bpmnElement="resendRequestDecision" id="BPMNShape_resendRequestDecision">
        <omgdc:Bounds height="40.0" width="40.0" x="587.0" y="378.0"></omgdc:Bounds>
      </bpmndi:BPMNShape>
      <bpmndi:BPMNShape bpmnElement="handleLeaveRequest2" id="BPMNShape_handleLeaveRequest2">
        <omgdc:Bounds height="55.0" width="105.0" x="210.0" y="70.0"></omgdc:Bounds>
      </bpmndi:BPMNShape>
      <bpmndi:BPMNEdge bpmnElement="flow1" id="BPMNEdge_flow1">
        <omgdi:waypoint x="125.0" y="238.0"></omgdi:waypoint>
        <omgdi:waypoint x="210.0" y="238.0"></omgdi:waypoint>
        <bpmndi:BPMNLabel>
          <omgdc:Bounds height="14.0" width="66.0" x="119.0" y="243.0"></omgdc:Bounds>
        </bpmndi:BPMNLabel>
      </bpmndi:BPMNEdge>
      <bpmndi:BPMNEdge bpmnElement="flow2" id="BPMNEdge_flow2">
        <omgdi:waypoint x="315.0" y="238.0"></omgdi:waypoint>
        <omgdi:waypoint x="420.0" y="236.0"></omgdi:waypoint>
        <bpmndi:BPMNLabel>
          <omgdc:Bounds height="14.0" width="54.0" x="303.0" y="244.0"></omgdc:Bounds>
        </bpmndi:BPMNLabel>
      </bpmndi:BPMNEdge>
      <bpmndi:BPMNEdge bpmnElement="flow3" id="BPMNEdge_flow3">
        <omgdi:waypoint x="460.0" y="236.0"></omgdi:waypoint>
        <omgdi:waypoint x="550.0" y="236.0"></omgdi:waypoint>
        <bpmndi:BPMNLabel>
          <omgdc:Bounds height="14.0" width="20.0" x="470.0" y="236.0"></omgdc:Bounds>
        </bpmndi:BPMNLabel>
      </bpmndi:BPMNEdge>
      <bpmndi:BPMNEdge bpmnElement="flow5" id="BPMNEdge_flow5">
        <omgdi:waypoint x="440.0" y="256.0"></omgdi:waypoint>
        <omgdi:waypoint x="439.0" y="282.0"></omgdi:waypoint>
        <omgdi:waypoint x="439.0" y="311.0"></omgdi:waypoint>
        <omgdi:waypoint x="550.0" y="311.0"></omgdi:waypoint>
        <bpmndi:BPMNLabel>
          <omgdc:Bounds height="14.0" width="13.0" x="451.0" y="264.0"></omgdc:Bounds>
        </bpmndi:BPMNLabel>
      </bpmndi:BPMNEdge>
      <bpmndi:BPMNEdge bpmnElement="flow4" id="BPMNEdge_flow4">
        <omgdi:waypoint x="655.0" y="236.0"></omgdi:waypoint>
        <omgdi:waypoint x="730.0" y="236.0"></omgdi:waypoint>
        <bpmndi:BPMNLabel>
          <omgdc:Bounds height="14.0" width="18.0" x="679.0" y="236.0"></omgdc:Bounds>
        </bpmndi:BPMNLabel>
      </bpmndi:BPMNEdge>
      <bpmndi:BPMNEdge bpmnElement="flow6" id="BPMNEdge_flow6">
        <omgdi:waypoint x="602.0" y="339.0"></omgdi:waypoint>
        <omgdi:waypoint x="607.0" y="378.0"></omgdi:waypoint>
        <bpmndi:BPMNLabel>
          <omgdc:Bounds height="14.0" width="86.0" x="610.0" y="344.0"></omgdc:Bounds>
        </bpmndi:BPMNLabel>
      </bpmndi:BPMNEdge>
      <bpmndi:BPMNEdge bpmnElement="flow7" id="BPMNEdge_flow7">
        <omgdi:waypoint x="627.0" y="398.0"></omgdi:waypoint>
        <omgdi:waypoint x="730.0" y="395.0"></omgdi:waypoint>
        <bpmndi:BPMNLabel>
          <omgdc:Bounds height="14.0" width="13.0" x="637.0" y="398.0"></omgdc:Bounds>
        </bpmndi:BPMNLabel>
      </bpmndi:BPMNEdge>
      <bpmndi:BPMNEdge bpmnElement="flow8" id="BPMNEdge_flow8">
        <omgdi:waypoint x="587.0" y="398.0"></omgdi:waypoint>
        <omgdi:waypoint x="262.0" y="397.0"></omgdi:waypoint>
        <omgdi:waypoint x="262.0" y="266.0"></omgdi:waypoint>
        <bpmndi:BPMNLabel>
          <omgdc:Bounds height="14.0" width="20.0" x="559.0" y="398.0"></omgdc:Bounds>
        </bpmndi:BPMNLabel>
      </bpmndi:BPMNEdge>
      <bpmndi:BPMNEdge bpmnElement="flow9" id="BPMNEdge_flow9">
        <omgdi:waypoint x="265.0" y="191.0"></omgdi:waypoint>
        <omgdi:waypoint x="262.0" y="125.0"></omgdi:waypoint>
        <bpmndi:BPMNLabel>
          <omgdc:Bounds height="56.0" width="100.0" x="281.0" y="-99.0"></omgdc:Bounds>
        </bpmndi:BPMNLabel>
      </bpmndi:BPMNEdge>
      <bpmndi:BPMNEdge bpmnElement="flow10" id="BPMNEdge_flow10">
        <omgdi:waypoint x="315.0" y="97.0"></omgdi:waypoint>
        <omgdi:waypoint x="439.0" y="97.0"></omgdi:waypoint>
        <omgdi:waypoint x="440.0" y="216.0"></omgdi:waypoint>
        <bpmndi:BPMNLabel>
          <omgdc:Bounds height="14.0" width="54.0" x="449.0" y="124.0"></omgdc:Bounds>
        </bpmndi:BPMNLabel>
      </bpmndi:BPMNEdge>
    </bpmndi:BPMNPlane>
  </bpmndi:BPMNDiagram>
</definitions>