<?xml version="1.0" encoding="UTF-8"?>
<definitions xmlns="http://www.omg.org/spec/BPMN/20100524/MODEL" xmlns:xsi="http://www.w3.org/2001/XMLSchema-instance" xmlns:xsd="http://www.w3.org/2001/XMLSchema" xmlns:activiti="http://activiti.org/bpmn" xmlns:bpmndi="http://www.omg.org/spec/BPMN/20100524/DI" xmlns:omgdc="http://www.omg.org/spec/DD/20100524/DC" xmlns:omgdi="http://www.omg.org/spec/DD/20100524/DI" typeLanguage="http://www.w3.org/2001/XMLSchema" expressionLanguage="http://www.w3.org/1999/XPath" targetNamespace="http://www.activiti.org/test">
  <process id="testRequest" name="Test Request" isExecutable="true">
    <startEvent id="startTest" name="Start Test Process" activiti:initiator="employeeID" activiti:formKey="static/startTestApplicationForm.html">
      <documentation>nothing</documentation>
      <extensionElements>
        <activiti:formProperty id="xmlStringForm" name="Test Form" type="string" required="true"></activiti:formProperty>
      </extensionElements>
    </startEvent>
    <userTask id="usertask1" name="Handle Request" activiti:candidateGroups="manager1" activiti:formKey="static/handleTestApplicationForm.html">
      <documentation>no documentation</documentation>
      <extensionElements>
        <activiti:formProperty id="xmlStringForm1" name="xml Form Handle Request" type="string" required="true"></activiti:formProperty>
        <activiti:formProperty id="testApprove" name="Test Approval ?" type="enum" required="true">
          <activiti:value id="true" name="accept"></activiti:value>
          <activiti:value id="false" name="reject"></activiti:value>
        </activiti:formProperty>
      </extensionElements>
    </userTask>
    <sequenceFlow id="flow1" name="To manager 1" sourceRef="startTest" targetRef="usertask1"></sequenceFlow>
    <exclusiveGateway id="exclusivegateway1" name="Exclusive Gateway"></exclusiveGateway>
    <sequenceFlow id="flow2" name="go for approval" sourceRef="usertask1" targetRef="exclusivegateway1"></sequenceFlow>
    <userTask id="usertask2" name="adjust request" activiti:assignee="${employeeID}" activiti:formKey="static/readjustTestApplicationForm.html">
      <documentation>no documentation</documentation>
      <extensionElements>
        <activiti:formProperty id="xmlStringForm2" name="Adjust Test Process" type="string" required="true"></activiti:formProperty>
        <activiti:formProperty id="resendRequest" name="Resend Request To manager" type="enum" required="true">
          <activiti:value id="true" name="Yes"></activiti:value>
          <activiti:value id="false" name="No"></activiti:value>
        </activiti:formProperty>
      </extensionElements>
    </userTask>
    <sequenceFlow id="flow3" name="No" sourceRef="exclusivegateway1" targetRef="usertask2">
      <conditionExpression xsi:type="tFormalExpression"><![CDATA[${testApprove == 'false'}]]></conditionExpression>
    </sequenceFlow>
    <serviceTask id="mailtask1" name="Mail Task" activiti:type="mail">
      <documentation>do mail</documentation>
      <extensionElements>
        <activiti:field name="to">
          <activiti:string><![CDATA[rohit@silvereye.co]]></activiti:string>
        </activiti:field>
        <activiti:field name="from">
          <activiti:string><![CDATA[rohitiwari30oct@gmail.com]]></activiti:string>
        </activiti:field>
        <activiti:field name="html">
          <activiti:string><![CDATA[Hello,
 your leave application has been accepted.
 
Best regards]]></activiti:string>
        </activiti:field>
        <activiti:field name="charset">
          <activiti:string><![CDATA[UTF-8]]></activiti:string>
        </activiti:field>
      </extensionElements>
    </serviceTask>
    <sequenceFlow id="flow4" name="Yes" sourceRef="exclusivegateway1" targetRef="mailtask1">
      <conditionExpression xsi:type="tFormalExpression"><![CDATA[${testApprove == 'true'}]]></conditionExpression>
    </sequenceFlow>
    <exclusiveGateway id="exclusivegateway2" name="Exclusive Gateway"></exclusiveGateway>
    <sequenceFlow id="flow5" name="resend ?" sourceRef="usertask2" targetRef="exclusivegateway2"></sequenceFlow>
    <sequenceFlow id="flow7" name="yes" sourceRef="exclusivegateway2" targetRef="usertask1">
      <conditionExpression xsi:type="tFormalExpression"><![CDATA[${resendRequest == 'true'}]]></conditionExpression>
    </sequenceFlow>
    <endEvent id="endevent1" name="End"></endEvent>
    <endEvent id="endevent2" name="End"></endEvent>
    <sequenceFlow id="flow8" name="end" sourceRef="mailtask1" targetRef="endevent2"></sequenceFlow>
    <sequenceFlow id="flow9" name="no" sourceRef="exclusivegateway2" targetRef="endevent1">
      <conditionExpression xsi:type="tFormalExpression"><![CDATA[${resendRequest == 'false'}]]></conditionExpression>
    </sequenceFlow>
  </process>
  <bpmndi:BPMNDiagram id="BPMNDiagram_testRequest">
    <bpmndi:BPMNPlane bpmnElement="testRequest" id="BPMNPlane_testRequest">
      <bpmndi:BPMNShape bpmnElement="startTest" id="BPMNShape_startTest">
        <omgdc:Bounds height="35.0" width="35.0" x="80.0" y="240.0"></omgdc:Bounds>
      </bpmndi:BPMNShape>
      <bpmndi:BPMNShape bpmnElement="usertask1" id="BPMNShape_usertask1">
        <omgdc:Bounds height="55.0" width="105.0" x="200.0" y="230.0"></omgdc:Bounds>
      </bpmndi:BPMNShape>
      <bpmndi:BPMNShape bpmnElement="exclusivegateway1" id="BPMNShape_exclusivegateway1">
        <omgdc:Bounds height="40.0" width="40.0" x="389.0" y="160.0"></omgdc:Bounds>
      </bpmndi:BPMNShape>
      <bpmndi:BPMNShape bpmnElement="usertask2" id="BPMNShape_usertask2">
        <omgdc:Bounds height="55.0" width="105.0" x="480.0" y="253.0"></omgdc:Bounds>
      </bpmndi:BPMNShape>
      <bpmndi:BPMNShape bpmnElement="mailtask1" id="BPMNShape_mailtask1">
        <omgdc:Bounds height="55.0" width="105.0" x="260.0" y="70.0"></omgdc:Bounds>
      </bpmndi:BPMNShape>
      <bpmndi:BPMNShape bpmnElement="exclusivegateway2" id="BPMNShape_exclusivegateway2">
        <omgdc:Bounds height="40.0" width="40.0" x="364.0" y="321.0"></omgdc:Bounds>
      </bpmndi:BPMNShape>
      <bpmndi:BPMNShape bpmnElement="endevent1" id="BPMNShape_endevent1">
        <omgdc:Bounds height="35.0" width="35.0" x="480.0" y="384.0"></omgdc:Bounds>
      </bpmndi:BPMNShape>
      <bpmndi:BPMNShape bpmnElement="endevent2" id="BPMNShape_endevent2">
        <omgdc:Bounds height="35.0" width="35.0" x="120.0" y="80.0"></omgdc:Bounds>
      </bpmndi:BPMNShape>
      <bpmndi:BPMNEdge bpmnElement="flow1" id="BPMNEdge_flow1">
        <omgdi:waypoint x="115.0" y="257.0"></omgdi:waypoint>
        <omgdi:waypoint x="200.0" y="257.0"></omgdi:waypoint>
        <bpmndi:BPMNLabel>
          <omgdc:Bounds height="14.0" width="66.0" x="125.0" y="257.0"></omgdc:Bounds>
        </bpmndi:BPMNLabel>
      </bpmndi:BPMNEdge>
      <bpmndi:BPMNEdge bpmnElement="flow2" id="BPMNEdge_flow2">
        <omgdi:waypoint x="252.0" y="230.0"></omgdi:waypoint>
        <omgdi:waypoint x="409.0" y="200.0"></omgdi:waypoint>
        <bpmndi:BPMNLabel>
          <omgdc:Bounds height="14.0" width="74.0" x="262.0" y="230.0"></omgdc:Bounds>
        </bpmndi:BPMNLabel>
      </bpmndi:BPMNEdge>
      <bpmndi:BPMNEdge bpmnElement="flow3" id="BPMNEdge_flow3">
        <omgdi:waypoint x="409.0" y="200.0"></omgdi:waypoint>
        <omgdi:waypoint x="532.0" y="253.0"></omgdi:waypoint>
        <bpmndi:BPMNLabel>
          <omgdc:Bounds height="14.0" width="100.0" x="419.0" y="200.0"></omgdc:Bounds>
        </bpmndi:BPMNLabel>
      </bpmndi:BPMNEdge>
      <bpmndi:BPMNEdge bpmnElement="flow4" id="BPMNEdge_flow4">
        <omgdi:waypoint x="409.0" y="160.0"></omgdi:waypoint>
        <omgdi:waypoint x="312.0" y="125.0"></omgdi:waypoint>
        <bpmndi:BPMNLabel>
          <omgdc:Bounds height="14.0" width="20.0" x="390.0" y="111.0"></omgdc:Bounds>
        </bpmndi:BPMNLabel>
      </bpmndi:BPMNEdge>
      <bpmndi:BPMNEdge bpmnElement="flow5" id="BPMNEdge_flow5">
        <omgdi:waypoint x="532.0" y="308.0"></omgdi:waypoint>
        <omgdi:waypoint x="384.0" y="321.0"></omgdi:waypoint>
        <bpmndi:BPMNLabel>
          <omgdc:Bounds height="14.0" width="43.0" x="542.0" y="308.0"></omgdc:Bounds>
        </bpmndi:BPMNLabel>
      </bpmndi:BPMNEdge>
      <bpmndi:BPMNEdge bpmnElement="flow7" id="BPMNEdge_flow7">
        <omgdi:waypoint x="384.0" y="321.0"></omgdi:waypoint>
        <omgdi:waypoint x="252.0" y="285.0"></omgdi:waypoint>
        <bpmndi:BPMNLabel>
          <omgdc:Bounds height="14.0" width="100.0" x="325.0" y="295.0"></omgdc:Bounds>
        </bpmndi:BPMNLabel>
      </bpmndi:BPMNEdge>
      <bpmndi:BPMNEdge bpmnElement="flow8" id="BPMNEdge_flow8">
        <omgdi:waypoint x="260.0" y="97.0"></omgdi:waypoint>
        <omgdi:waypoint x="155.0" y="97.0"></omgdi:waypoint>
        <bpmndi:BPMNLabel>
          <omgdc:Bounds height="14.0" width="18.0" x="191.0" y="105.0"></omgdc:Bounds>
        </bpmndi:BPMNLabel>
      </bpmndi:BPMNEdge>
      <bpmndi:BPMNEdge bpmnElement="flow9" id="BPMNEdge_flow9">
        <omgdi:waypoint x="384.0" y="361.0"></omgdi:waypoint>
        <omgdi:waypoint x="384.0" y="401.0"></omgdi:waypoint>
        <omgdi:waypoint x="480.0" y="401.0"></omgdi:waypoint>
        <bpmndi:BPMNLabel>
          <omgdc:Bounds height="14.0" width="100.0" x="394.0" y="361.0"></omgdc:Bounds>
        </bpmndi:BPMNLabel>
      </bpmndi:BPMNEdge>
    </bpmndi:BPMNPlane>
  </bpmndi:BPMNDiagram>
</definitions>