<?xml version="1.0" encoding="UTF-8"?>

<!--
  ~ Copyright 2018 Alfresco, Inc. and/or its affiliates.
  ~
  ~ Licensed under the Apache License, Version 2.0 (the "License");
  ~ you may not use this file except in compliance with the License.
  ~ You may obtain a copy of the License at
  ~
  ~       http://www.apache.org/licenses/LICENSE-2.0
  ~
  ~ Unless required by applicable law or agreed to in writing, software
  ~ distributed under the License is distributed on an "AS IS" BASIS,
  ~ WITHOUT WARRANTIES OR CONDITIONS OF ANY KIND, either express or implied.
  ~ See the License for the specific language governing permissions and
  ~ limitations under the License.
  -->

<definitions xmlns="http://www.omg.org/spec/BPMN/20100524/MODEL" xmlns:xsi="http://www.w3.org/2001/XMLSchema-instance"
             typeLanguage="http://www.w3.org/2001/XMLSchema" expressionLanguage="http://www.w3.org/1999/XPath"
             targetNamespace="http://www.activiti.org/processdef"
             xmlns:activiti="http://activiti.org/bpmn">

  <process id="tweet-prize" name="tweet-prize">


    <startEvent id="start"/>
    <sequenceFlow id="flow1" sourceRef="start" targetRef="serviceTaskRank"/>

    <serviceTask id="serviceTaskRank" name="Get Ranking for Authors" implementation="Get Top Authors Ranked"/>

    <sequenceFlow id="flow2" sourceRef="serviceTaskRank" targetRef="serviceTaskCreateReward"/>


    <serviceTask id="serviceTaskCreateReward" name="Create Rewards" implementation="CreateRewardToWinners">
    </serviceTask>

    <sequenceFlow id="flow3" sourceRef="serviceTaskCreateReward" targetRef="serviceTaskTweetRewards"/>

    <serviceTask id="serviceTaskTweetRewards" name="Tweet to Winners" implementation="TweetRewards">
    </serviceTask>

    <sequenceFlow id="flow4" sourceRef="serviceTaskTweetRewards" targetRef="end"/>

    <endEvent name="Tweet Ranks were published" id="end"/>



  </process>

</definitions>