<?xml version="1.0" encoding="UTF-8"?>
<definitions id="vacationRequest"
	xmlns:xsi="http://www.w3.org/2001/XMLSchema-instance"
	xsi:schemaLocation="http://schema.omg.org/spec/BPMN/2.0 ../../../../../../../../../../bpmn/src/main/resources/BPMN20.xsd"
	xmlns="http://schema.omg.org/spec/BPMN/2.0" typeLanguage="http://www.w3.org/2001/XMLSchema"
	expressionLanguage="http://www.w3.org/1999/XPath" targetNamespace="http://jbpm.org/example/bpmn2/conditional_sequence_flow"
	xmlns:jbpm="http://jbpm.org/bpmn2">

	<process id="conditionalSequenceFlow">

		<startEvent id="start" />

		<sequenceFlow id="flow1" sourceRef="start" targetRef="task1" />

		<userTask id="task1" default="flow4" name="First task" />

	  <sequenceFlow id='flow2' sourceRef='task1' targetRef='task2' >" +
      <conditionExpression xsi:type='tFormalExpression'>${var &gt; 10}</conditionExpression>
    </sequenceFlow>
    
    <sequenceFlow id='flow3' sourceRef='task1' targetRef='task3' >" +
      <conditionExpression xsi:type='tFormalExpression'>${var &gt; 100}</conditionExpression>
    </sequenceFlow>
    
    <sequenceFlow id="flow4" sourceRef="task1" targetRef="task4" />
    
    <userTask id="task2" name="Second task" />
    
    <sequenceFlow id="flow5" sourceRef="task2" targetRef="theEnd" />
    
    <userTask id="task3" name="Third task" />
    
    <sequenceFlow id="flow5" sourceRef="task2" targetRef="theEnd" />
    
    <userTask id="task4" name="Fourth task" />
    
    <sequenceFlow id="flow5" sourceRef="task2" targetRef="theEnd" />

		<endEvent id="theEnd" name="End" />


	</process>
</definitions>
