<?xml version="1.0" encoding="UTF-8"?>
<definitions xmlns="http://www.omg.org/spec/BPMN/20100524/MODEL" xmlns:xsi="http://www.w3.org/2001/XMLSchema-instance" xmlns:activiti="http://activiti.org/bpmn" xmlns:bpmndi="http://www.omg.org/spec/BPMN/20100524/DI" xmlns:omgdc="http://www.omg.org/spec/DD/20100524/DC" xmlns:omgdi="http://www.omg.org/spec/DD/20100524/DI" typeLanguage="http://www.w3.org/2001/XMLSchema" expressionLanguage="http://www.w3.org/1999/XPath" targetNamespace="http://www.activiti.org/test">
  <process id="baojiash" name="报价表审核" isExecutable="true">
    <startEvent id="startevent1" name="Start"></startEvent>
    <userTask id="saleGenOffer " name="提交报价表"></userTask>
    <userTask id="managerApprovalOffer" name="审批报价表"></userTask>
    <userTask id="saleGenContract" name="生成合同"></userTask>
    <endEvent id="endevent1" name="End"></endEvent>
    <sequenceFlow id="flow1" name="to User Task" sourceRef="startevent1" targetRef="saleGenOffer "></sequenceFlow>
    <sequenceFlow id="flow2" name="to User Task" sourceRef="saleGenOffer " targetRef="managerApprovalOffer"></sequenceFlow>
    <sequenceFlow id="flow3" name="to User Task" sourceRef="managerApprovalOffer" targetRef="saleGenContract"></sequenceFlow>
    <sequenceFlow id="flow4" sourceRef="saleGenContract" targetRef="endevent1"></sequenceFlow>
  </process>
  <bpmndi:BPMNDiagram id="BPMNDiagram_baojiash">
    <bpmndi:BPMNPlane bpmnElement="baojiash" id="BPMNPlane_baojiash">
      <bpmndi:BPMNShape bpmnElement="startevent1" id="BPMNShape_startevent1">
        <omgdc:Bounds height="35.0" width="35.0" x="70.0" y="140.0"></omgdc:Bounds>
      </bpmndi:BPMNShape>
      <bpmndi:BPMNShape bpmnElement="endevent1" id="BPMNShape_endevent1">
        <omgdc:Bounds height="35.0" width="35.0" x="580.0" y="140.0"></omgdc:Bounds>
      </bpmndi:BPMNShape>
      <bpmndi:BPMNShape bpmnElement="saleGenOffer " id="BPMNShape_saleGenOffer ">
        <omgdc:Bounds height="55.0" width="105.0" x="140.0" y="130.0"></omgdc:Bounds>
      </bpmndi:BPMNShape>
      <bpmndi:BPMNShape bpmnElement="managerApprovalOffer" id="BPMNShape_managerApprovalOffer">
        <omgdc:Bounds height="55.0" width="105.0" x="280.0" y="130.0"></omgdc:Bounds>
      </bpmndi:BPMNShape>
      <bpmndi:BPMNShape bpmnElement="saleGenContract" id="BPMNShape_saleGenContract">
        <omgdc:Bounds height="55.0" width="105.0" x="420.0" y="130.0"></omgdc:Bounds>
      </bpmndi:BPMNShape>
      <bpmndi:BPMNEdge bpmnElement="flow1" id="BPMNEdge_flow1">
        <omgdi:waypoint x="105.0" y="157.0"></omgdi:waypoint>
        <omgdi:waypoint x="140.0" y="157.0"></omgdi:waypoint>
        <bpmndi:BPMNLabel>
          <omgdc:Bounds height="0.0" width="0.0" x="10.0" y="0.0"></omgdc:Bounds>
        </bpmndi:BPMNLabel>
      </bpmndi:BPMNEdge>
      <bpmndi:BPMNEdge bpmnElement="flow2" id="BPMNEdge_flow2">
        <omgdi:waypoint x="245.0" y="157.0"></omgdi:waypoint>
        <omgdi:waypoint x="280.0" y="157.0"></omgdi:waypoint>
        <bpmndi:BPMNLabel>
          <omgdc:Bounds height="0.0" width="0.0" x="10.0" y="0.0"></omgdc:Bounds>
        </bpmndi:BPMNLabel>
      </bpmndi:BPMNEdge>
      <bpmndi:BPMNEdge bpmnElement="flow3" id="BPMNEdge_flow3">
        <omgdi:waypoint x="385.0" y="157.0"></omgdi:waypoint>
        <omgdi:waypoint x="420.0" y="157.0"></omgdi:waypoint>
        <bpmndi:BPMNLabel>
          <omgdc:Bounds height="0.0" width="0.0" x="10.0" y="0.0"></omgdc:Bounds>
        </bpmndi:BPMNLabel>
      </bpmndi:BPMNEdge>
      <bpmndi:BPMNEdge bpmnElement="flow4" id="BPMNEdge_flow4">
        <omgdi:waypoint x="525.0" y="157.0"></omgdi:waypoint>
        <omgdi:waypoint x="580.0" y="157.0"></omgdi:waypoint>
      </bpmndi:BPMNEdge>
    </bpmndi:BPMNPlane>
  </bpmndi:BPMNDiagram>
</definitions>