<?xml version="1.0" encoding="UTF-8"?>
<definitions xmlns="http://www.omg.org/spec/BPMN/20100524/MODEL" 
		targetNamespace="http://www.bpmnwithactiviti.org"
		xmlns:activiti="http://activiti.org/bpmn">
		
	<process id="bookorder" name="bookorder">
		<startEvent id="startevent1" name="Start"/>
		<serviceTask id="serviceTask1" name="Validate order" activiti:expression="#{order.validate(execution)}"/>
		<sequenceFlow id="sequenceflow1" name="Validate order" sourceRef="startevent1" targetRef="serviceTask1"/>
		<userTask id="usertask1" name="Complete order">
			<documentation>book order user task</documentation>
			<potentialOwner>
				<resourceAssignmentExpression>
					<formalExpression>sales</formalExpression>
				</resourceAssignmentExpression>
			</potentialOwner>
		</userTask>
		<sequenceFlow id="sequenceflow2" name="Sending to management" sourceRef="serviceTask1" targetRef="usertask1"/>
		<endEvent id="endevent1" name="End"/>
		<sequenceFlow id="sequenceflow3" name="flow" sourceRef="usertask1" targetRef="endevent1"/>
	</process>
</definitions>