<?xml version="1.0" encoding="UTF-8"?>
<definitions xmlns="http://www.omg.org/spec/BPMN/20100524/MODEL" 
		targetNamespace="http://www.bpmnwithactiviti.org"
		xmlns:activiti="http://activiti.org/bpmn">
		
	<process id="bookorder" name="bookorder">
		<startEvent id="startevent1" name="Start"/>
		<scriptTask id="scripttask1" name="Validate order" scriptFormat="groovy">
			<script>
				out:print "validating order for isbn " + isbn + "\n";
			</script>
		</scriptTask>
		<sequenceFlow id="sequenceflow1" name="Validate order" sourceRef="startevent1" targetRef="scripttask1"/>
		<userTask id="usertask1" name="Complete order" activiti:candidateGroups="sales">
			<documentation>book order user task</documentation>
		</userTask>
		<sequenceFlow id="sequenceflow2" name="Sending to management" sourceRef="scripttask1" targetRef="usertask1"/>
		<endEvent id="endevent1" name="End"/>
		<sequenceFlow id="sequenceflow3" name="flow" sourceRef="usertask1" targetRef="endevent1"/>
	</process>
</definitions>