<?xml version="1.0" encoding="UTF-8"?>
<definitions 
	xmlns:xsi="http://www.w3.org/2001/XMLSchema-instance"
	xsi:schemaLocation="http://schema.omg.org/spec/BPMN/2.0 ../../../../../../../../../../bpmn/src/main/resources/BPMN20.xsd"
	xmlns="http://schema.omg.org/spec/BPMN/2.0" typeLanguage="http://www.w3.org/2001/XMLSchema"
	expressionLanguage="http://www.w3.org/1999/XPath" targetNamespace="http://jbpm.org/example/bpmn2/intermediateTimerCatch">

	<process id="intermediateTimerCatch">

   	<startEvent id="theStart" />
   	
   	<sequenceFlow id="flow1" sourceRef="theStart" targetRef="myTimer" />	
   	
   	<intermediateCatchEvent id="myTimer" name="Wait for an hour">
   	  <timerEventDefinition>
   	    <timeCycle xsi:type="tFormalExpression">1 hour</timeCycle>
   	  </timerEventDefinition>
   	</intermediateCatchEvent>
   	
   	<sequenceFlow id="flow2" sourceRef="myTimer" targetRef="theEnd" />  

		<endEvent id="theEnd"  />
		
	</process>
</definitions>
