<?xml version="1.0" encoding="UTF-8"?>
<definitions id="definitions" 
  xmlns="http://www.omg.org/spec/BPMN/20100524/MODEL"
  targetNamespace="http://www.activiti.org/bpmn2.0">
  
  <process id="helloWorld">
  
    <startEvent id="theStart" />
    
    <sequenceFlow id="flow1" sourceRef="theStart" targetRef="theScriptTask" />
    
    <scriptTask id="theScriptTask" name="Execute script" scriptFormat="groovy">
      <script>
        System.out.println("Hello world")
      </script>
    </scriptTask>

    <sequenceFlow id="flow2" sourceRef="theScriptTask" targetRef="theEnd" />
    
    <endEvent id="theEnd" />
    
  </process>

</definitions>