<?xml version="1.0" encoding="UTF-8"?>
<definitions xmlns="http://www.omg.org/spec/BPMN/20100524/MODEL" xmlns:xsi="http://www.w3.org/2001/XMLSchema-instance" xmlns:activiti="http://activiti.org/bpmn" xmlns:bpmndi="http://www.omg.org/spec/BPMN/20100524/DI" xmlns:omgdc="http://www.omg.org/spec/DD/20100524/DC" xmlns:omgdi="http://www.omg.org/spec/DD/20100524/DI" typeLanguage="http://www.w3.org/2001/XMLSchema" expressionLanguage="http://www.w3.org/1999/XPath" targetNamespace="http://www.activiti.org/test">
  <process id="pageGenerationProcess" name="PageGenerationProcess" isExecutable="true">
    <startEvent id="startevent1" name="Start"></startEvent>
    <userTask id="defPageReq" name="Define Page Requirement" activiti:formKey="pageReq.xhtml"></userTask>
    <userTask id="editFields" name="Edit Fields" activiti:formKey="editfields.xhtml"></userTask>
    <sequenceFlow id="flow5" sourceRef="startevent1" targetRef="defPageReq"></sequenceFlow>
    <sequenceFlow id="flow6" sourceRef="defPageReq" targetRef="editFields"></sequenceFlow>
    <serviceTask id="generateXhtmlPage" name="Generate xhtml Page" activiti:expression="${pageGenerator.pageGenMsgs()}"></serviceTask>
    <endEvent id="endevent1" name="End"></endEvent>
    <userTask id="download" name="Download generated Files" activiti:formKey="downloadgeneratedfiles.xhtml"></userTask>
    <sequenceFlow id="flow12" sourceRef="generateXhtmlPage" targetRef="download"></sequenceFlow>
    <exclusiveGateway id="exclusivegateway3" name="Exclusive Gateway" default="flow16"></exclusiveGateway>
    <sequenceFlow id="flow15" sourceRef="editFields" targetRef="exclusivegateway3"></sequenceFlow>
    <sequenceFlow id="flow16" sourceRef="exclusivegateway3" targetRef="generateXhtmlPage"></sequenceFlow>
    <sequenceFlow id="flow17" sourceRef="download" targetRef="endevent1"></sequenceFlow>
    <serviceTask id="generateBean" name="generateBean" activiti:expression="${beanGenerator.beanGenMsgs()}"></serviceTask>
    <sequenceFlow id="flow18" sourceRef="exclusivegateway3" targetRef="generateBean">
      <conditionExpression xsi:type="tFormalExpression"><![CDATA[${generateBean=="true"}]]></conditionExpression>
    </sequenceFlow>
    <sequenceFlow id="flow19" sourceRef="generateBean" targetRef="generateXhtmlPage"></sequenceFlow>
  </process>
  <bpmndi:BPMNDiagram id="BPMNDiagram_pageGenerationProcess">
    <bpmndi:BPMNPlane bpmnElement="pageGenerationProcess" id="BPMNPlane_pageGenerationProcess">
      <bpmndi:BPMNShape bpmnElement="startevent1" id="BPMNShape_startevent1">
        <omgdc:Bounds height="35.0" width="35.0" x="110.0" y="210.0"></omgdc:Bounds>
      </bpmndi:BPMNShape>
      <bpmndi:BPMNShape bpmnElement="defPageReq" id="BPMNShape_defPageReq">
        <omgdc:Bounds height="55.0" width="105.0" x="240.0" y="200.0"></omgdc:Bounds>
      </bpmndi:BPMNShape>
      <bpmndi:BPMNShape bpmnElement="editFields" id="BPMNShape_editFields">
        <omgdc:Bounds height="55.0" width="105.0" x="240.0" y="343.0"></omgdc:Bounds>
      </bpmndi:BPMNShape>
      <bpmndi:BPMNShape bpmnElement="endevent1" id="BPMNShape_endevent1">
        <omgdc:Bounds height="35.0" width="35.0" x="666.0" y="220.0"></omgdc:Bounds>
      </bpmndi:BPMNShape>
      <bpmndi:BPMNShape bpmnElement="generateXhtmlPage" id="BPMNShape_generateXhtmlPage">
        <omgdc:Bounds height="55.0" width="105.0" x="480.0" y="343.0"></omgdc:Bounds>
      </bpmndi:BPMNShape>
      <bpmndi:BPMNShape bpmnElement="download" id="BPMNShape_download">
        <omgdc:Bounds height="55.0" width="105.0" x="631.0" y="343.0"></omgdc:Bounds>
      </bpmndi:BPMNShape>
      <bpmndi:BPMNShape bpmnElement="exclusivegateway3" id="BPMNShape_exclusivegateway3">
        <omgdc:Bounds height="40.0" width="40.0" x="400.0" y="350.0"></omgdc:Bounds>
      </bpmndi:BPMNShape>
      <bpmndi:BPMNShape bpmnElement="generateBean" id="BPMNShape_generateBean">
        <omgdc:Bounds height="55.0" width="105.0" x="480.0" y="210.0"></omgdc:Bounds>
      </bpmndi:BPMNShape>
      <bpmndi:BPMNEdge bpmnElement="flow5" id="BPMNEdge_flow5">
        <omgdi:waypoint x="145.0" y="227.0"></omgdi:waypoint>
        <omgdi:waypoint x="240.0" y="227.0"></omgdi:waypoint>
      </bpmndi:BPMNEdge>
      <bpmndi:BPMNEdge bpmnElement="flow6" id="BPMNEdge_flow6">
        <omgdi:waypoint x="292.0" y="255.0"></omgdi:waypoint>
        <omgdi:waypoint x="292.0" y="343.0"></omgdi:waypoint>
      </bpmndi:BPMNEdge>
      <bpmndi:BPMNEdge bpmnElement="flow12" id="BPMNEdge_flow12">
        <omgdi:waypoint x="585.0" y="370.0"></omgdi:waypoint>
        <omgdi:waypoint x="631.0" y="370.0"></omgdi:waypoint>
      </bpmndi:BPMNEdge>
      <bpmndi:BPMNEdge bpmnElement="flow15" id="BPMNEdge_flow15">
        <omgdi:waypoint x="345.0" y="370.0"></omgdi:waypoint>
        <omgdi:waypoint x="400.0" y="370.0"></omgdi:waypoint>
      </bpmndi:BPMNEdge>
      <bpmndi:BPMNEdge bpmnElement="flow16" id="BPMNEdge_flow16">
        <omgdi:waypoint x="440.0" y="370.0"></omgdi:waypoint>
        <omgdi:waypoint x="480.0" y="370.0"></omgdi:waypoint>
      </bpmndi:BPMNEdge>
      <bpmndi:BPMNEdge bpmnElement="flow17" id="BPMNEdge_flow17">
        <omgdi:waypoint x="683.0" y="343.0"></omgdi:waypoint>
        <omgdi:waypoint x="683.0" y="255.0"></omgdi:waypoint>
      </bpmndi:BPMNEdge>
      <bpmndi:BPMNEdge bpmnElement="flow18" id="BPMNEdge_flow18">
        <omgdi:waypoint x="420.0" y="350.0"></omgdi:waypoint>
        <omgdi:waypoint x="420.0" y="237.0"></omgdi:waypoint>
        <omgdi:waypoint x="480.0" y="237.0"></omgdi:waypoint>
      </bpmndi:BPMNEdge>
      <bpmndi:BPMNEdge bpmnElement="flow19" id="BPMNEdge_flow19">
        <omgdi:waypoint x="532.0" y="265.0"></omgdi:waypoint>
        <omgdi:waypoint x="532.0" y="343.0"></omgdi:waypoint>
      </bpmndi:BPMNEdge>
    </bpmndi:BPMNPlane>
  </bpmndi:BPMNDiagram>
</definitions>