<?xml version="1.0" encoding="UTF-8"?>
<definitions xmlns="http://www.omg.org/spec/BPMN/20100524/MODEL" xmlns:xsi="http://www.w3.org/2001/XMLSchema-instance" xmlns:flowable="http://flowable.org/bpmn"
             xmlns:bpmndi="http://www.omg.org/spec/BPMN/20100524/DI" xmlns:omgdc="http://www.omg.org/spec/DD/20100524/DC"
             xmlns:omgdi="http://www.omg.org/spec/DD/20100524/DI" typeLanguage="http://www.w3.org/2001/XMLSchema"
             expressionLanguage="http://www.w3.org/1999/XPath" targetNamespace="http://www.flowable.org/processdef">
  <process id="vacationRequest" name="Vacation request" isExecutable="true">
    <startEvent id="request" flowable:initiator="employeeName" flowable:formKey="vacation-request"/>
    <sequenceFlow id="flow1" sourceRef="request" targetRef="handleRequest"/>
    <userTask id="handleRequest" name="Handle vacation request" flowable:assignee="$INITIATOR" flowable:formKey="handle-vacation-request">
      <documentation>${employeeName} would like to take ${numberOfDays} day(s) of vacation (Motivation: ${vacationMotivation}).</documentation>
      <extensionElements>
        <modeler:activiti-idm-initiator xmlns:modeler="http://flowable.org/modeler"><![CDATA[true]]></modeler:activiti-idm-initiator>
      </extensionElements>
    </userTask>
    <exclusiveGateway id="requestApprovedDecision" name="Request approved?"/>
    <manualTask id="sendApprovalMail" name="Send confirmation e-mail"/>
    <sequenceFlow id="flow4" sourceRef="sendApprovalMail" targetRef="theEnd1"/>
    <endEvent id="theEnd1"/>
    <userTask id="adjustVacationRequestTask" name="Adjust vacation request" flowable:assignee="$INITIATOR" flowable:formKey="adjust-vacation-request">
      <documentation>Your manager has disapproved your vacation request for ${numberOfDays} days.
        Reason: ${managerMotivation}
      </documentation>
      <extensionElements>
        <modeler:activiti-idm-initiator xmlns:modeler="http://flowable.org/modeler"><![CDATA[true]]></modeler:activiti-idm-initiator>
      </extensionElements>
    </userTask>
    <exclusiveGateway id="resendRequestDecision" name="Resend request?"/>
    <endEvent id="theEnd2"/>
    <sequenceFlow id="flow2" sourceRef="handleRequest" targetRef="requestApprovedDecision"/>
    <sequenceFlow id="flow5" sourceRef="requestApprovedDecision" targetRef="adjustVacationRequestTask">
      <conditionExpression xsi:type="tFormalExpression"><![CDATA[${vacationApproved == 'Reject'}]]></conditionExpression>
    </sequenceFlow>
    <sequenceFlow id="flow3" sourceRef="requestApprovedDecision" targetRef="sendApprovalMail">
      <conditionExpression xsi:type="tFormalExpression"><![CDATA[${vacationApproved == 'Approve'}]]></conditionExpression>
    </sequenceFlow>
    <sequenceFlow id="flow6" sourceRef="adjustVacationRequestTask" targetRef="resendRequestDecision"/>
    <sequenceFlow id="flow7" sourceRef="resendRequestDecision" targetRef="handleRequest">
      <conditionExpression xsi:type="tFormalExpression"><![CDATA[${resendRequest == 'Yes'}]]></conditionExpression>
    </sequenceFlow>
    <sequenceFlow id="flow8" sourceRef="resendRequestDecision" targetRef="theEnd2">
      <conditionExpression xsi:type="tFormalExpression"><![CDATA[${resendRequest == 'No'}]]></conditionExpression>
    </sequenceFlow>
  </process>
  <bpmndi:BPMNDiagram id="BPMNDiagram_vacationRequest">
    <bpmndi:BPMNPlane bpmnElement="vacationRequest" id="BPMNPlane_vacationRequest">
      <bpmndi:BPMNShape bpmnElement="request" id="BPMNShape_request">
        <omgdc:Bounds height="30.0" width="30.0" x="0.0" y="178.0"/>
      </bpmndi:BPMNShape>
      <bpmndi:BPMNShape bpmnElement="handleRequest" id="BPMNShape_handleRequest">
        <omgdc:Bounds height="60.0" width="100.0" x="80.0" y="163.0"/>
      </bpmndi:BPMNShape>
      <bpmndi:BPMNShape bpmnElement="requestApprovedDecision" id="BPMNShape_requestApprovedDecision">
        <omgdc:Bounds height="40.0" width="40.0" x="230.0" y="173.0"/>
      </bpmndi:BPMNShape>
      <bpmndi:BPMNShape bpmnElement="sendApprovalMail" id="BPMNShape_sendApprovalMail">
        <omgdc:Bounds height="60.0" width="100.0" x="320.0" y="0.0"/>
      </bpmndi:BPMNShape>
      <bpmndi:BPMNShape bpmnElement="theEnd1" id="BPMNShape_theEnd1">
        <omgdc:Bounds height="28.0" width="28.0" x="475.0" y="15.0"/>
      </bpmndi:BPMNShape>
      <bpmndi:BPMNShape bpmnElement="adjustVacationRequestTask" id="BPMNShape_adjustVacationRequestTask">
        <omgdc:Bounds height="60.0" width="100.0" x="330.0" y="135.0"/>
      </bpmndi:BPMNShape>
      <bpmndi:BPMNShape bpmnElement="resendRequestDecision" id="BPMNShape_resendRequestDecision">
        <omgdc:Bounds height="40.0" width="40.0" x="470.0" y="233.0"/>
      </bpmndi:BPMNShape>
      <bpmndi:BPMNShape bpmnElement="theEnd2" id="BPMNShape_theEnd2">
        <omgdc:Bounds height="28.0" width="28.0" x="600.0" y="238.0"/>
      </bpmndi:BPMNShape>
      <bpmndi:BPMNEdge bpmnElement="flow1" id="BPMNEdge_flow1">
        <omgdi:waypoint x="29.949998618355412" y="193.0"/>
        <omgdi:waypoint x="80.0" y="193.0"/>
      </bpmndi:BPMNEdge>
      <bpmndi:BPMNEdge bpmnElement="flow2" id="BPMNEdge_flow2">
        <omgdi:waypoint x="179.94999999997563" y="193.0"/>
        <omgdi:waypoint x="230.0" y="193.0"/>
      </bpmndi:BPMNEdge>
      <bpmndi:BPMNEdge bpmnElement="flow3" id="BPMNEdge_flow3">
        <omgdi:waypoint x="250.0" y="173.0"/>
        <omgdi:waypoint x="250.0" y="30.0"/>
        <omgdi:waypoint x="320.0" y="30.0"/>
      </bpmndi:BPMNEdge>
      <bpmndi:BPMNEdge bpmnElement="flow4" id="BPMNEdge_flow4">
        <omgdi:waypoint x="419.95000000000005" y="30.0"/>
        <omgdi:waypoint x="432.0" y="30.0"/>
        <omgdi:waypoint x="432.0" y="30.0"/>
        <omgdi:waypoint x="475.0021085173268" y="29.24469997080383"/>
      </bpmndi:BPMNEdge>
      <bpmndi:BPMNEdge bpmnElement="flow5" id="BPMNEdge_flow5">
        <omgdi:waypoint x="266.41455696202524" y="189.45569620253164"/>
        <omgdi:waypoint x="330.0" y="175.75846153846152"/>
      </bpmndi:BPMNEdge>
      <bpmndi:BPMNEdge bpmnElement="flow6" id="BPMNEdge_flow6">
        <omgdi:waypoint x="429.95000000000005" y="165.0"/>
        <omgdi:waypoint x="490.0" y="165.0"/>
        <omgdi:waypoint x="490.0" y="233.0"/>
      </bpmndi:BPMNEdge>
      <bpmndi:BPMNEdge bpmnElement="flow7" id="BPMNEdge_flow7">
        <omgdi:waypoint x="491.04380530973447" y="271.90189929328614"/>
        <omgdi:waypoint x="491.5" y="323.0"/>
        <omgdi:waypoint x="130.0" y="326.0"/>
        <omgdi:waypoint x="130.0" y="222.95000000000002"/>
      </bpmndi:BPMNEdge>
      <bpmndi:BPMNEdge bpmnElement="flow8" id="BPMNEdge_flow8">
        <omgdi:waypoint x="509.7903999999909" y="252.84"/>
        <omgdi:waypoint x="600.000443100826" y="252.11249654542436"/>
      </bpmndi:BPMNEdge>
    </bpmndi:BPMNPlane>
  </bpmndi:BPMNDiagram>
</definitions>
