<?xml version="1.0" encoding="UTF-8"?>
<definitions xmlns="http://www.omg.org/spec/BPMN/20100524/MODEL" xmlns:xsi="http://www.w3.org/2001/XMLSchema-instance" xmlns:xsd="http://www.w3.org/2001/XMLSchema" xmlns:activiti="http://activiti.org/bpmn" xmlns:bpmndi="http://www.omg.org/spec/BPMN/20100524/DI" xmlns:omgdc="http://www.omg.org/spec/DD/20100524/DC" xmlns:omgdi="http://www.omg.org/spec/DD/20100524/DI" typeLanguage="http://www.w3.org/2001/XMLSchema" expressionLanguage="http://www.w3.org/1999/XPath" targetNamespace="http://www.activiti.org/test">
  <process id="SayHelloToLeave" name="SayHelloToLeave">
    <startEvent id="startevent1" name="Start"></startEvent>
    <userTask id="usertask1" name="领导审批">
       <potentialOwner>
         <resourceAssignmentExpression>
           <formalExpression>deptLeader</formalExpression>
         </resourceAssignmentExpression>
       </potentialOwner>
    </userTask>
    <scriptTask id="outputAuditResult"  name="输出审批结果" scriptFormat="groovy">
      <script><![CDATA[out:println "applyUser:" + applyUser + ",days:" + days +", approval:" + approved;]]></script>
    </scriptTask>
    <endEvent id="endevent1" name="End"></endEvent>
    <sequenceFlow sourceRef="startevent1" targetRef="usertask1" id="flow1"></sequenceFlow>
    <sequenceFlow sourceRef="usertask1" targetRef="outputAuditResult" id="flow3" ></sequenceFlow>
    <sequenceFlow sourceRef="outputAuditResult" targetRef="endevent1" id="flow2"></sequenceFlow>
  </process>
</definitions>