<beans xmlns="http://www.springframework.org/schema/beans"
	xmlns:xsi="http://www.w3.org/2001/XMLSchema-instance"
	xsi:schemaLocation="http://www.springframework.org/schema/beans   http://www.springframework.org/schema/beans/spring-beans.xsd">

	<bean id="processEngineConfiguration"
		class="org.activiti.engine.impl.cfg.StandaloneProcessEngineConfiguration">
		<property name="jdbcUrl" value="jdbc:mysql://db.agem.com.tr:3306/alfabpmn?useSSL=false" />
		<property name="jdbcUsername" value="root" />
		<property name="jdbcPassword" value="1" />
		<property name="jdbcDriver" value="org.mariadb.jdbc.Driver" />
		<property name="databaseSchemaUpdate" value="true" />

		<property name="mailServerHost" value="mail.agem.com.tr" /> <!-- Agem Mail Host Name -->
		<property name="mailServerPort" value="5025" /> 				<!-- SMPT için 25 -->
		<property name="mailServerUsername" value="USERNAME" />
		<property name="mailServerPassword" value="PASSWORD" />

 		<property name="formTypes">
			<bean class="tr.com.agem.alfa.bpmn.html.HtmlCustomFormTypes" />
		</property>

		<property name="customMybatisMappers">
			<set>
				<value>tr.com.agem.alfa.bpmn.utils.CustomSqlMapper</value>
			</set>
		</property>

		<property name="postBpmnParseHandlers">
			<list>
				<bean class="tr.com.agem.alfa.bpmn.listener.AlfaUserTaskBpmnParseHandler" >
					<property name="customTaskListeners">
					<list>
						<value>tr.com.agem.alfa.bpmn.listener.MailTaskListener</value>
					</list>
					</property>
				</bean>
				<bean class="tr.com.agem.alfa.bpmn.listener.AlfaServiceTaskBpmnParseHandler" >
					<property name="serviceTaskName">
						<value>tr.com.agem.alfa.bpmn.servicetask.AlfaRedirectServiceTask</value>
					</property>
					<property name="taskFieldName">
						<value>redirectTo</value>
					</property>
					<property name="conditionFieldName">
						<value>redirectCondition</value>
					</property>
				</bean>
			</list>
		</property>
	</bean> 

</beans>