<?xml version='1.0' encoding='UTF-8'?>
<definitions xmlns="http://www.omg.org/spec/BPMN/20100524/MODEL" xmlns:xsi="http://www.w3.org/2001/XMLSchema-instance" xmlns:xsd="http://www.w3.org/2001/XMLSchema" xmlns:activiti="http://activiti.org/bpmn" xmlns:bpmndi="http://www.omg.org/spec/BPMN/20100524/DI" xmlns:omgdc="http://www.omg.org/spec/DD/20100524/DC" xmlns:omgdi="http://www.omg.org/spec/DD/20100524/DI" typeLanguage="http://www.w3.org/2001/XMLSchema" expressionLanguage="http://www.w3.org/1999/XPath" targetNamespace="http://www.activiti.org/test">
  <process id="itemEntry2" name="itemEntry2" isExecutable="true">
    <documentation>test</documentation>
    <startEvent id="start"/>
    <sequenceFlow id="sequenceFlow1" sourceRef="start" targetRef="userTask1"/>
    <userTask id="userTask1" name="itemstore" activiti:candidateGroups="admin">
      <documentation>enterst an item</documentation>
      <extensionElements>
        <activiti:formProperty id="name" name="name" type="string" required="true"/>
        <activiti:formProperty id="weight" name="weight" type="long" required="true"/>
        <activiti:formProperty id="deliverduntil" name="deliverduntil" type="date"/>
      </extensionElements>
    </userTask>
    <endEvent id="end"/>
    <sequenceFlow id="sequenceFlow2" sourceRef="userTask1" targetRef="end"/>
  </process>
  <bpmndi:BPMNDiagram id="BPMNDiagram_itemEntry2">
    <bpmndi:BPMNPlane bpmnElement="itemEntry2" id="BPMNPlane_itemEntry2">
      <bpmndi:BPMNShape bpmnElement="start" id="BPMNShape_start">
        <omgdc:Bounds height="30.0" width="30.0" x="0.0" y="15.0"/>
      </bpmndi:BPMNShape>
      <bpmndi:BPMNShape bpmnElement="end" id="BPMNShape_end">
        <omgdc:Bounds height="30.0" width="30.0" x="230.0" y="15.0"/>
      </bpmndi:BPMNShape>
      <bpmndi:BPMNShape bpmnElement="userTask1" id="BPMNShape_userTask1">
        <omgdc:Bounds height="60.0" width="100.0" x="80.0" y="0.0"/>
      </bpmndi:BPMNShape>
      <bpmndi:BPMNEdge bpmnElement="sequenceFlow1" id="BPMNEdge_sequenceFlow1">
        <omgdi:waypoint x="30.0" y="30.0"/>
        <omgdi:waypoint x="42.0" y="30.0"/>
        <omgdi:waypoint x="42.0" y="30.000000000000007"/>
        <omgdi:waypoint x="80.0" y="30.000000000000007"/>
      </bpmndi:BPMNEdge>
      <bpmndi:BPMNEdge bpmnElement="sequenceFlow2" id="BPMNEdge_sequenceFlow2">
        <omgdi:waypoint x="180.0" y="30.0"/>
        <omgdi:waypoint x="192.0" y="30.0"/>
        <omgdi:waypoint x="192.0" y="30.000000000000004"/>
        <omgdi:waypoint x="230.0" y="30.000000000000004"/>
      </bpmndi:BPMNEdge>
    </bpmndi:BPMNPlane>
  </bpmndi:BPMNDiagram>
</definitions>