<?xml version="1.0" encoding="UTF-8" ?>

<definitions xmlns="http://www.omg.org/spec/BPMN/20100524/MODEL"
   xmlns:xsi="http://www.w3.org/2001/XMLSchema-instance" xmlns:activiti="http://activiti.org/bpmn"
   xmlns:bpmndi="http://www.omg.org/spec/BPMN/20100524/DI" xmlns:omgdc="http://www.omg.org/spec/DD/20100524/DC"
   xmlns:omgdi="http://www.omg.org/spec/DD/20100524/DI" typeLanguage="http://www.w3.org/2001/XMLSchema"
   expressionLanguage="http://www.w3.org/1999/XPath" targetNamespace="http://alfresco.org">

    <process id="quickStartReviewPublishTree" name="Web Quick Start: Review &amp; Publish Section Structure">

        <startEvent id="start"
            activiti:formKey="wswf:submitReviewTask" />

        <sequenceFlow id='flow1' 
            sourceRef='start'
            targetRef='reviewTask' />

        <userTask id="reviewTask" name="Review Task"
            activiti:formKey="wf:activitiReviewTask">
           <extensionElements>
               <activiti:taskListener event="create" class="org.alfresco.repo.workflow.activiti.tasklistener.ScriptTaskListener">
                  <activiti:field name="script">
                     <activiti:string>
                        if (typeof bpm_workflowDueDate != 'undefined') task.dueDate = bpm_workflowDueDate
                        if (typeof bpm_workflowPriority != 'undefined') task.priority = bpm_workflowPriority;
                     </activiti:string>
                  </activiti:field>
               </activiti:taskListener>
               <activiti:taskListener event="complete" class="org.alfresco.repo.workflow.activiti.tasklistener.ScriptTaskListener">
                  <activiti:field name="script">
                     <activiti:string>
                       	execution.setVariable('wf_reviewOutcome', task.getVariable('wf_reviewOutcome'));
                     </activiti:string>
                  </activiti:field>
               </activiti:taskListener>
           </extensionElements>
            <humanPerformer>
                <resourceAssignmentExpression>
                    <formalExpression>${bpm_assignee.properties.userName}</formalExpression>
                </resourceAssignmentExpression>
            </humanPerformer>
        </userTask>

        <sequenceFlow id='flow2' 
        sourceRef='reviewTask'
            targetRef='reviewDecision' />

        <exclusiveGateway  id="reviewDecision" name="Review Decision" /> 

        <sequenceFlow id='flow3' sourceRef='reviewDecision' targetRef='approved' >
            <conditionExpression xsi:type="tFormalExpression">${wf_reviewOutcome == 'Approve'}</conditionExpression>
        </sequenceFlow>

        <sequenceFlow id='flow4' 
        sourceRef='reviewDecision'
            targetRef='rejected' />

       <userTask id="approved" name="Approved"
            activiti:formKey="wswf:approvedTask" >
            <extensionElements>
               <activiti:taskListener event="create" class="org.alfresco.repo.workflow.activiti.tasklistener.ScriptTaskListener">
                  <activiti:field name="script">
                     <activiti:string>
                     
                        if (typeof bpm_workflowDueDate != 'undefined') task.dueDate = bpm_workflowDueDate
                        if (typeof bpm_workflowPriority != 'undefined') task.priority = bpm_workflowPriority;
                        
                        var publishAction = actions.create("webqs_publishTree");
                        publishAction.execute(bpm_package);
                        
                     </activiti:string>
                  </activiti:field>
               </activiti:taskListener>
            </extensionElements>
            <humanPerformer>
                <resourceAssignmentExpression>
                    <formalExpression>${initiator.exists() ? initiator.properties.userName : 'admin'}</formalExpression>
                </resourceAssignmentExpression>
            </humanPerformer>
        </userTask>
        
        <userTask id="rejected" name="Rejected"
            activiti:formKey="wswf:rejectedTask" >
            <extensionElements>
               <activiti:taskListener event="create" class="org.alfresco.repo.workflow.activiti.tasklistener.ScriptTaskListener">
                  <activiti:field name="script">
                     <activiti:string>
                        if (typeof bpm_workflowDueDate != 'undefined') task.dueDate = bpm_workflowDueDate
                        if (typeof bpm_workflowPriority != 'undefined') task.priority = bpm_workflowPriority;
                     </activiti:string>
                  </activiti:field>
               </activiti:taskListener>
            </extensionElements>
            <humanPerformer>
                <resourceAssignmentExpression>
                    <formalExpression>${initiator.exists() ? initiator.properties.userName : 'admin'}</formalExpression>
                </resourceAssignmentExpression>
            </humanPerformer>
        </userTask>

        <sequenceFlow id='flow5' sourceRef='approved'
            targetRef='end' />

        <sequenceFlow id='flow6' sourceRef='rejected'
            targetRef='end' />

        <endEvent id="end" />
    </process>
</definitions>