<?xml version="1.0" encoding="UTF-8"?>
<definitions xmlns="http://www.omg.org/spec/BPMN/20100524/MODEL" xmlns:bpmndi="http://www.omg.org/spec/BPMN/20100524/DI" xmlns:omgdc="http://www.omg.org/spec/DD/20100524/DC" xmlns:omgdi="http://www.omg.org/spec/DD/20100524/DI" xmlns:signavio="http://www.signavio.com" xmlns:xsi="http://www.w3.org/2001/XMLSchema-instance" exporter="Signavio Process Editor, http://www.signavio.com" exporterVersion="" expressionLanguage="http://www.w3.org/1999/XPath" id="sid-90aa5545-a5bc-407e-a63f-47a6081a1925" targetNamespace="http://www.signavio.com/bpmn20" typeLanguage="http://www.w3.org/2001/XMLSchema" xsi:schemaLocation="http://www.omg.org/spec/BPMN/20100524/MODEL http://www.omg.org/spec/BPMN/2.0/20100501/BPMN20.xsd">
   <collaboration id="sid-ca6a8d13-8f68-4edd-aafb-a080981bad90">
      <participant id="sid-81F0945D-2110-43E1-B7DB-5599C9B9D249" name="Sales" processRef="sid-c571bbcf-0301-4097-bb4c-180de37ad28b">
         <extensionElements>
            <signavio:signavioMetaData metaKey="bgcolor" metaValue="#ffffff"/>
         </extensionElements>
      </participant>
      <participant id="sid-D33FC0F4-B7E9-4CD3-A843-9FA1A4C820E9" name="Publisher" processRef="sid-ad4b62c6-7b6f-4245-a0f8-9733fae66577">
         <extensionElements>
            <signavio:signavioMetaData metaKey="bgcolor" metaValue="#ffffff"/>
         </extensionElements>
      </participant>
      <participant id="sid-A5F26033-CE92-4A08-995D-0DC576D3D763" name="Inventory" processRef="sid-ad6f980c-e47f-4b03-a5c9-a3b83f04f068">
         <extensionElements>
            <signavio:signavioMetaData metaKey="bgcolor" metaValue="#ffffff"/>
         </extensionElements>
      </participant>
      <participant id="sid-E6F94AC9-0D08-4718-B25E-D93AA7D5011D" name="New book order" processRef="sid-466f16f0-52b3-4d42-9996-5198a913c26f">
         <extensionElements>
            <signavio:signavioMetaData metaKey="bgcolor" metaValue="#ffffff"/>
         </extensionElements>
      </participant>
      <participant id="sid-8D50ECA8-0073-4A24-8055-3602E700053C" name="Customer" processRef="sid-a3077f00-d40f-40f4-a87e-d5eb74ccedd1">
         <extensionElements>
            <signavio:signavioMetaData metaKey="bgcolor" metaValue="#ffffff"/>
         </extensionElements>
      </participant>
      <messageFlow id="sid-C4AF05E8-20B2-48AA-93A6-CD7E1A109DAB" name="" sourceRef="sid-8D50ECA8-0073-4A24-8055-3602E700053C"/>
      <messageFlow id="sid-E829B3B3-9469-43EC-8BDC-988F0B5E48A7" name="" sourceRef="sid-81F0945D-2110-43E1-B7DB-5599C9B9D249" targetRef="sid-8D50ECA8-0073-4A24-8055-3602E700053C"/>
      <messageFlow id="sid-C22268FC-6857-47AA-9C86-D88338BD27CF" name="" targetRef="sid-D33FC0F4-B7E9-4CD3-A843-9FA1A4C820E9"/>
      <messageFlow id="sid-DA26985A-D208-47C9-8983-7BFDA35E1FBE" name="" sourceRef="sid-9EED64F3-5E9A-418A-B98F-FF3F264A261B" targetRef="sid-8D50ECA8-0073-4A24-8055-3602E700053C"/>
   </collaboration>
   <process id="sid-a3077f00-d40f-40f4-a87e-d5eb74ccedd1" isClosed="false" isExecutable="false" name="Customer" processType="None">
      <laneSet id="sid-712a2a8b-32d4-4913-8f07-f61832dd2719">
         <lane id="sid-763E73DB-A18B-4A0E-ACE5-EF0CDD64162A">
            <extensionElements>
               <signavio:signavioMetaData metaKey="bgcolor" metaValue=""/>
            </extensionElements>
         </lane>
      </laneSet>
   </process>
   <process id="sid-c571bbcf-0301-4097-bb4c-180de37ad28b" isClosed="false" isExecutable="false" name="Sales" processType="None">
      <laneSet id="sid-60618fc0-e911-4752-8395-1270e74d3cde">
         <lane id="sid-2E9F49C8-B49A-4326-8F70-CA6DFDF3E43A">
            <extensionElements>
               <signavio:signavioMetaData metaKey="bgcolor" metaValue=""/>
            </extensionElements>
         </lane>
      </laneSet>
   </process>
   <process id="sid-ad6f980c-e47f-4b03-a5c9-a3b83f04f068" isClosed="false" isExecutable="false" name="Inventory" processType="None">
      <laneSet id="sid-edd8e28d-2458-4ecc-9907-3572783d5922">
         <lane id="sid-36ADC12F-F121-4678-ADF2-F9B0D80F6F92">
            <extensionElements>
               <signavio:signavioMetaData metaKey="bgcolor" metaValue=""/>
            </extensionElements>
         </lane>
      </laneSet>
   </process>
   <process id="sid-466f16f0-52b3-4d42-9996-5198a913c26f" isClosed="false" isExecutable="false" name="New book order" processType="None">
      <laneSet id="sid-3f1908e6-deda-4d66-810d-cc62cf335566">
         <lane id="sid-F9166900-48C3-41E4-862D-3D819B1F21C1">
            <extensionElements>
               <signavio:signavioMetaData metaKey="bgcolor" metaValue=""/>
            </extensionElements>
         </lane>
      </laneSet>
   </process>
   <process id="sid-ad4b62c6-7b6f-4245-a0f8-9733fae66577" isClosed="false" isExecutable="false" name="Publisher" processType="None">
      <laneSet id="sid-c2cc3fc2-c2a5-4b55-80a8-43aadc6c7ca3">
         <lane id="sid-AE57AEA1-1733-4847-8B50-77A16061391D">
            <extensionElements>
               <signavio:signavioMetaData metaKey="bgcolor" metaValue=""/>
            </extensionElements>
         </lane>
      </laneSet>
   </process>
   <process id="sid-08b83490-a897-46ca-a419-76e01afcf964" isExecutable="false">
      <task completionQuantity="1" id="sid-8EF13842-E39A-4969-A1C7-0143CF79B181" isForCompensation="false" name="Send email with arrival date" startQuantity="1">
         <extensionElements>
            <signavio:signavioMetaData metaKey="bgcolor" metaValue="#ffffcc"/>
         </extensionElements>
         <incoming>sid-5FA897C0-504A-478F-B33A-DABC7BB8FA76</incoming>
         <outgoing>sid-A7B0969D-8867-4DBA-9B05-D67F78229EC7</outgoing>
      </task>
      <parallelGateway gatewayDirection="Converging" id="sid-F1B63569-0D05-4A6A-81E5-1433B11DA2FD" name="">
         <extensionElements>
            <signavio:signavioMetaData metaKey="bgcolor" metaValue="#ffffff"/>
         </extensionElements>
         <incoming>sid-CAB18018-E24E-422B-BDDA-6644283863BE</incoming>
         <incoming>sid-7B60E793-E878-4C62-A152-651C8E70684B</incoming>
         <outgoing>sid-5FA897C0-504A-478F-B33A-DABC7BB8FA76</outgoing>
      </parallelGateway>
      <task completionQuantity="1" id="sid-1BDF29D5-C0C2-4B17-A0D7-C5F703CDAAD0" isForCompensation="false" name="Process payment" startQuantity="1">
         <extensionElements>
            <signavio:signavioMetaData metaKey="bgcolor" metaValue="#ffffcc"/>
         </extensionElements>
         <incoming>sid-BA7FF8A4-7E4A-4545-9E39-F42A96B25ECF</incoming>
         <outgoing>sid-CAB18018-E24E-422B-BDDA-6644283863BE</outgoing>
      </task>
      <parallelGateway gatewayDirection="Diverging" id="sid-3239C10E-20A3-4981-8AC8-C628B792CC1A" name="">
         <extensionElements>
            <signavio:signavioMetaData metaKey="bgcolor" metaValue="#ffffff"/>
         </extensionElements>
         <incoming>sid-3DE8E3FE-5DD4-4E6C-B961-47A363B93E62</incoming>
         <outgoing>sid-6D442054-F30C-4706-B92D-28EAE54DF0BD</outgoing>
         <outgoing>sid-BA7FF8A4-7E4A-4545-9E39-F42A96B25ECF</outgoing>
      </parallelGateway>
      <startEvent id="sid-38F703E5-0FC3-4973-B46F-938503939A16" name="">
         <extensionElements>
            <signavio:signavioMetaData metaKey="bgcolor" metaValue="#ffffff"/>
         </extensionElements>
         <outgoing>sid-3DE8E3FE-5DD4-4E6C-B961-47A363B93E62</outgoing>
      </startEvent>
      <task completionQuantity="1" id="sid-E24E40EC-0F63-461A-AD25-B574E3E90CD7" isForCompensation="false" name="Check stock" startQuantity="1">
         <extensionElements>
            <signavio:signavioMetaData metaKey="bgcolor" metaValue="#ffffcc"/>
         </extensionElements>
         <incoming>sid-6D442054-F30C-4706-B92D-28EAE54DF0BD</incoming>
         <outgoing>sid-2E16A07D-1328-4912-B744-F550616BD63A</outgoing>
      </task>
      <exclusiveGateway gatewayDirection="Unspecified" id="sid-9CC12842-4351-418B-A332-E1819093B160" name="">
         <extensionElements>
            <signavio:signavioMetaData metaKey="bgcolor" metaValue="#ffffff"/>
         </extensionElements>
         <incoming>sid-2E16A07D-1328-4912-B744-F550616BD63A</incoming>
         <outgoing>sid-59044B8C-BD35-4C86-9E39-920209190BB2</outgoing>
      </exclusiveGateway>
      <task completionQuantity="1" id="sid-FE7D3561-9D68-47E3-8F7A-A3AABEE1789F" isForCompensation="false" name="Order book from publisher" startQuantity="1">
         <extensionElements>
            <signavio:signavioMetaData metaKey="bgcolor" metaValue="#ffffcc"/>
         </extensionElements>
         <incoming>sid-59044B8C-BD35-4C86-9E39-920209190BB2</incoming>
         <outgoing>sid-B684739F-D589-4327-939D-3522CC878434</outgoing>
      </task>
      <exclusiveGateway gatewayDirection="Converging" id="sid-A1E5044C-D566-4BF6-996B-3198604DC085" name="">
         <extensionElements>
            <signavio:signavioMetaData metaKey="bgcolor" metaValue="#ffffff"/>
         </extensionElements>
         <incoming>sid-673F989B-395C-436B-9329-A8F4E635BDB3</incoming>
         <incoming>sid-B684739F-D589-4327-939D-3522CC878434</incoming>
      </exclusiveGateway>
      <task completionQuantity="1" id="sid-9EED64F3-5E9A-418A-B98F-FF3F264A261B" isForCompensation="false" name="Send shipment" startQuantity="1">
         <extensionElements>
            <signavio:signavioMetaData metaKey="bgcolor" metaValue="#ffffcc"/>
         </extensionElements>
         <incoming>sid-A7B0969D-8867-4DBA-9B05-D67F78229EC7</incoming>
         <outgoing>sid-2C23E7FB-00F9-4B46-8562-42B0E2CC3605</outgoing>
      </task>
      <endEvent id="sid-E5D25B32-AC47-4E41-BB35-F4A5BBD0C228" name="">
         <extensionElements>
            <signavio:signavioMetaData metaKey="bgcolor" metaValue="#ffffff"/>
         </extensionElements>
         <incoming>sid-2C23E7FB-00F9-4B46-8562-42B0E2CC3605</incoming>
      </endEvent>
      <sequenceFlow id="sid-6D442054-F30C-4706-B92D-28EAE54DF0BD" name="" sourceRef="sid-3239C10E-20A3-4981-8AC8-C628B792CC1A" targetRef="sid-E24E40EC-0F63-461A-AD25-B574E3E90CD7"/>
      <sequenceFlow id="sid-2E16A07D-1328-4912-B744-F550616BD63A" name="" sourceRef="sid-E24E40EC-0F63-461A-AD25-B574E3E90CD7" targetRef="sid-9CC12842-4351-418B-A332-E1819093B160"/>
      <sequenceFlow id="sid-59044B8C-BD35-4C86-9E39-920209190BB2" name="" sourceRef="sid-9CC12842-4351-418B-A332-E1819093B160" targetRef="sid-FE7D3561-9D68-47E3-8F7A-A3AABEE1789F"/>
      <sequenceFlow id="sid-B684739F-D589-4327-939D-3522CC878434" name="" sourceRef="sid-FE7D3561-9D68-47E3-8F7A-A3AABEE1789F" targetRef="sid-A1E5044C-D566-4BF6-996B-3198604DC085"/>
      <sequenceFlow id="sid-2C23E7FB-00F9-4B46-8562-42B0E2CC3605" name="" sourceRef="sid-9EED64F3-5E9A-418A-B98F-FF3F264A261B" targetRef="sid-E5D25B32-AC47-4E41-BB35-F4A5BBD0C228"/>
      <sequenceFlow id="sid-3DE8E3FE-5DD4-4E6C-B961-47A363B93E62" name="" sourceRef="sid-38F703E5-0FC3-4973-B46F-938503939A16" targetRef="sid-3239C10E-20A3-4981-8AC8-C628B792CC1A"/>
      <sequenceFlow id="sid-CAB18018-E24E-422B-BDDA-6644283863BE" name="" sourceRef="sid-1BDF29D5-C0C2-4B17-A0D7-C5F703CDAAD0" targetRef="sid-F1B63569-0D05-4A6A-81E5-1433B11DA2FD"/>
      <sequenceFlow id="sid-5FA897C0-504A-478F-B33A-DABC7BB8FA76" name="" sourceRef="sid-F1B63569-0D05-4A6A-81E5-1433B11DA2FD" targetRef="sid-8EF13842-E39A-4969-A1C7-0143CF79B181"/>
      <sequenceFlow id="sid-7B60E793-E878-4C62-A152-651C8E70684B" name="" targetRef="sid-F1B63569-0D05-4A6A-81E5-1433B11DA2FD"/>
      <sequenceFlow id="sid-673F989B-395C-436B-9329-A8F4E635BDB3" name="" targetRef="sid-A1E5044C-D566-4BF6-996B-3198604DC085"/>
      <sequenceFlow id="sid-BA7FF8A4-7E4A-4545-9E39-F42A96B25ECF" name="" sourceRef="sid-3239C10E-20A3-4981-8AC8-C628B792CC1A" targetRef="sid-1BDF29D5-C0C2-4B17-A0D7-C5F703CDAAD0"/>
      <sequenceFlow id="sid-A7B0969D-8867-4DBA-9B05-D67F78229EC7" name="" sourceRef="sid-8EF13842-E39A-4969-A1C7-0143CF79B181" targetRef="sid-9EED64F3-5E9A-418A-B98F-FF3F264A261B"/>
   </process>
   <bpmndi:BPMNDiagram id="sid-ed56c8ff-ff4b-45c0-b5df-930ebc328f02">
      <bpmndi:BPMNPlane bpmnElement="sid-08b83490-a897-46ca-a419-76e01afcf964" id="sid-ae4e4d37-840d-4ee3-88d7-174d7d3057ab">
         <bpmndi:BPMNShape bpmnElement="sid-81F0945D-2110-43E1-B7DB-5599C9B9D249" id="sid-81F0945D-2110-43E1-B7DB-5599C9B9D249_gui" isHorizontal="false">
            <omgdc:Bounds height="173.0" width="1016.0" x="284.0" y="375.0"/>
         </bpmndi:BPMNShape>
         <bpmndi:BPMNShape bpmnElement="sid-D33FC0F4-B7E9-4CD3-A843-9FA1A4C820E9" id="sid-D33FC0F4-B7E9-4CD3-A843-9FA1A4C820E9_gui" isHorizontal="false">
            <omgdc:Bounds height="132.0" width="1045.0" x="254.5" y="765.0"/>
         </bpmndi:BPMNShape>
         <bpmndi:BPMNShape bpmnElement="sid-A5F26033-CE92-4A08-995D-0DC576D3D763" id="sid-A5F26033-CE92-4A08-995D-0DC576D3D763_gui" isHorizontal="false">
            <omgdc:Bounds height="180.0" width="1015.0" x="285.0" y="548.0"/>
         </bpmndi:BPMNShape>
         <bpmndi:BPMNShape bpmnElement="sid-E6F94AC9-0D08-4718-B25E-D93AA7D5011D" id="sid-E6F94AC9-0D08-4718-B25E-D93AA7D5011D_gui" isHorizontal="false">
            <omgdc:Bounds height="353.0" width="30.0" x="255.0" y="375.0"/>
         </bpmndi:BPMNShape>
         <bpmndi:BPMNShape bpmnElement="sid-8D50ECA8-0073-4A24-8055-3602E700053C" id="sid-8D50ECA8-0073-4A24-8055-3602E700053C_gui" isHorizontal="false">
            <omgdc:Bounds height="133.0" width="1046.0" x="254.0" y="200.0"/>
         </bpmndi:BPMNShape>
         <bpmndi:BPMNShape bpmnElement="sid-763E73DB-A18B-4A0E-ACE5-EF0CDD64162A" id="sid-763E73DB-A18B-4A0E-ACE5-EF0CDD64162A_gui" isHorizontal="true">
            <omgdc:Bounds height="133.0" width="1016.0" x="284.0" y="200.0"/>
         </bpmndi:BPMNShape>
         <bpmndi:BPMNShape bpmnElement="sid-2E9F49C8-B49A-4326-8F70-CA6DFDF3E43A" id="sid-2E9F49C8-B49A-4326-8F70-CA6DFDF3E43A_gui" isHorizontal="true">
            <omgdc:Bounds height="173.0" width="986.0" x="314.0" y="375.0"/>
         </bpmndi:BPMNShape>
         <bpmndi:BPMNShape bpmnElement="sid-36ADC12F-F121-4678-ADF2-F9B0D80F6F92" id="sid-36ADC12F-F121-4678-ADF2-F9B0D80F6F92_gui" isHorizontal="true">
            <omgdc:Bounds height="180.0" width="985.0" x="315.0" y="548.0"/>
         </bpmndi:BPMNShape>
         <bpmndi:BPMNShape bpmnElement="sid-F9166900-48C3-41E4-862D-3D819B1F21C1" id="sid-F9166900-48C3-41E4-862D-3D819B1F21C1_gui" isHorizontal="true">
            <omgdc:Bounds height="353.0" width="0.0" x="285.0" y="375.0"/>
         </bpmndi:BPMNShape>
         <bpmndi:BPMNShape bpmnElement="sid-AE57AEA1-1733-4847-8B50-77A16061391D" id="sid-AE57AEA1-1733-4847-8B50-77A16061391D_gui" isHorizontal="true">
            <omgdc:Bounds height="132.0" width="1015.0" x="284.5" y="765.0"/>
         </bpmndi:BPMNShape>
         <bpmndi:BPMNShape bpmnElement="sid-8EF13842-E39A-4969-A1C7-0143CF79B181" id="sid-8EF13842-E39A-4969-A1C7-0143CF79B181_gui">
            <omgdc:Bounds height="80.0" width="100.0" x="935.0" y="420.0"/>
         </bpmndi:BPMNShape>
         <bpmndi:BPMNShape bpmnElement="sid-F1B63569-0D05-4A6A-81E5-1433B11DA2FD" id="sid-F1B63569-0D05-4A6A-81E5-1433B11DA2FD_gui">
            <omgdc:Bounds height="40.0" width="40.0" x="810.0" y="440.0"/>
         </bpmndi:BPMNShape>
         <bpmndi:BPMNShape bpmnElement="sid-1BDF29D5-C0C2-4B17-A0D7-C5F703CDAAD0" id="sid-1BDF29D5-C0C2-4B17-A0D7-C5F703CDAAD0_gui">
            <omgdc:Bounds height="80.0" width="100.0" x="494.0" y="420.0"/>
         </bpmndi:BPMNShape>
         <bpmndi:BPMNShape bpmnElement="sid-3239C10E-20A3-4981-8AC8-C628B792CC1A" id="sid-3239C10E-20A3-4981-8AC8-C628B792CC1A_gui">
            <omgdc:Bounds height="40.0" width="40.0" x="405.0" y="440.0"/>
         </bpmndi:BPMNShape>
         <bpmndi:BPMNShape bpmnElement="sid-38F703E5-0FC3-4973-B46F-938503939A16" id="sid-38F703E5-0FC3-4973-B46F-938503939A16_gui">
            <omgdc:Bounds height="30.0" width="30.0" x="330.0" y="445.0"/>
         </bpmndi:BPMNShape>
         <bpmndi:BPMNShape bpmnElement="sid-E24E40EC-0F63-461A-AD25-B574E3E90CD7" id="sid-E24E40EC-0F63-461A-AD25-B574E3E90CD7_gui">
            <omgdc:Bounds height="80.0" width="100.0" x="375.0" y="620.0"/>
         </bpmndi:BPMNShape>
         <bpmndi:BPMNShape bpmnElement="sid-9CC12842-4351-418B-A332-E1819093B160" id="sid-9CC12842-4351-418B-A332-E1819093B160_gui" isMarkerVisible="true">
            <omgdc:Bounds height="40.0" width="40.0" x="539.0" y="640.0"/>
         </bpmndi:BPMNShape>
         <bpmndi:BPMNShape bpmnElement="sid-FE7D3561-9D68-47E3-8F7A-A3AABEE1789F" id="sid-FE7D3561-9D68-47E3-8F7A-A3AABEE1789F_gui">
            <omgdc:Bounds height="80.0" width="100.0" x="630.0" y="620.0"/>
         </bpmndi:BPMNShape>
         <bpmndi:BPMNShape bpmnElement="sid-A1E5044C-D566-4BF6-996B-3198604DC085" id="sid-A1E5044C-D566-4BF6-996B-3198604DC085_gui" isMarkerVisible="true">
            <omgdc:Bounds height="40.0" width="40.0" x="775.0" y="640.0"/>
         </bpmndi:BPMNShape>
         <bpmndi:BPMNShape bpmnElement="sid-9EED64F3-5E9A-418A-B98F-FF3F264A261B" id="sid-9EED64F3-5E9A-418A-B98F-FF3F264A261B_gui">
            <omgdc:Bounds height="80.0" width="100.0" x="1100.0" y="420.0"/>
         </bpmndi:BPMNShape>
         <bpmndi:BPMNShape bpmnElement="sid-E5D25B32-AC47-4E41-BB35-F4A5BBD0C228" id="sid-E5D25B32-AC47-4E41-BB35-F4A5BBD0C228_gui">
            <omgdc:Bounds height="28.0" width="28.0" x="1245.0" y="446.0"/>
         </bpmndi:BPMNShape>
         <bpmndi:BPMNEdge bpmnElement="sid-6D442054-F30C-4706-B92D-28EAE54DF0BD" id="sid-6D442054-F30C-4706-B92D-28EAE54DF0BD_gui">
            <omgdi:waypoint x="425.0" y="480.0"/>
            <omgdi:waypoint x="425.0" y="620.0"/>
         </bpmndi:BPMNEdge>
         <bpmndi:BPMNEdge bpmnElement="sid-BA7FF8A4-7E4A-4545-9E39-F42A96B25ECF" id="sid-BA7FF8A4-7E4A-4545-9E39-F42A96B25ECF_gui">
            <omgdi:waypoint x="445.0" y="460.0"/>
            <omgdi:waypoint x="494.0" y="460.0"/>
         </bpmndi:BPMNEdge>
         <bpmndi:BPMNEdge bpmnElement="sid-A7B0969D-8867-4DBA-9B05-D67F78229EC7" id="sid-A7B0969D-8867-4DBA-9B05-D67F78229EC7_gui">
            <omgdi:waypoint x="1035.0" y="460.0"/>
            <omgdi:waypoint x="1100.0" y="460.0"/>
         </bpmndi:BPMNEdge>
         <bpmndi:BPMNEdge bpmnElement="sid-59044B8C-BD35-4C86-9E39-920209190BB2" id="sid-59044B8C-BD35-4C86-9E39-920209190BB2_gui">
            <omgdi:waypoint x="579.0" y="660.0"/>
            <omgdi:waypoint x="630.0" y="660.0"/>
         </bpmndi:BPMNEdge>
         <bpmndi:BPMNEdge bpmnElement="sid-C4AF05E8-20B2-48AA-93A6-CD7E1A109DAB" id="sid-C4AF05E8-20B2-48AA-93A6-CD7E1A109DAB_gui">
            <omgdi:waypoint x="344.0" y="333.0"/>
            <omgdi:waypoint x="344.5" y="448.0"/>
         </bpmndi:BPMNEdge>
         <bpmndi:BPMNEdge bpmnElement="sid-2C23E7FB-00F9-4B46-8562-42B0E2CC3605" id="sid-2C23E7FB-00F9-4B46-8562-42B0E2CC3605_gui">
            <omgdi:waypoint x="1200.0" y="460.0"/>
            <omgdi:waypoint x="1245.0" y="460.0"/>
         </bpmndi:BPMNEdge>
         <bpmndi:BPMNEdge bpmnElement="sid-673F989B-395C-436B-9329-A8F4E635BDB3" id="sid-673F989B-395C-436B-9329-A8F4E635BDB3_gui">
            <omgdi:waypoint x="561.0" y="640.0"/>
            <omgdi:waypoint x="561.0" y="601.0"/>
            <omgdi:waypoint x="797.0" y="601.0"/>
            <omgdi:waypoint x="797.0" y="640.0"/>
         </bpmndi:BPMNEdge>
         <bpmndi:BPMNEdge bpmnElement="sid-E829B3B3-9469-43EC-8BDC-988F0B5E48A7" id="sid-E829B3B3-9469-43EC-8BDC-988F0B5E48A7_gui">
            <omgdi:waypoint x="985.0" y="376.0"/>
            <omgdi:waypoint x="985.0" y="376.5"/>
            <omgdi:waypoint x="983.7907869481766" y="376.5"/>
            <omgdi:waypoint x="983.0" y="333.0"/>
         </bpmndi:BPMNEdge>
         <bpmndi:BPMNEdge bpmnElement="sid-C22268FC-6857-47AA-9C86-D88338BD27CF" id="sid-C22268FC-6857-47AA-9C86-D88338BD27CF_gui">
            <omgdi:waypoint x="680.0" y="705.0"/>
            <omgdi:waypoint x="680.0" y="765.0"/>
         </bpmndi:BPMNEdge>
         <bpmndi:BPMNEdge bpmnElement="sid-3DE8E3FE-5DD4-4E6C-B961-47A363B93E62" id="sid-3DE8E3FE-5DD4-4E6C-B961-47A363B93E62_gui">
            <omgdi:waypoint x="360.0" y="460.0"/>
            <omgdi:waypoint x="405.0" y="460.0"/>
         </bpmndi:BPMNEdge>
         <bpmndi:BPMNEdge bpmnElement="sid-2E16A07D-1328-4912-B744-F550616BD63A" id="sid-2E16A07D-1328-4912-B744-F550616BD63A_gui">
            <omgdi:waypoint x="475.0" y="660.0"/>
            <omgdi:waypoint x="539.0" y="660.0"/>
         </bpmndi:BPMNEdge>
         <bpmndi:BPMNEdge bpmnElement="sid-5FA897C0-504A-478F-B33A-DABC7BB8FA76" id="sid-5FA897C0-504A-478F-B33A-DABC7BB8FA76_gui">
            <omgdi:waypoint x="850.0" y="460.0"/>
            <omgdi:waypoint x="935.0" y="460.0"/>
         </bpmndi:BPMNEdge>
         <bpmndi:BPMNEdge bpmnElement="sid-7B60E793-E878-4C62-A152-651C8E70684B" id="sid-7B60E793-E878-4C62-A152-651C8E70684B_gui">
            <omgdi:waypoint x="815.4467249921681" y="661.1367218594189"/>
            <omgdi:waypoint x="830.0" y="661.1367218594189"/>
            <omgdi:waypoint x="830.0" y="480.0"/>
         </bpmndi:BPMNEdge>
         <bpmndi:BPMNEdge bpmnElement="sid-B684739F-D589-4327-939D-3522CC878434" id="sid-B684739F-D589-4327-939D-3522CC878434_gui">
            <omgdi:waypoint x="730.0" y="660.0"/>
            <omgdi:waypoint x="775.0" y="660.0"/>
         </bpmndi:BPMNEdge>
         <bpmndi:BPMNEdge bpmnElement="sid-CAB18018-E24E-422B-BDDA-6644283863BE" id="sid-CAB18018-E24E-422B-BDDA-6644283863BE_gui">
            <omgdi:waypoint x="594.0" y="460.0"/>
            <omgdi:waypoint x="810.0" y="460.0"/>
         </bpmndi:BPMNEdge>
         <bpmndi:BPMNEdge bpmnElement="sid-DA26985A-D208-47C9-8983-7BFDA35E1FBE" id="sid-DA26985A-D208-47C9-8983-7BFDA35E1FBE_gui">
            <omgdi:waypoint x="1150.0" y="420.0"/>
            <omgdi:waypoint x="1149.0" y="333.0"/>
         </bpmndi:BPMNEdge>
      </bpmndi:BPMNPlane>
   </bpmndi:BPMNDiagram>
</definitions>
