<?xml version="1.0" encoding="UTF-8"?>
<definitions xmlns="http://www.omg.org/spec/BPMN/20100524/MODEL" xmlns:bpmndi="http://www.omg.org/spec/BPMN/20100524/DI" xmlns:omgdc="http://www.omg.org/spec/DD/20100524/DC" xmlns:omgdi="http://www.omg.org/spec/DD/20100524/DI" xmlns:signavio="http://www.signavio.com" xmlns:xsi="http://www.w3.org/2001/XMLSchema-instance" exporter="Signavio Process Editor, http://www.signavio.com" exporterVersion="" expressionLanguage="http://www.w3.org/1999/XPath" id="sid-dea025cb-1f3c-4fdb-b13f-c24143912e5e" targetNamespace="http://www.signavio.com/bpmn20" typeLanguage="http://www.w3.org/2001/XMLSchema" xsi:schemaLocation="http://www.omg.org/spec/BPMN/20100524/MODEL http://www.omg.org/spec/BPMN/2.0/20100501/BPMN20.xsd">
   <process id="sid-d0ac60e2-019b-495e-adf0-2b7fb0eb56b7" isExecutable="false">
      <subProcess completionQuantity="1" id="sid-34DD9490-C528-47CC-A942-7DBE50058D4F" isForCompensation="false" name="Process payment" startQuantity="1" triggeredByEvent="false">
         <extensionElements>
            <signavio:signavioMetaData metaKey="bgcolor" metaValue="#ffffff"/>
         </extensionElements>
         <startEvent id="sid-25423453-6BB5-41B5-85E2-0C240CA893CD" name="">
            <extensionElements>
               <signavio:signavioMetaData metaKey="bgcolor" metaValue="#ffffff"/>
            </extensionElements>
            <outgoing>sid-505AEEFF-03C5-47CA-A1A9-6A68E1E157A7</outgoing>
            <outgoing>sid-4E1AF804-4F74-48F7-A511-C5A68195FC18</outgoing>
         </startEvent>
         <task completionQuantity="1" id="sid-619E2D97-F6CA-4323-85D4-7B7F6600C608" isForCompensation="false" name="Invoice creditcard" startQuantity="1">
            <extensionElements>
               <signavio:signavioMetaData metaKey="bgcolor" metaValue="#ffffcc"/>
            </extensionElements>
            <incoming>sid-4E1AF804-4F74-48F7-A511-C5A68195FC18</incoming>
         </task>
         <serviceTask completionQuantity="1" id="sid-774B9160-BD05-44CA-AD94-8D14A6275160" implementation="webService" isForCompensation="false" name="Invoice credit card" startQuantity="1">
            <extensionElements>
               <signavio:signavioMetaData metaKey="bgcolor" metaValue="#ffffcc"/>
            </extensionElements>
            <incoming>sid-505AEEFF-03C5-47CA-A1A9-6A68E1E157A7</incoming>
            <outgoing>sid-8DE95818-63BA-41C4-A637-A5B123188644</outgoing>
         </serviceTask>
         <exclusiveGateway gatewayDirection="Diverging" id="sid-AE25DFBA-429B-40C1-B6E0-F092A2EF638B" name="Invoice ok?">
            <extensionElements>
               <signavio:signavioMetaData metaKey="bgcolor" metaValue="#ffffff"/>
            </extensionElements>
            <incoming>sid-8DE95818-63BA-41C4-A637-A5B123188644</incoming>
            <outgoing>sid-76491671-7294-4D4D-B26B-AB6FBB739874</outgoing>
            <outgoing>sid-456E008E-75C2-4AA2-817A-ECA478DFE987</outgoing>
         </exclusiveGateway>
         <endEvent id="sid-57672E89-9484-4029-B0F8-C7E2D6B28922" name="">
            <extensionElements>
               <signavio:signavioMetaData metaKey="bgcolor" metaValue="#ffffff"/>
            </extensionElements>
            <incoming>sid-76491671-7294-4D4D-B26B-AB6FBB739874</incoming>
         </endEvent>
         <endEvent id="sid-39389F2E-F167-491C-B64B-C72099839597" name="Bad credit card">
            <extensionElements>
               <signavio:signavioMetaData metaKey="bgcolor" metaValue="#ffffff"/>
            </extensionElements>
            <incoming>sid-456E008E-75C2-4AA2-817A-ECA478DFE987</incoming>
            <errorEventDefinition errorRef="sid-d487fb5a-79d2-429d-b0c7-ead83178a760" id="sid-20ec7d70-08d4-4789-b97f-6db76ebb435a"/>
         </endEvent>
         <subProcess completionQuantity="1" id="sid-41B2717A-5E2D-4E75-9890-2EA368FE0FE8" isForCompensation="false" name="" startQuantity="1" triggeredByEvent="true">
            <extensionElements>
               <signavio:signavioMetaData metaKey="bgcolor" metaValue="#ffffff"/>
            </extensionElements>
            <startEvent id="sid-29A570D9-CBA4-459A-9BD0-9DE4461EDCFC" name="Bad credit card">
               <extensionElements>
                  <signavio:signavioMetaData metaKey="bgcolor" metaValue="#ffffff"/>
               </extensionElements>
               <outgoing>sid-D434D2B2-1E6A-4D93-B750-2F975CE14D2A</outgoing>
               <errorEventDefinition errorRef="sid-8361ad72-1dfe-41f5-9e9f-7442e4690bcc" id="sid-ec14fd9f-022a-4074-8253-21ae32e16437"/>
            </startEvent>
            <userTask completionQuantity="1" id="sid-C735CEFD-E074-44C0-976F-E84419D89827" implementation="webService" isForCompensation="false" name="Contact customer" startQuantity="1">
               <extensionElements>
                  <signavio:signavioMetaData metaKey="bgcolor" metaValue="#ffffcc"/>
               </extensionElements>
               <incoming>sid-D434D2B2-1E6A-4D93-B750-2F975CE14D2A</incoming>
               <outgoing>sid-D0B8BE1F-4356-473D-B3D9-2A1E5180C16D</outgoing>
            </userTask>
            <exclusiveGateway gatewayDirection="Diverging" id="sid-95EEE99C-3BF2-4F91-935D-E31F02C6F7E9" name="Resolved?">
               <extensionElements>
                  <signavio:signavioMetaData metaKey="bgcolor" metaValue="#ffffff"/>
               </extensionElements>
               <incoming>sid-D0B8BE1F-4356-473D-B3D9-2A1E5180C16D</incoming>
               <outgoing>sid-C4DD3F4A-466B-4C55-9C63-AC3F2135799E</outgoing>
               <outgoing>sid-704DE8E2-D308-49A4-A009-CB5DB87C6D09</outgoing>
            </exclusiveGateway>
            <endEvent id="sid-91B187F8-9479-467E-940F-2F5435799075" name="">
               <extensionElements>
                  <signavio:signavioMetaData metaKey="bgcolor" metaValue="#ffffff"/>
               </extensionElements>
               <incoming>sid-C4DD3F4A-466B-4C55-9C63-AC3F2135799E</incoming>
            </endEvent>
            <endEvent id="sid-C3F2021F-2014-47AC-9B9B-3D61CC2CEBA7" name="Reject order">
               <extensionElements>
                  <signavio:signavioMetaData metaKey="bgcolor" metaValue="#ffffff"/>
               </extensionElements>
               <incoming>sid-704DE8E2-D308-49A4-A009-CB5DB87C6D09</incoming>
               <errorEventDefinition errorRef="sid-c831773b-81c0-41e8-9b5f-415ec97a8b83" id="sid-f703d509-5ffa-4d81-8c16-ad7db2ccfd3d"/>
            </endEvent>
            <sequenceFlow id="sid-D434D2B2-1E6A-4D93-B750-2F975CE14D2A" name="" sourceRef="sid-29A570D9-CBA4-459A-9BD0-9DE4461EDCFC" targetRef="sid-C735CEFD-E074-44C0-976F-E84419D89827"/>
            <sequenceFlow id="sid-D0B8BE1F-4356-473D-B3D9-2A1E5180C16D" name="" sourceRef="sid-C735CEFD-E074-44C0-976F-E84419D89827" targetRef="sid-95EEE99C-3BF2-4F91-935D-E31F02C6F7E9"/>
            <sequenceFlow id="sid-C4DD3F4A-466B-4C55-9C63-AC3F2135799E" name="Yes" sourceRef="sid-95EEE99C-3BF2-4F91-935D-E31F02C6F7E9" targetRef="sid-91B187F8-9479-467E-940F-2F5435799075"/>
            <sequenceFlow id="sid-704DE8E2-D308-49A4-A009-CB5DB87C6D09" name="No" sourceRef="sid-95EEE99C-3BF2-4F91-935D-E31F02C6F7E9" targetRef="sid-C3F2021F-2014-47AC-9B9B-3D61CC2CEBA7"/>
         </subProcess>
         <sequenceFlow id="sid-4E1AF804-4F74-48F7-A511-C5A68195FC18" name="" sourceRef="sid-25423453-6BB5-41B5-85E2-0C240CA893CD" targetRef="sid-619E2D97-F6CA-4323-85D4-7B7F6600C608"/>
         <sequenceFlow id="sid-505AEEFF-03C5-47CA-A1A9-6A68E1E157A7" name="" sourceRef="sid-25423453-6BB5-41B5-85E2-0C240CA893CD" targetRef="sid-774B9160-BD05-44CA-AD94-8D14A6275160"/>
         <sequenceFlow id="sid-8DE95818-63BA-41C4-A637-A5B123188644" name="" sourceRef="sid-774B9160-BD05-44CA-AD94-8D14A6275160" targetRef="sid-AE25DFBA-429B-40C1-B6E0-F092A2EF638B"/>
         <sequenceFlow id="sid-456E008E-75C2-4AA2-817A-ECA478DFE987" name="Not ok" sourceRef="sid-AE25DFBA-429B-40C1-B6E0-F092A2EF638B" targetRef="sid-39389F2E-F167-491C-B64B-C72099839597"/>
         <sequenceFlow id="sid-76491671-7294-4D4D-B26B-AB6FBB739874" name="Ok" sourceRef="sid-AE25DFBA-429B-40C1-B6E0-F092A2EF638B" targetRef="sid-57672E89-9484-4029-B0F8-C7E2D6B28922"/>
      </subProcess>
   </process>
   <process id="sid-3929ede9-afae-472f-a527-fe264f6239fd" isExecutable="false">
      <intermediateCatchEvent id="sid-6A8DEABF-DFBA-4E21-9379-1AB52C800C79" name="Reject order">
         <extensionElements>
            <signavio:signavioMetaData metaKey="bgcolor" metaValue="#ffffff"/>
         </extensionElements>
         <outgoing>sid-D1E7BD21-8EDB-4D8C-AD8F-95B8EFCE4AA3</outgoing>
         <errorEventDefinition errorRef="sid-e8cb474c-1869-4866-9d94-e69e0e0820d8" id="sid-a797f3d9-f88d-4de4-83e8-118c6c8a11bf"/>
      </intermediateCatchEvent>
      <endEvent id="sid-83D5DCED-BB9B-474B-928E-E91742069349" name="">
         <extensionElements>
            <signavio:signavioMetaData metaKey="bgcolor" metaValue="#ffffff"/>
         </extensionElements>
         <incoming>sid-D1E7BD21-8EDB-4D8C-AD8F-95B8EFCE4AA3</incoming>
         <terminateEventDefinition id="sid-6490e2fd-7367-4706-b048-968af1c1546e"/>
      </endEvent>
      <sequenceFlow id="sid-D1E7BD21-8EDB-4D8C-AD8F-95B8EFCE4AA3" name="" sourceRef="sid-6A8DEABF-DFBA-4E21-9379-1AB52C800C79" targetRef="sid-83D5DCED-BB9B-474B-928E-E91742069349"/>
      <association associationDirection="None" id="sid-6D400456-7581-4131-8B15-994F70FCDFDA" sourceRef="sid-D1E7BD21-8EDB-4D8C-AD8F-95B8EFCE4AA3" targetRef="sid-B9B1BB24-4F5C-49A5-A068-26DA6997313A"/>
      <textAnnotation id="sid-B9B1BB24-4F5C-49A5-A068-26DA6997313A" textFormat="text/plain">
         <text>Terminate order</text>
      </textAnnotation>
   </process>
   <process id="sid-d0ad9b95-5265-41b2-b3a1-911746422ddc" isExecutable="false">
      <serviceTask completionQuantity="1" id="sid-792F9B8A-544D-4EDA-880E-AA1D7C0BDEAD" implementation="webService" isForCompensation="false" name="Invoice credit card" startQuantity="1">
         <extensionElements>
            <signavio:signavioMetaData metaKey="bgcolor" metaValue="#ffffcc"/>
         </extensionElements>
      </serviceTask>
   </process>
   <process id="sid-a23d6d98-cadc-4ebb-9658-c07b4773618b" isExecutable="false">
      <userTask completionQuantity="1" id="sid-756478BA-568F-4148-91D8-2723A4EAE273" implementation="webService" isForCompensation="false" name="Contact customer" startQuantity="1">
         <extensionElements>
            <signavio:signavioMetaData metaKey="bgcolor" metaValue="#ffffcc"/>
         </extensionElements>
      </userTask>
   </process>
   <process id="sid-c5658633-daef-4f0c-8815-04ae93b59296" isExecutable="false">
      <subProcess completionQuantity="1" id="sid-C6A29082-B408-4046-8933-5FAC73722775" isForCompensation="false" name="Process payment" startQuantity="1" triggeredByEvent="false">
         <extensionElements>
            <signavio:signavioMetaData metaKey="bgcolor" metaValue="#ffffff"/>
         </extensionElements>
      </subProcess>
   </process>
   <process id="sid-1cc056fb-961c-4751-9922-74db4c54c344" isExecutable="false">
      <endEvent id="sid-5644C1E1-7213-4B9E-B24B-6F6974E84EC4" name="Bad credit card">
         <extensionElements>
            <signavio:signavioMetaData metaKey="bgcolor" metaValue="#ffffff"/>
         </extensionElements>
         <errorEventDefinition errorRef="sid-0c5c4161-a95f-4bd5-820e-46a669f03f53" id="sid-7bc80654-b37b-4796-93a7-50ac6b6a8dba"/>
      </endEvent>
   </process>
   <process id="sid-7d504afa-18fe-4aef-9f97-b4e760fc3e21" isExecutable="false">
      <startEvent id="sid-5CC74C25-A975-4548-8E95-9B97464CC9EF" name="Bad credit card">
         <extensionElements>
            <signavio:signavioMetaData metaKey="bgcolor" metaValue="#ffffff"/>
         </extensionElements>
         <errorEventDefinition errorRef="sid-e0368582-6d23-4bf9-825d-c8d017881b55" id="sid-50730fa0-60e0-4109-8285-cddc829c69d1"/>
      </startEvent>
   </process>
   <process id="sid-507469f1-fcd9-4abd-b020-08ded6fe36be" isExecutable="false">
      <intermediateCatchEvent id="sid-2479A30B-49E7-40CE-B3B7-B1186C08B264" name="Reject order">
         <extensionElements>
            <signavio:signavioMetaData metaKey="bgcolor" metaValue="#ffffff"/>
         </extensionElements>
         <errorEventDefinition errorRef="sid-ecefcab6-65b5-4d28-a1bf-8da0de57d7ff" id="sid-473ff45f-225d-48e8-80e8-19087da81ace"/>
      </intermediateCatchEvent>
   </process>
   <process id="sid-a51ee92e-d1a8-4789-94e1-e9d648c83907" isExecutable="false">
      <endEvent id="sid-023707EB-0235-4171-BDA6-CDC4DE4EE38B" name="">
         <extensionElements>
            <signavio:signavioMetaData metaKey="bgcolor" metaValue="#ffffff"/>
         </extensionElements>
         <terminateEventDefinition id="sid-461cece8-c002-4c7f-9a98-85edcfa04758"/>
      </endEvent>
      <textAnnotation id="sid-2E73DA49-8FD7-4085-AE7A-20D1036F2425" textFormat="text/plain">
         <text>Terminate order</text>
      </textAnnotation>
   </process>
   <bpmndi:BPMNDiagram id="sid-c42affc5-377d-45fe-bd6e-28cbd4b24fcf">
      <bpmndi:BPMNPlane bpmnElement="sid-a51ee92e-d1a8-4789-94e1-e9d648c83907" id="sid-502a1765-67fb-45cd-b264-8d59b7d9d1f6">
         <bpmndi:BPMNShape bpmnElement="sid-34DD9490-C528-47CC-A942-7DBE50058D4F" id="sid-34DD9490-C528-47CC-A942-7DBE50058D4F_gui" isExpanded="true">
            <omgdc:Bounds height="351.0" width="498.0" x="105.0" y="86.0"/>
         </bpmndi:BPMNShape>
         <bpmndi:BPMNShape bpmnElement="sid-25423453-6BB5-41B5-85E2-0C240CA893CD" id="sid-25423453-6BB5-41B5-85E2-0C240CA893CD_gui">
            <omgdc:Bounds height="30.0" width="30.0" x="120.0" y="145.0"/>
         </bpmndi:BPMNShape>
         <bpmndi:BPMNShape bpmnElement="sid-619E2D97-F6CA-4323-85D4-7B7F6600C608" id="sid-619E2D97-F6CA-4323-85D4-7B7F6600C608_gui">
            <omgdc:Bounds height="80.0" width="100.0" x="195.0" y="120.0"/>
         </bpmndi:BPMNShape>
         <bpmndi:BPMNShape bpmnElement="sid-774B9160-BD05-44CA-AD94-8D14A6275160" id="sid-774B9160-BD05-44CA-AD94-8D14A6275160_gui">
            <omgdc:Bounds height="80.0" width="100.0" x="195.0" y="120.0"/>
         </bpmndi:BPMNShape>
         <bpmndi:BPMNShape bpmnElement="sid-AE25DFBA-429B-40C1-B6E0-F092A2EF638B" id="sid-AE25DFBA-429B-40C1-B6E0-F092A2EF638B_gui" isMarkerVisible="true">
            <omgdc:Bounds height="40.0" width="40.0" x="340.0" y="140.0"/>
         </bpmndi:BPMNShape>
         <bpmndi:BPMNShape bpmnElement="sid-57672E89-9484-4029-B0F8-C7E2D6B28922" id="sid-57672E89-9484-4029-B0F8-C7E2D6B28922_gui">
            <omgdc:Bounds height="28.0" width="28.0" x="480.0" y="146.0"/>
         </bpmndi:BPMNShape>
         <bpmndi:BPMNShape bpmnElement="sid-39389F2E-F167-491C-B64B-C72099839597" id="sid-39389F2E-F167-491C-B64B-C72099839597_gui">
            <omgdc:Bounds height="28.0" width="28.0" x="425.0" y="210.0"/>
         </bpmndi:BPMNShape>
         <bpmndi:BPMNShape bpmnElement="sid-41B2717A-5E2D-4E75-9890-2EA368FE0FE8" id="sid-41B2717A-5E2D-4E75-9890-2EA368FE0FE8_gui" isExpanded="true">
            <omgdc:Bounds height="149.0" width="435.0" x="123.0" y="266.0"/>
         </bpmndi:BPMNShape>
         <bpmndi:BPMNShape bpmnElement="sid-29A570D9-CBA4-459A-9BD0-9DE4461EDCFC" id="sid-29A570D9-CBA4-459A-9BD0-9DE4461EDCFC_gui">
            <omgdc:Bounds height="30.0" width="30.0" x="157.0" y="310.5"/>
         </bpmndi:BPMNShape>
         <bpmndi:BPMNShape bpmnElement="sid-C735CEFD-E074-44C0-976F-E84419D89827" id="sid-C735CEFD-E074-44C0-976F-E84419D89827_gui">
            <omgdc:Bounds height="80.0" width="100.0" x="232.0" y="285.5"/>
         </bpmndi:BPMNShape>
         <bpmndi:BPMNShape bpmnElement="sid-95EEE99C-3BF2-4F91-935D-E31F02C6F7E9" id="sid-95EEE99C-3BF2-4F91-935D-E31F02C6F7E9_gui" isMarkerVisible="true">
            <omgdc:Bounds height="40.0" width="40.0" x="377.0" y="305.5"/>
         </bpmndi:BPMNShape>
         <bpmndi:BPMNShape bpmnElement="sid-91B187F8-9479-467E-940F-2F5435799075" id="sid-91B187F8-9479-467E-940F-2F5435799075_gui">
            <omgdc:Bounds height="28.0" width="28.0" x="495.0" y="311.5"/>
         </bpmndi:BPMNShape>
         <bpmndi:BPMNShape bpmnElement="sid-C3F2021F-2014-47AC-9B9B-3D61CC2CEBA7" id="sid-C3F2021F-2014-47AC-9B9B-3D61CC2CEBA7_gui">
            <omgdc:Bounds height="28.0" width="28.0" x="496.0" y="367.5"/>
         </bpmndi:BPMNShape>
         <bpmndi:BPMNShape bpmnElement="sid-6A8DEABF-DFBA-4E21-9379-1AB52C800C79" id="sid-6A8DEABF-DFBA-4E21-9379-1AB52C800C79_gui">
            <omgdc:Bounds height="30.0" width="30.0" x="176.0" y="427.0"/>
         </bpmndi:BPMNShape>
         <bpmndi:BPMNShape bpmnElement="sid-83D5DCED-BB9B-474B-928E-E91742069349" id="sid-83D5DCED-BB9B-474B-928E-E91742069349_gui">
            <omgdc:Bounds height="28.0" width="28.0" x="285.0" y="495.0"/>
         </bpmndi:BPMNShape>
         <bpmndi:BPMNShape bpmnElement="sid-B9B1BB24-4F5C-49A5-A068-26DA6997313A" id="sid-B9B1BB24-4F5C-49A5-A068-26DA6997313A_gui">
            <omgdc:Bounds height="50.0" width="100.0" x="347.0" y="450.0"/>
         </bpmndi:BPMNShape>
         <bpmndi:BPMNShape bpmnElement="sid-792F9B8A-544D-4EDA-880E-AA1D7C0BDEAD" id="sid-792F9B8A-544D-4EDA-880E-AA1D7C0BDEAD_gui">
            <omgdc:Bounds height="80.0" width="100.0" x="735.0" y="184.0"/>
         </bpmndi:BPMNShape>
         <bpmndi:BPMNShape bpmnElement="sid-756478BA-568F-4148-91D8-2723A4EAE273" id="sid-756478BA-568F-4148-91D8-2723A4EAE273_gui">
            <omgdc:Bounds height="80.0" width="100.0" x="900.0" y="184.0"/>
         </bpmndi:BPMNShape>
         <bpmndi:BPMNShape bpmnElement="sid-C6A29082-B408-4046-8933-5FAC73722775" id="sid-C6A29082-B408-4046-8933-5FAC73722775_gui" isExpanded="true">
            <omgdc:Bounds height="100.0" width="135.0" x="735.0" y="315.0"/>
         </bpmndi:BPMNShape>
         <bpmndi:BPMNShape bpmnElement="sid-5644C1E1-7213-4B9E-B24B-6F6974E84EC4" id="sid-5644C1E1-7213-4B9E-B24B-6F6974E84EC4_gui">
            <omgdc:Bounds height="28.0" width="28.0" x="936.0" y="311.5"/>
         </bpmndi:BPMNShape>
         <bpmndi:BPMNShape bpmnElement="sid-5CC74C25-A975-4548-8E95-9B97464CC9EF" id="sid-5CC74C25-A975-4548-8E95-9B97464CC9EF_gui">
            <omgdc:Bounds height="30.0" width="30.0" x="1065.0" y="310.5"/>
         </bpmndi:BPMNShape>
         <bpmndi:BPMNShape bpmnElement="sid-2479A30B-49E7-40CE-B3B7-B1186C08B264" id="sid-2479A30B-49E7-40CE-B3B7-B1186C08B264_gui">
            <omgdc:Bounds height="30.0" width="30.0" x="935.0" y="405.0"/>
         </bpmndi:BPMNShape>
         <bpmndi:BPMNShape bpmnElement="sid-023707EB-0235-4171-BDA6-CDC4DE4EE38B" id="sid-023707EB-0235-4171-BDA6-CDC4DE4EE38B_gui">
            <omgdc:Bounds height="28.0" width="28.0" x="1035.0" y="406.0"/>
         </bpmndi:BPMNShape>
         <bpmndi:BPMNShape bpmnElement="sid-2E73DA49-8FD7-4085-AE7A-20D1036F2425" id="sid-2E73DA49-8FD7-4085-AE7A-20D1036F2425_gui">
            <omgdc:Bounds height="50.0" width="100.0" x="752.5" y="484.0"/>
         </bpmndi:BPMNShape>
         <bpmndi:BPMNEdge bpmnElement="sid-8DE95818-63BA-41C4-A637-A5B123188644" id="sid-8DE95818-63BA-41C4-A637-A5B123188644_gui">
            <omgdi:waypoint x="295.0" y="160.0"/>
            <omgdi:waypoint x="340.0" y="160.0"/>
         </bpmndi:BPMNEdge>
         <bpmndi:BPMNEdge bpmnElement="sid-505AEEFF-03C5-47CA-A1A9-6A68E1E157A7" id="sid-505AEEFF-03C5-47CA-A1A9-6A68E1E157A7_gui">
            <omgdi:waypoint x="150.0" y="160.0"/>
            <omgdi:waypoint x="195.0" y="160.0"/>
         </bpmndi:BPMNEdge>
         <bpmndi:BPMNEdge bpmnElement="sid-C4DD3F4A-466B-4C55-9C63-AC3F2135799E" id="sid-C4DD3F4A-466B-4C55-9C63-AC3F2135799E_gui">
            <omgdi:waypoint x="417.0" y="326.0"/>
            <omgdi:waypoint x="495.0" y="325.0"/>
         </bpmndi:BPMNEdge>
         <bpmndi:BPMNEdge bpmnElement="sid-704DE8E2-D308-49A4-A009-CB5DB87C6D09" id="sid-704DE8E2-D308-49A4-A009-CB5DB87C6D09_gui">
            <omgdi:waypoint x="397.0" y="345.0"/>
            <omgdi:waypoint x="397.5" y="381.5"/>
            <omgdi:waypoint x="496.0" y="381.0"/>
         </bpmndi:BPMNEdge>
         <bpmndi:BPMNEdge bpmnElement="sid-6D400456-7581-4131-8B15-994F70FCDFDA" id="sid-6D400456-7581-4131-8B15-994F70FCDFDA_gui">
            <omgdi:waypoint x="284.0" y="502.0"/>
            <omgdi:waypoint x="347.0" y="474.0"/>
         </bpmndi:BPMNEdge>
         <bpmndi:BPMNEdge bpmnElement="sid-456E008E-75C2-4AA2-817A-ECA478DFE987" id="sid-456E008E-75C2-4AA2-817A-ECA478DFE987_gui">
            <omgdi:waypoint x="360.0" y="180.0"/>
            <omgdi:waypoint x="360.5" y="224.0"/>
            <omgdi:waypoint x="425.0" y="224.0"/>
         </bpmndi:BPMNEdge>
         <bpmndi:BPMNEdge bpmnElement="sid-D1E7BD21-8EDB-4D8C-AD8F-95B8EFCE4AA3" id="sid-D1E7BD21-8EDB-4D8C-AD8F-95B8EFCE4AA3_gui">
            <omgdi:waypoint x="191.0" y="457.0"/>
            <omgdi:waypoint x="191.0" y="509.0"/>
            <omgdi:waypoint x="285.0" y="509.0"/>
         </bpmndi:BPMNEdge>
         <bpmndi:BPMNEdge bpmnElement="sid-D0B8BE1F-4356-473D-B3D9-2A1E5180C16D" id="sid-D0B8BE1F-4356-473D-B3D9-2A1E5180C16D_gui">
            <omgdi:waypoint x="332.0" y="325.0"/>
            <omgdi:waypoint x="377.0" y="326.0"/>
         </bpmndi:BPMNEdge>
         <bpmndi:BPMNEdge bpmnElement="sid-4E1AF804-4F74-48F7-A511-C5A68195FC18" id="sid-4E1AF804-4F74-48F7-A511-C5A68195FC18_gui">
            <omgdi:waypoint x="150.0" y="160.0"/>
            <omgdi:waypoint x="195.0" y="160.0"/>
         </bpmndi:BPMNEdge>
         <bpmndi:BPMNEdge bpmnElement="sid-76491671-7294-4D4D-B26B-AB6FBB739874" id="sid-76491671-7294-4D4D-B26B-AB6FBB739874_gui">
            <omgdi:waypoint x="380.0" y="160.0"/>
            <omgdi:waypoint x="480.0" y="160.0"/>
         </bpmndi:BPMNEdge>
         <bpmndi:BPMNEdge bpmnElement="sid-D434D2B2-1E6A-4D93-B750-2F975CE14D2A" id="sid-D434D2B2-1E6A-4D93-B750-2F975CE14D2A_gui">
            <omgdi:waypoint x="187.0" y="325.0"/>
            <omgdi:waypoint x="232.0" y="325.0"/>
         </bpmndi:BPMNEdge>
      </bpmndi:BPMNPlane>
   </bpmndi:BPMNDiagram>
</definitions>
