<?xml version="1.0" encoding="UTF-8"?>
<definitions id="definitions"
	xmlns="http://www.omg.org/spec/BPMN/20100524/MODEL" 
	xmlns:activiti="http://activiti.org/bpmn" 
	targetNamespace="Examples">

	<process id="exceptionInJobExecution" name="Timer (1 minute) with exception">

		<startEvent id="theStart" />

		<sequenceFlow id="flow1" sourceRef="theStart" targetRef="firstLineSupport" />

		<userTask id="firstLineSupport" name="First line support" activiti:assignee="kermit"/>

		<sequenceFlow id="flow2" sourceRef="firstLineSupport" targetRef="normalEnd" />

		<endEvent id="normalEnd" />

		<boundaryEvent id="escalationTimer" cancelActivity="true" attachedToRef="firstLineSupport">
			<timerEventDefinition>
				<timeDuration>PT1M</timeDuration>
			</timerEventDefinition>
		</boundaryEvent>

		<sequenceFlow id="flow3" sourceRef="escalationTimer" targetRef="theScriptTask" />

		<scriptTask id="theScriptTask" name="Execute script" scriptFormat="groovy">
	      <script>
	      	// Throw an exception in script task
	        throw new RuntimeException("This is an exception thrown from scriptTask")
	      </script>
	    </scriptTask>

		<sequenceFlow id="flow4" sourceRef="theScriptTask" targetRef="escalatedEnd" />

		<endEvent id="escalatedEnd" />

	</process>

</definitions>