<?xml version="1.0" encoding="UTF-8"?>
<definitions xmlns="http://www.omg.org/spec/BPMN/20100524/MODEL" xmlns:xsi="http://www.w3.org/2001/XMLSchema-instance" xmlns:xsd="http://www.w3.org/2001/XMLSchema" xmlns:activiti="http://activiti.org/bpmn" xmlns:bpmndi="http://www.omg.org/spec/BPMN/20100524/DI" xmlns:omgdc="http://www.omg.org/spec/DD/20100524/DC" xmlns:omgdi="http://www.omg.org/spec/DD/20100524/DI" typeLanguage="http://www.w3.org/2001/XMLSchema" expressionLanguage="http://www.w3.org/1999/XPath" targetNamespace="http://www.activiti.org/test">
  <process id="standard" name="Standard Workflow 7" isExecutable="true">
    <startEvent id="startevent1" name="Start"></startEvent>
    <userTask id="usertask1" name="Publish" activiti:assignee="${helpSeekerId}" activiti:category="DEFAULT"></userTask>
    <sequenceFlow id="flow24" sourceRef="startevent1" targetRef="usertask1"></sequenceFlow>
    <serviceTask id="servicetask8" name="Finish" activiti:expression="${finishServiceTask.execute(execution)}"></serviceTask>
    <subProcess id="subprocess1" name="Sub Process">
      <multiInstanceLoopCharacteristics isSequential="false" activiti:collection="volunteerIds" activiti:elementVariable="volunteerId"></multiInstanceLoopCharacteristics>
      <startEvent id="startevent2" name="Start"></startEvent>
      <userTask id="usertask8" name="Reserve" activiti:assignee="${volunteerId}" activiti:category="DEFAULT"></userTask>
      <sequenceFlow id="flow73" sourceRef="usertask8" targetRef="servicetask10"></sequenceFlow>
      <serviceTask id="servicetask10" name="Reserve" activiti:expression="${reserveServiceTask.execute(execution)}"></serviceTask>
      <serviceTask id="servicetask11" name="Unreserve" activiti:expression="${unreserveServiceTask.execute(execution)}"></serviceTask>
      <sequenceFlow id="flow72" sourceRef="servicetask11" targetRef="usertask8"></sequenceFlow>
      <userTask id="usertask7" name="Unreserve" activiti:assignee="${volunteerId}" activiti:category="DEFAULT"></userTask>
      <sequenceFlow id="flow74" sourceRef="usertask7" targetRef="servicetask11"></sequenceFlow>
      <sequenceFlow id="flow92" sourceRef="servicetask10" targetRef="usertask7"></sequenceFlow>
      <userTask id="usertask14" name="Assign" activiti:assignee="${helpSeekerId}" activiti:category="SPECIAL"></userTask>
      <serviceTask id="servicetask14" name="Assign" activiti:expression="${assignServiceTask.execute(execution)}"></serviceTask>
      <userTask id="usertask16" name="Unassign" activiti:assignee="${helpSeekerId}" activiti:category="SPECIAL"></userTask>
      <serviceTask id="servicetask15" name="Unassign" activiti:expression="${unassignServiceTask.execute(execution)}"></serviceTask>
      <sequenceFlow id="flow101" sourceRef="usertask14" targetRef="servicetask14"></sequenceFlow>
      <sequenceFlow id="flow102" sourceRef="servicetask14" targetRef="usertask16"></sequenceFlow>
      <sequenceFlow id="flow103" sourceRef="usertask16" targetRef="servicetask15"></sequenceFlow>
      <sequenceFlow id="flow104" sourceRef="servicetask15" targetRef="usertask14"></sequenceFlow>
      <parallelGateway id="parallelgateway2" name="Parallel Gateway"></parallelGateway>
      <sequenceFlow id="flow105" sourceRef="startevent2" targetRef="parallelgateway2"></sequenceFlow>
      <sequenceFlow id="flow106" sourceRef="parallelgateway2" targetRef="usertask8"></sequenceFlow>
      <sequenceFlow id="flow107" sourceRef="parallelgateway2" targetRef="usertask14"></sequenceFlow>
      <userTask id="usertask17" name="User Task"></userTask>
    </subProcess>
    <parallelGateway id="parallelgateway1" name="Parallel Gateway"></parallelGateway>
    <sequenceFlow id="flow81" sourceRef="parallelgateway1" targetRef="subprocess1"></sequenceFlow>
    <userTask id="usertask9" name="Start" activiti:assignee="${helpSeekerId}" activiti:category="DEFAULT"></userTask>
    <userTask id="usertask10" name="Finish" activiti:assignee="${helpSeekerId}" activiti:category="DEFAULT"></userTask>
    <sequenceFlow id="flow89" sourceRef="usertask10" targetRef="servicetask8"></sequenceFlow>
    <endEvent id="terminateendevent1" name="TerminateEndEvent">
      <terminateEventDefinition></terminateEventDefinition>
    </endEvent>
    <sequenceFlow id="flow91" sourceRef="servicetask8" targetRef="terminateendevent1"></sequenceFlow>
    <sequenceFlow id="flow99" sourceRef="parallelgateway1" targetRef="usertask9"></sequenceFlow>
    <serviceTask id="servicetask16" name="Start" activiti:expression="${startServiceTask.execute(execution)}"></serviceTask>
    <sequenceFlow id="flow108" sourceRef="usertask9" targetRef="servicetask16"></sequenceFlow>
    <sequenceFlow id="flow109" sourceRef="servicetask16" targetRef="usertask10"></sequenceFlow>
    <serviceTask id="usertask99" name="Publish" activiti:expression="${publishServiceTask.execute(execution)}"></serviceTask>
    <sequenceFlow id="flow110" sourceRef="usertask1" targetRef="usertask99"></sequenceFlow>
    <sequenceFlow id="flow111" sourceRef="usertask99" targetRef="parallelgateway1"></sequenceFlow>
  </process>
  <bpmndi:BPMNDiagram id="BPMNDiagram_standard">
    <bpmndi:BPMNPlane bpmnElement="standard" id="BPMNPlane_standard">
      <bpmndi:BPMNShape bpmnElement="startevent1" id="BPMNShape_startevent1">
        <omgdc:Bounds height="35.0" width="35.0" x="186.0" y="190.0"></omgdc:Bounds>
      </bpmndi:BPMNShape>
      <bpmndi:BPMNShape bpmnElement="usertask1" id="BPMNShape_usertask1">
        <omgdc:Bounds height="55.0" width="105.0" x="260.0" y="180.0"></omgdc:Bounds>
      </bpmndi:BPMNShape>
      <bpmndi:BPMNShape bpmnElement="servicetask8" id="BPMNShape_servicetask8">
        <omgdc:Bounds height="55.0" width="105.0" x="1430.0" y="180.0"></omgdc:Bounds>
      </bpmndi:BPMNShape>
      <bpmndi:BPMNShape bpmnElement="subprocess1" id="BPMNShape_subprocess1">
        <omgdc:Bounds height="521.0" width="547.0" x="446.0" y="290.0"></omgdc:Bounds>
      </bpmndi:BPMNShape>
      <bpmndi:BPMNShape bpmnElement="startevent2" id="BPMNShape_startevent2">
        <omgdc:Bounds height="35.0" width="35.0" x="466.0" y="513.0"></omgdc:Bounds>
      </bpmndi:BPMNShape>
      <bpmndi:BPMNShape bpmnElement="usertask8" id="BPMNShape_usertask8">
        <omgdc:Bounds height="55.0" width="105.0" x="644.0" y="387.0"></omgdc:Bounds>
      </bpmndi:BPMNShape>
      <bpmndi:BPMNShape bpmnElement="servicetask10" id="BPMNShape_servicetask10">
        <omgdc:Bounds height="55.0" width="105.0" x="854.0" y="387.0"></omgdc:Bounds>
      </bpmndi:BPMNShape>
      <bpmndi:BPMNShape bpmnElement="servicetask11" id="BPMNShape_servicetask11">
        <omgdc:Bounds height="55.0" width="105.0" x="644.0" y="494.0"></omgdc:Bounds>
      </bpmndi:BPMNShape>
      <bpmndi:BPMNShape bpmnElement="usertask7" id="BPMNShape_usertask7">
        <omgdc:Bounds height="55.0" width="105.0" x="854.0" y="494.0"></omgdc:Bounds>
      </bpmndi:BPMNShape>
      <bpmndi:BPMNShape bpmnElement="usertask14" id="BPMNShape_usertask14">
        <omgdc:Bounds height="55.0" width="105.0" x="644.0" y="622.0"></omgdc:Bounds>
      </bpmndi:BPMNShape>
      <bpmndi:BPMNShape bpmnElement="servicetask14" id="BPMNShape_servicetask14">
        <omgdc:Bounds height="55.0" width="105.0" x="854.0" y="622.0"></omgdc:Bounds>
      </bpmndi:BPMNShape>
      <bpmndi:BPMNShape bpmnElement="usertask16" id="BPMNShape_usertask16">
        <omgdc:Bounds height="55.0" width="105.0" x="854.0" y="722.0"></omgdc:Bounds>
      </bpmndi:BPMNShape>
      <bpmndi:BPMNShape bpmnElement="servicetask15" id="BPMNShape_servicetask15">
        <omgdc:Bounds height="55.0" width="105.0" x="644.0" y="722.0"></omgdc:Bounds>
      </bpmndi:BPMNShape>
      <bpmndi:BPMNShape bpmnElement="parallelgateway2" id="BPMNShape_parallelgateway2">
        <omgdc:Bounds height="40.0" width="40.0" x="536.0" y="510.0"></omgdc:Bounds>
      </bpmndi:BPMNShape>
      <bpmndi:BPMNShape bpmnElement="usertask17" id="BPMNShape_usertask17">
        <omgdc:Bounds height="55.0" width="105.0" x="1004.0" y="494.0"></omgdc:Bounds>
      </bpmndi:BPMNShape>
      <bpmndi:BPMNShape bpmnElement="parallelgateway1" id="BPMNShape_parallelgateway1">
        <omgdc:Bounds height="40.0" width="40.0" x="700.0" y="190.0"></omgdc:Bounds>
      </bpmndi:BPMNShape>
      <bpmndi:BPMNShape bpmnElement="usertask9" id="BPMNShape_usertask9">
        <omgdc:Bounds height="55.0" width="105.0" x="877.0" y="180.0"></omgdc:Bounds>
      </bpmndi:BPMNShape>
      <bpmndi:BPMNShape bpmnElement="usertask10" id="BPMNShape_usertask10">
        <omgdc:Bounds height="55.0" width="105.0" x="1252.0" y="180.0"></omgdc:Bounds>
      </bpmndi:BPMNShape>
      <bpmndi:BPMNShape bpmnElement="terminateendevent1" id="BPMNShape_terminateendevent1">
        <omgdc:Bounds height="35.0" width="35.0" x="1601.0" y="193.0"></omgdc:Bounds>
      </bpmndi:BPMNShape>
      <bpmndi:BPMNShape bpmnElement="servicetask16" id="BPMNShape_servicetask16">
        <omgdc:Bounds height="55.0" width="105.0" x="1061.0" y="180.0"></omgdc:Bounds>
      </bpmndi:BPMNShape>
      <bpmndi:BPMNShape bpmnElement="usertask99" id="BPMNShape_usertask99">
        <omgdc:Bounds height="55.0" width="105.0" x="480.0" y="180.0"></omgdc:Bounds>
      </bpmndi:BPMNShape>
      <bpmndi:BPMNEdge bpmnElement="flow24" id="BPMNEdge_flow24">
        <omgdi:waypoint x="221.0" y="207.0"></omgdi:waypoint>
        <omgdi:waypoint x="260.0" y="207.0"></omgdi:waypoint>
      </bpmndi:BPMNEdge>
      <bpmndi:BPMNEdge bpmnElement="flow73" id="BPMNEdge_flow73">
        <omgdi:waypoint x="749.0" y="414.0"></omgdi:waypoint>
        <omgdi:waypoint x="854.0" y="414.0"></omgdi:waypoint>
      </bpmndi:BPMNEdge>
      <bpmndi:BPMNEdge bpmnElement="flow72" id="BPMNEdge_flow72">
        <omgdi:waypoint x="696.0" y="494.0"></omgdi:waypoint>
        <omgdi:waypoint x="696.0" y="442.0"></omgdi:waypoint>
      </bpmndi:BPMNEdge>
      <bpmndi:BPMNEdge bpmnElement="flow74" id="BPMNEdge_flow74">
        <omgdi:waypoint x="854.0" y="521.0"></omgdi:waypoint>
        <omgdi:waypoint x="749.0" y="521.0"></omgdi:waypoint>
      </bpmndi:BPMNEdge>
      <bpmndi:BPMNEdge bpmnElement="flow92" id="BPMNEdge_flow92">
        <omgdi:waypoint x="906.0" y="442.0"></omgdi:waypoint>
        <omgdi:waypoint x="906.0" y="494.0"></omgdi:waypoint>
      </bpmndi:BPMNEdge>
      <bpmndi:BPMNEdge bpmnElement="flow101" id="BPMNEdge_flow101">
        <omgdi:waypoint x="749.0" y="649.0"></omgdi:waypoint>
        <omgdi:waypoint x="854.0" y="649.0"></omgdi:waypoint>
      </bpmndi:BPMNEdge>
      <bpmndi:BPMNEdge bpmnElement="flow102" id="BPMNEdge_flow102">
        <omgdi:waypoint x="906.0" y="677.0"></omgdi:waypoint>
        <omgdi:waypoint x="906.0" y="722.0"></omgdi:waypoint>
      </bpmndi:BPMNEdge>
      <bpmndi:BPMNEdge bpmnElement="flow103" id="BPMNEdge_flow103">
        <omgdi:waypoint x="854.0" y="749.0"></omgdi:waypoint>
        <omgdi:waypoint x="749.0" y="749.0"></omgdi:waypoint>
      </bpmndi:BPMNEdge>
      <bpmndi:BPMNEdge bpmnElement="flow104" id="BPMNEdge_flow104">
        <omgdi:waypoint x="696.0" y="722.0"></omgdi:waypoint>
        <omgdi:waypoint x="696.0" y="677.0"></omgdi:waypoint>
      </bpmndi:BPMNEdge>
      <bpmndi:BPMNEdge bpmnElement="flow105" id="BPMNEdge_flow105">
        <omgdi:waypoint x="501.0" y="530.0"></omgdi:waypoint>
        <omgdi:waypoint x="536.0" y="530.0"></omgdi:waypoint>
      </bpmndi:BPMNEdge>
      <bpmndi:BPMNEdge bpmnElement="flow106" id="BPMNEdge_flow106">
        <omgdi:waypoint x="556.0" y="510.0"></omgdi:waypoint>
        <omgdi:waypoint x="696.0" y="442.0"></omgdi:waypoint>
      </bpmndi:BPMNEdge>
      <bpmndi:BPMNEdge bpmnElement="flow107" id="BPMNEdge_flow107">
        <omgdi:waypoint x="556.0" y="550.0"></omgdi:waypoint>
        <omgdi:waypoint x="696.0" y="622.0"></omgdi:waypoint>
      </bpmndi:BPMNEdge>
      <bpmndi:BPMNEdge bpmnElement="flow81" id="BPMNEdge_flow81">
        <omgdi:waypoint x="720.0" y="230.0"></omgdi:waypoint>
        <omgdi:waypoint x="719.0" y="290.0"></omgdi:waypoint>
      </bpmndi:BPMNEdge>
      <bpmndi:BPMNEdge bpmnElement="flow89" id="BPMNEdge_flow89">
        <omgdi:waypoint x="1357.0" y="207.0"></omgdi:waypoint>
        <omgdi:waypoint x="1430.0" y="207.0"></omgdi:waypoint>
      </bpmndi:BPMNEdge>
      <bpmndi:BPMNEdge bpmnElement="flow91" id="BPMNEdge_flow91">
        <omgdi:waypoint x="1535.0" y="207.0"></omgdi:waypoint>
        <omgdi:waypoint x="1601.0" y="210.0"></omgdi:waypoint>
      </bpmndi:BPMNEdge>
      <bpmndi:BPMNEdge bpmnElement="flow99" id="BPMNEdge_flow99">
        <omgdi:waypoint x="740.0" y="210.0"></omgdi:waypoint>
        <omgdi:waypoint x="877.0" y="207.0"></omgdi:waypoint>
      </bpmndi:BPMNEdge>
      <bpmndi:BPMNEdge bpmnElement="flow108" id="BPMNEdge_flow108">
        <omgdi:waypoint x="982.0" y="207.0"></omgdi:waypoint>
        <omgdi:waypoint x="1061.0" y="207.0"></omgdi:waypoint>
      </bpmndi:BPMNEdge>
      <bpmndi:BPMNEdge bpmnElement="flow109" id="BPMNEdge_flow109">
        <omgdi:waypoint x="1166.0" y="207.0"></omgdi:waypoint>
        <omgdi:waypoint x="1252.0" y="207.0"></omgdi:waypoint>
      </bpmndi:BPMNEdge>
      <bpmndi:BPMNEdge bpmnElement="flow110" id="BPMNEdge_flow110">
        <omgdi:waypoint x="365.0" y="207.0"></omgdi:waypoint>
        <omgdi:waypoint x="480.0" y="207.0"></omgdi:waypoint>
      </bpmndi:BPMNEdge>
      <bpmndi:BPMNEdge bpmnElement="flow111" id="BPMNEdge_flow111">
        <omgdi:waypoint x="585.0" y="207.0"></omgdi:waypoint>
        <omgdi:waypoint x="700.0" y="210.0"></omgdi:waypoint>
      </bpmndi:BPMNEdge>
    </bpmndi:BPMNPlane>
  </bpmndi:BPMNDiagram>
</definitions>