<?xml version="1.0" encoding="UTF-8"?>

<definitions id="definitions"
             xmlns="http://www.omg.org/spec/BPMN/20100524/MODEL"
             xmlns:activiti="http://activiti.org/bpmn"
             targetNamespace="Examples" xmlns:xsi="http://www.w3.org/2001/XMLSchema-instance"
             xsi:schemaLocation="
             http://www.omg.org/spec/BPMN/20100524/MODEL http://local.openicf.forgerock.org/BPMN20.xsd">
    <process id="passwordChangeReminder" name="Password Change Reminder Process">
        <startEvent id="start" activiti:initiator="startUserId" />
        <sequenceFlow sourceRef="start" targetRef="sendFirstNotification"/>

        <scriptTask id="sendFirstNotification" name="Send First Notification" scriptFormat="groovy">
            <script>
                user = openidm.read(userId)
                lastPasswordChange = user.lastPasswordSet
                
                java.text.SimpleDateFormat formatUTC = new java.text.SimpleDateFormat("yyyy-MM-dd'T'HH:mm:ss.S'Z'");     
                formatUTC.setTimeZone(TimeZone.getTimeZone("UTC"));
                requestDate = formatUTC.format(new Date());
                
                def firstNotification = [
                "receiverId": user['_id'],
                "requesterId" : "",
                "requester" : "",
                "createDate" : requestDate,
                "notificationType" : "info",
                "notificationSubtype" : "",
                "message" : "Your password will expire soon, change it!"
                ];
                
                openidm.create("repo/ui/notification", null, firstNotification);
                
                if (new Boolean(emailEnabled)) {
                    emailParams = [
                        from : 'usecasetest@forgerock.com', 
                        to : user.mail, 
                        subject : 'Password expiry notification', 
                        type : 'text/plain', 
                        body : 'Your password will expire soon, change it!'
                    ]
                    openidm.action("external/email", 'sendEmail',  emailParams);
                }
                
                execution.setVariable("lastPasswordChange", lastPasswordChange);
                execution.setVariable("_id", user["_id"]);
                execution.setVariable("mail", user["mail"]);
            </script>
        </scriptTask>
        <sequenceFlow sourceRef="sendFirstNotification" targetRef="timer1"/>
        
        <intermediateCatchEvent id="timer1">
            <timerEventDefinition>
                <timeDuration>PT5M</timeDuration>
            </timerEventDefinition>
        </intermediateCatchEvent>
        <sequenceFlow sourceRef="timer1" targetRef="checkSecondNotification"></sequenceFlow>

        <scriptTask id="checkSecondNotification" name="Check Second Notification" scriptFormat="groovy">
            <script>
                user = openidm.read(userId)
                passwordChanged = (user.lastPasswordSet != lastPasswordChange)
                execution.setVariable("passwordChanged", passwordChanged)
            </script>
        </scriptTask>
        <sequenceFlow sourceRef="checkSecondNotification" targetRef="secondNotificationGateway"></sequenceFlow>
        
        <exclusiveGateway id="secondNotificationGateway" name="Second Notification"></exclusiveGateway>
        <sequenceFlow sourceRef="secondNotificationGateway" targetRef="end">
            <conditionExpression xsi:type="tFormalExpression"><![CDATA[ ${passwordChanged} ]]>
            </conditionExpression>
        </sequenceFlow>
        <sequenceFlow sourceRef="secondNotificationGateway" targetRef="sendSecondNotification">
            <conditionExpression xsi:type="tFormalExpression"><![CDATA[ ${!passwordChanged} ]]>
            </conditionExpression>
        </sequenceFlow>
        
        <scriptTask id="sendSecondNotification" name="Send Second Notification" scriptFormat="groovy">
            <script>       
                java.text.SimpleDateFormat formatUTC = new java.text.SimpleDateFormat("yyyy-MM-dd'T'HH:mm:ss.S'Z'");     
                formatUTC.setTimeZone(TimeZone.getTimeZone("UTC"));
                requestDate = formatUTC.format(new Date());
                
                def secondNotification = [
                "receiverId": _id,
                "requesterId" : "",
                "requester" : "",
                "createDate" : requestDate,
                "notificationType" : "info",
                "notificationSubtype" : "",
                "message" : "Your password will expire now, change it!"
                ];
                
                openidm.create("repo/ui/notification", null, secondNotification)
                
                if (new Boolean(emailEnabled)) {
                    emailParams = [
                        from : 'usecasetest@forgerock.com', 
                        to : mail, 
                        subject : 'Password expiry notification', 
                        type : 'text/plain', 
                        body : 'Your password will expire now, change it!'
                    ]
                    openidm.action("external/email", 'sendEmail',  emailParams);
                }
            </script>
        </scriptTask>
        <sequenceFlow sourceRef="sendSecondNotification" targetRef="timer2"></sequenceFlow>
        
        <intermediateCatchEvent id="timer2">
            <timerEventDefinition>
                <timeDuration>PT2M</timeDuration>
            </timerEventDefinition>
        </intermediateCatchEvent>
        <sequenceFlow sourceRef="timer2" targetRef="checkInactivate"></sequenceFlow>

        <scriptTask id="checkInactivate" name="Check Inactivation" scriptFormat="groovy">
            <script>
                user = openidm.read(userId)
                passwordChanged = (user.lastPasswordSet != lastPasswordChange)
                execution.setVariable("passwordChanged", passwordChanged)
            </script>
        </scriptTask>
        <sequenceFlow sourceRef="checkInactivate" targetRef="inactivateGateway"></sequenceFlow>
        
        <exclusiveGateway id="inactivateGateway" name="Inactivation"></exclusiveGateway>
        <sequenceFlow sourceRef="inactivateGateway" targetRef="end">
            <conditionExpression xsi:type="tFormalExpression"><![CDATA[ ${passwordChanged} ]]>
            </conditionExpression>
        </sequenceFlow>
        <sequenceFlow sourceRef="inactivateGateway" targetRef="inactivateAccount">
            <conditionExpression xsi:type="tFormalExpression"><![CDATA[ ${!passwordChanged} ]]>
            </conditionExpression>
        </sequenceFlow>
        
        <scriptTask id="inactivateAccount" name="Inactivate Account" scriptFormat="groovy">
            <script>
                params = [[operation: 'replace', field:'accountStatus',value:'inactive']]
                openidm.patch(userId, null, params)
                
                 if (new Boolean(emailEnabled)) {
                     emailParams = [
                         from : 'usecasetest@forgerock.com', 
                         to : mail, 
                         subject : 'Password expiry notification', 
                         type : 'text/plain', 
                         body : 'Your password is expired, your account has been inactivated. Please contact your administrator!'
                    ]
                    openidm.action("external/email", 'sendEmail',  emailParams);
                }
            </script>
        </scriptTask>
        <sequenceFlow sourceRef="inactivateAccount" targetRef="end"/>

        <endEvent id="end"/>

    </process>

</definitions>
