<?xml version="1.0" encoding="UTF-8"?>
<definitions xmlns="http://www.omg.org/spec/BPMN/20100524/MODEL" xmlns:xsi="http://www.w3.org/2001/XMLSchema-instance" xmlns:xsd="http://www.w3.org/2001/XMLSchema" xmlns:activiti="http://activiti.org/bpmn" xmlns:bpmndi="http://www.omg.org/spec/BPMN/20100524/DI" xmlns:omgdc="http://www.omg.org/spec/DD/20100524/DC" xmlns:omgdi="http://www.omg.org/spec/DD/20100524/DI" typeLanguage="http://www.w3.org/2001/XMLSchema" expressionLanguage="http://www.w3.org/1999/XPath" targetNamespace="http://www.activiti.org/test">
  <process id="cert-approval" name="Certificate Approval Process" isExecutable="true">
    <startEvent id="start-cert-approval" name="Start"></startEvent>
    <userTask id="tsk-usr-cert-approve" name="Approve Certificate" activiti:candidateGroups="${examApprovalGroup}"></userTask>
    <endEvent id="end-cert-approval" name="End"></endEvent>
    <sequenceFlow id="flow3" sourceRef="tsk-usr-cert-approve" targetRef="end-cert-approval"></sequenceFlow>
    <sequenceFlow id="flow4" sourceRef="start-cert-approval" targetRef="tsk-usr-cert-approve"></sequenceFlow>
  </process>
  <bpmndi:BPMNDiagram id="BPMNDiagram_cert-approval">
    <bpmndi:BPMNPlane bpmnElement="cert-approval" id="BPMNPlane_cert-approval">
      <bpmndi:BPMNShape bpmnElement="start-cert-approval" id="BPMNShape_start-cert-approval">
        <omgdc:Bounds height="35.0" width="35.0" x="100.0" y="90.0"></omgdc:Bounds>
      </bpmndi:BPMNShape>
      <bpmndi:BPMNShape bpmnElement="tsk-usr-cert-approve" id="BPMNShape_tsk-usr-cert-approve">
        <omgdc:Bounds height="55.0" width="105.0" x="190.0" y="80.0"></omgdc:Bounds>
      </bpmndi:BPMNShape>
      <bpmndi:BPMNShape bpmnElement="end-cert-approval" id="BPMNShape_end-cert-approval">
        <omgdc:Bounds height="35.0" width="35.0" x="350.0" y="90.0"></omgdc:Bounds>
      </bpmndi:BPMNShape>
      <bpmndi:BPMNEdge bpmnElement="flow3" id="BPMNEdge_flow3">
        <omgdi:waypoint x="295.0" y="107.0"></omgdi:waypoint>
        <omgdi:waypoint x="350.0" y="107.0"></omgdi:waypoint>
      </bpmndi:BPMNEdge>
      <bpmndi:BPMNEdge bpmnElement="flow4" id="BPMNEdge_flow4">
        <omgdi:waypoint x="135.0" y="107.0"></omgdi:waypoint>
        <omgdi:waypoint x="190.0" y="107.0"></omgdi:waypoint>
      </bpmndi:BPMNEdge>
    </bpmndi:BPMNPlane>
  </bpmndi:BPMNDiagram>
</definitions>