{
	"title" : "Minimal",
	"namespace":"http://b3mn.org/stencilset/bpmn2.0minimal#",
	"description":"A subset of JBPM BPMN2",
	"extends":"http://b3mn.org/stencilset/bpmn2.0#",
	"stencils":[],
	"properties":[],
	"rules": {
		"connectionRules": [],
        "cardinalityRules": [],
		"containmentRules": []
	},
	"removestencils": [
		"StartMessageEvent",
		"StartTimerEvent",
		"StartEscalationEvent",
		"StartConditionalEvent",
		"StartCompensationEvent",
		"StartErrorEvent",
		"StartConditionalEvent",
		"Group",
		"TextAnnotation",
		"IntermediateMessageEventCatching",
		"IntermediateEscalationEvent",
		"IntermediateConditionalEvent",
		"IntermediateErrorEvent",
		"DataObject",
		"EndMessageEvent",
		"EndEscalationEvent",
		"EndCompensationEvent",
		"EndCancelEvent",
		"EndSignalEvent",
		"EventbasedGateway",
		"Lane",
		"IntermediateEvent",
		"IntermediateEscalationEventThrowing",
		"IntermediateMessageEventThrowing",
		"IntermediateSignalEventThrowing",
		"AdHocSubprocess",
		"Association_Undirected",
		"Association_Unidirectional",
		"StartSignalEvent"
	],
	"removeproperties": []
}